municipio_id;ano_previsao;previsao_homicidios;margem_erro_k;previsao_min;previsao_max;correlacao_temporal_r;erro_padrao_se;fator_penalidade_fr;n_anos_dados
1;2022;2;5.819711987637161;0;8;0.4288030888200061;2.3278847950548647;2.5;6
1;2023;2;5.819711987637161;0;8;0.4288030888200061;2.3278847950548647;2.5;6
1;2024;2;5.819711987637161;0;7;0.4288030888200061;2.3278847950548647;2.5;6
1;2025;1;5.819711987637161;0;7;0.4288030888200061;2.3278847950548647;2.5;6
2;2022;0;0.0;0;0;;0.0;2.5;5
2;2023;0;0.0;0;0;;0.0;2.5;5
2;2024;0;0.0;0;0;;0.0;2.5;5
2;2025;0;0.0;0;0;;0.0;2.5;5
3;2022;3;6.743603671345962;0;10;-0.3649795766122574;2.697441468538385;2.5;6
3;2023;4;6.743603671345962;0;10;-0.3649795766122574;2.697441468538385;2.5;6
3;2024;4;6.743603671345962;0;10;-0.3649795766122574;2.697441468538385;2.5;6
3;2025;4;6.743603671345962;0;10;-0.3649795766122574;2.697441468538385;2.5;6
4;2022;0;0.0;0;0;;0.0;2.5;6
4;2023;0;0.0;0;0;;0.0;2.5;6
4;2024;0;0.0;0;0;;0.0;2.5;6
4;2025;0;0.0;0;0;;0.0;2.5;6
5;2022;1;2.3421601750764798;0;3;-0.5345224838248488;1.1710800875382399;2.0;6
5;2023;1;2.3421601750764798;0;3;-0.5345224838248488;1.1710800875382399;2.0;6
5;2024;1;2.3421601750764798;0;3;-0.5345224838248488;1.1710800875382399;2.0;6
5;2025;0;2.3421601750764798;0;3;-0.5345224838248488;1.1710800875382399;2.0;6
6;2022;2;3.4086724129853456;0;6;-0.6334588790451464;1.7043362064926728;2.0;6
6;2023;3;3.4086724129853456;0;6;-0.6334588790451464;1.7043362064926728;2.0;6
6;2024;3;3.4086724129853456;0;7;-0.6334588790451464;1.7043362064926728;2.0;6
6;2025;4;3.4086724129853456;0;7;-0.6334588790451464;1.7043362064926728;2.0;6
7;2022;0;1.0493762319542388;0;1;-0.19999999999999998;0.4197504927816955;2.5;6
7;2023;0;1.0493762319542388;0;1;-0.19999999999999998;0.4197504927816955;2.5;6
7;2024;0;1.0493762319542388;0;1;-0.19999999999999998;0.4197504927816955;2.5;6
7;2025;0;1.0493762319542388;0;1;-0.19999999999999998;0.4197504927816955;2.5;6
8;2022;1;1.3575187449376658;0;2;-0.8215838362577493;0.9050124966251105;1.5;6
8;2023;1;1.3575187449376658;0;2;-0.8215838362577493;0.9050124966251105;1.5;6
8;2024;1;1.3575187449376658;0;2;-0.8215838362577493;0.9050124966251105;1.5;6
8;2025;1;1.3575187449376658;0;2;-0.8215838362577493;0.9050124966251105;1.5;6
9;2022;2;5.968668193156736;0;8;-0.21516574145596765;2.3874672772626946;2.5;5
9;2023;2;5.968668193156736;0;8;-0.21516574145596765;2.3874672772626946;2.5;5
9;2024;3;5.968668193156736;0;9;-0.21516574145596765;2.3874672772626946;2.5;5
9;2025;3;5.968668193156736;0;9;-0.21516574145596765;2.3874672772626946;2.5;5
10;2022;2;4.667516929344167;0;7;0.13488539609929065;1.8670067717376668;2.5;6
10;2023;2;4.667516929344167;0;7;0.13488539609929065;1.8670067717376668;2.5;6
10;2024;2;4.667516929344167;0;7;0.13488539609929065;1.8670067717376668;2.5;6
10;2025;2;4.667516929344167;0;6;0.13488539609929065;1.8670067717376668;2.5;6
11;2022;2;4.215193606805864;0;6;0.4869258405481767;1.6860774427223457;2.5;6
11;2023;2;4.215193606805864;0;6;0.4869258405481767;1.6860774427223457;2.5;6
11;2024;3;4.215193606805864;0;7;0.4869258405481767;1.6860774427223457;2.5;6
11;2025;3;4.215193606805864;0;7;0.4869258405481767;1.6860774427223457;2.5;6
12;2022;1;2.886751345948129;0;4;0.33259505261886957;1.1547005383792517;2.5;6
12;2023;1;2.886751345948129;0;4;0.33259505261886957;1.1547005383792517;2.5;6
12;2024;1;2.886751345948129;0;4;0.33259505261886957;1.1547005383792517;2.5;6
12;2025;1;2.886751345948129;0;4;0.33259505261886957;1.1547005383792517;2.5;6
13;2022;3;5.739897958276669;0;8;-0.3954907459543875;2.2959591833106674;2.5;6
13;2023;2;5.739897958276669;0;8;-0.3954907459543875;2.2959591833106674;2.5;6
13;2024;1;5.739897958276669;0;7;-0.3954907459543875;2.2959591833106674;2.5;6
13;2025;1;5.739897958276669;0;7;-0.3954907459543875;2.2959591833106674;2.5;6
14;2022;1;1.966989481173638;0;3;0.1084652289093281;0.7867957924694552;2.5;6
14;2023;1;1.966989481173638;0;3;0.1084652289093281;0.7867957924694552;2.5;6
14;2024;1;1.966989481173638;0;3;0.1084652289093281;0.7867957924694552;2.5;6
14;2025;1;1.966989481173638;0;3;0.1084652289093281;0.7867957924694552;2.5;6
15;2022;0;0.0;0;0;;0.0;2.5;6
15;2023;0;0.0;0;0;;0.0;2.5;6
15;2024;0;0.0;0;0;;0.0;2.5;6
15;2025;0;0.0;0;0;;0.0;2.5;6
16;2022;0;0.8625819491779771;0;1;;0.34503277967119084;2.5;6
16;2023;0;0.8625819491779771;0;1;;0.34503277967119084;2.5;6
16;2024;1;0.8625819491779771;0;1;;0.34503277967119084;2.5;6
16;2025;1;0.8625819491779771;0;2;;0.34503277967119084;2.5;6
17;2022;62;52.93133467499323;9;115;-0.046046161478138795;21.17253386999729;2.5;6
17;2023;45;52.93133467499323;0;98;-0.046046161478138795;21.17253386999729;2.5;6
17;2024;27;52.93133467499323;0;80;-0.046046161478138795;21.17253386999729;2.5;6
17;2025;9;52.93133467499323;0;62;-0.046046161478138795;21.17253386999729;2.5;6
18;2022;6;12.650287028552432;0;18;-0.2657961681961468;5.060114811420973;2.5;6
18;2023;4;12.650287028552432;0;17;-0.2657961681961468;5.060114811420973;2.5;6
18;2024;3;12.650287028552432;0;16;-0.2657961681961468;5.060114811420973;2.5;6
18;2025;2;12.650287028552432;0;14;-0.2657961681961468;5.060114811420973;2.5;6
19;2022;4;4.564354645876384;0;9;-0.47259167996124773;1.8257418583505538;2.5;6
19;2023;3;4.564354645876384;0;8;-0.47259167996124773;1.8257418583505538;2.5;6
19;2024;2;4.564354645876384;0;7;-0.47259167996124773;1.8257418583505538;2.5;6
19;2025;1;4.564354645876384;0;6;-0.47259167996124773;1.8257418583505538;2.5;6
20;2022;1;1.118033988749879;0;2;0.3535533905932737;0.4472135954999516;2.5;6
20;2023;1;1.118033988749879;0;2;0.3535533905932737;0.4472135954999516;2.5;6
20;2024;1;1.118033988749879;0;2;0.3535533905932737;0.4472135954999516;2.5;6
20;2025;1;1.118033988749879;0;2;0.3535533905932737;0.4472135954999516;2.5;6
21;2022;1;2.2625312415627765;0;3;-0.3872983346207417;0.9050124966251106;2.5;6
21;2023;1;2.2625312415627765;0;3;-0.3872983346207417;0.9050124966251106;2.5;6
21;2024;1;2.2625312415627765;0;3;-0.3872983346207417;0.9050124966251106;2.5;6
21;2025;1;2.2625312415627765;0;3;-0.3872983346207417;0.9050124966251106;2.5;6
22;2022;0;0.8625819491779771;0;1;;0.34503277967119084;2.5;6
22;2023;0;0.8625819491779771;0;1;;0.34503277967119084;2.5;6
22;2024;1;0.8625819491779771;0;1;;0.34503277967119084;2.5;6
22;2025;1;0.8625819491779771;0;2;;0.34503277967119084;2.5;6
23;2022;2;5.855400437691194;0;8;0.433317485437329;2.3421601750764776;2.5;6
23;2023;2;5.855400437691194;0;8;0.433317485437329;2.3421601750764776;2.5;6
23;2024;2;5.855400437691194;0;8;0.433317485437329;2.3421601750764776;2.5;6
23;2025;2;5.855400437691194;0;8;0.433317485437329;2.3421601750764776;2.5;6
24;2022;2;3.779644730092272;0;6;-0.1777046633277277;1.5118578920369088;2.5;6
24;2023;2;3.779644730092272;0;6;-0.1777046633277277;1.5118578920369088;2.5;6
24;2024;2;3.779644730092272;0;6;-0.1777046633277277;1.5118578920369088;2.5;6
24;2025;2;3.779644730092272;0;6;-0.1777046633277277;1.5118578920369088;2.5;6
25;2022;0;1.4433756729740645;0;2;0.06691496051182057;0.5773502691896258;2.5;6
25;2023;0;1.4433756729740645;0;2;0.06691496051182057;0.5773502691896258;2.5;6
25;2024;0;1.4433756729740645;0;2;0.06691496051182057;0.5773502691896258;2.5;6
25;2025;0;1.4433756729740645;0;2;0.06691496051182057;0.5773502691896258;2.5;6
26;2022;0;0.0;0;0;;0.0;2.5;6
26;2023;0;0.0;0;0;;0.0;2.5;6
26;2024;0;0.0;0;0;;0.0;2.5;6
26;2025;0;0.0;0;0;;0.0;2.5;6
27;2022;1;2.098752463908477;0;3;0.32539568672798425;0.8395009855633908;2.5;6
27;2023;0;2.098752463908477;0;3;0.32539568672798425;0.8395009855633908;2.5;6
27;2024;0;2.098752463908477;0;2;0.32539568672798425;0.8395009855633908;2.5;6
27;2025;0;2.098752463908477;0;2;0.32539568672798425;0.8395009855633908;2.5;6
28;2022;3;20.67679283411135;0;24;-0.17028768553331292;8.27071713364454;2.5;6
28;2023;1;20.67679283411135;0;22;-0.17028768553331292;8.27071713364454;2.5;6
28;2024;0;20.67679283411135;0;21;-0.17028768553331292;8.27071713364454;2.5;6
28;2025;0;20.67679283411135;0;19;-0.17028768553331292;8.27071713364454;2.5;6
29;2022;1;3.332380816287698;0;4;0.5698028822981897;1.666190408143849;2.0;6
29;2023;0;3.332380816287698;0;4;0.5698028822981897;1.666190408143849;2.0;6
29;2024;0;3.332380816287698;0;3;0.5698028822981897;1.666190408143849;2.0;6
29;2025;0;3.332380816287698;0;3;0.5698028822981897;1.666190408143849;2.0;6
30;2022;0;0.0;0;0;;0.0;2.5;6
30;2023;0;0.0;0;0;;0.0;2.5;6
30;2024;0;0.0;0;0;;0.0;2.5;6
30;2025;0;0.0;0;0;;0.0;2.5;6
31;2022;0;1.0510765456244895;0;1;-0.6139406135149205;0.5255382728122447;2.0;6
31;2023;1;1.0510765456244895;0;2;-0.6139406135149205;0.5255382728122447;2.0;6
31;2024;1;1.0510765456244895;0;2;-0.6139406135149205;0.5255382728122447;2.0;6
31;2025;1;1.0510765456244895;0;2;-0.6139406135149205;0.5255382728122447;2.0;6
32;2022;0;2.2160131510697556;0;3;-0.1587768372074889;0.8864052604279022;2.5;6
32;2023;0;2.2160131510697556;0;3;-0.1587768372074889;0.8864052604279022;2.5;6
32;2024;0;2.2160131510697556;0;2;-0.1587768372074889;0.8864052604279022;2.5;6
32;2025;0;2.2160131510697556;0;2;-0.1587768372074889;0.8864052604279022;2.5;6
33;2022;43;71.98544826494401;0;115;0.161877834322841;28.794179305977607;2.5;6
33;2023;34;71.98544826494401;0;106;0.161877834322841;28.794179305977607;2.5;6
33;2024;24;71.98544826494401;0;96;0.161877834322841;28.794179305977607;2.5;6
33;2025;15;71.98544826494401;0;87;0.161877834322841;28.794179305977607;2.5;6
34;2022;1;7.228571937267638;0;9;-0.4434220266088698;2.8914287749070553;2.5;5
34;2024;1;7.228571937267638;0;8;-0.4434220266088698;2.8914287749070553;2.5;5
34;2025;0;7.228571937267638;0;7;-0.4434220266088698;2.8914287749070553;2.5;5
35;2022;0;1.1312656207813883;0;1;;0.4525062483125553;2.5;6
35;2023;0;1.1312656207813883;0;1;;0.4525062483125553;2.5;6
35;2024;0;1.1312656207813883;0;1;;0.4525062483125553;2.5;6
35;2025;0;1.1312656207813883;0;1;;0.4525062483125553;2.5;6
36;2022;8;9.898292301008034;0;18;0.4056537266095449;3.9593169204032135;2.5;6
36;2023;10;9.898292301008034;0;19;0.4056537266095449;3.9593169204032135;2.5;6
36;2024;11;9.898292301008034;1;21;0.4056537266095449;3.9593169204032135;2.5;6
36;2025;13;9.898292301008034;3;22;0.4056537266095449;3.9593169204032135;2.5;6
37;2022;0;0.0;0;0;;0.0;2.5;5
37;2023;0;0.0;0;0;;0.0;2.5;5
37;2024;0;0.0;0;0;;0.0;2.5;5
37;2025;0;0.0;0;0;;0.0;2.5;5
38;2022;1;7.2210011177714595;0;8;-0.1840053408220959;2.888400447108584;2.5;6
38;2023;1;7.2210011177714595;0;8;-0.1840053408220959;2.888400447108584;2.5;6
38;2024;0;7.2210011177714595;0;8;-0.1840053408220959;2.888400447108584;2.5;6
38;2025;0;7.2210011177714595;0;7;-0.1840053408220959;2.888400447108584;2.5;6
39;2022;6;7.559289460184511;0;14;0.11162794286977144;3.0237157840738043;2.5;6
39;2023;5;7.559289460184511;0;13;0.11162794286977144;3.0237157840738043;2.5;6
39;2024;5;7.559289460184511;0;12;0.11162794286977144;3.0237157840738043;2.5;6
39;2025;4;7.559289460184511;0;12;0.11162794286977144;3.0237157840738043;2.5;6
40;2022;1;4.811939515908518;0;6;-0.25946325003864634;1.9247758063634073;2.5;6
40;2023;2;4.811939515908518;0;6;-0.25946325003864634;1.9247758063634073;2.5;6
40;2024;2;4.811939515908518;0;7;-0.25946325003864634;1.9247758063634073;2.5;6
40;2025;2;4.811939515908518;0;7;-0.25946325003864634;1.9247758063634073;2.5;6
41;2022;16;14.129503074873258;2;30;-0.31812170008940355;5.651801229949303;2.5;6
41;2023;13;14.129503074873258;0;27;-0.31812170008940355;5.651801229949303;2.5;6
41;2024;10;14.129503074873258;0;24;-0.31812170008940355;5.651801229949303;2.5;6
41;2025;7;14.129503074873258;0;22;-0.31812170008940355;5.651801229949303;2.5;6
42;2022;4;4.525062483125573;0;8;0.29815591911699374;1.810024993250229;2.5;6
42;2023;4;4.525062483125573;0;8;0.29815591911699374;1.810024993250229;2.5;6
42;2024;4;4.525062483125573;0;8;0.29815591911699374;1.810024993250229;2.5;6
42;2025;4;4.525062483125573;0;9;0.29815591911699374;1.810024993250229;2.5;6
43;2022;0;2.2625312415627765;0;3;-0.39999999999999997;0.9050124966251106;2.5;6
43;2023;0;2.2625312415627765;0;3;-0.39999999999999997;0.9050124966251106;2.5;6
43;2024;0;2.2625312415627765;0;2;-0.39999999999999997;0.9050124966251106;2.5;6
43;2025;0;2.2625312415627765;0;2;-0.39999999999999997;0.9050124966251106;2.5;6
44;2022;0;0.0;0;0;;0.0;2.5;6
44;2023;0;0.0;0;0;;0.0;2.5;6
44;2024;0;0.0;0;0;;0.0;2.5;6
44;2025;0;0.0;0;0;;0.0;2.5;6
46;2022;0;1.4121075097341715;0;2;0.0;0.5648430038936686;2.5;6
46;2023;0;1.4121075097341715;0;2;0.0;0.5648430038936686;2.5;6
46;2024;0;1.4121075097341715;0;2;0.0;0.5648430038936686;2.5;6
46;2025;1;1.4121075097341715;0;2;0.0;0.5648430038936686;2.5;6
47;2022;2;3.8768236876033773;0;6;-0.49509244319450907;1.550729475041351;2.5;6
47;2023;2;3.8768236876033773;0;6;-0.49509244319450907;1.550729475041351;2.5;6
47;2024;3;3.8768236876033773;0;7;-0.49509244319450907;1.550729475041351;2.5;6
47;2025;3;3.8768236876033773;0;7;-0.49509244319450907;1.550729475041351;2.5;6
48;2022;0;2.2625312415627765;0;3;;0.9050124966251106;2.5;6
48;2023;0;2.2625312415627765;0;3;;0.9050124966251106;2.5;6
48;2024;0;2.2625312415627765;0;2;;0.9050124966251106;2.5;6
48;2025;0;2.2625312415627765;0;2;;0.9050124966251106;2.5;6
49;2022;1;4.0348186954016;0;5;-0.16116459280507606;1.6139274781606399;2.5;6
49;2023;0;4.0348186954016;0;4;-0.16116459280507606;1.6139274781606399;2.5;6
49;2024;0;4.0348186954016;0;4;-0.16116459280507606;1.6139274781606399;2.5;6
49;2025;0;4.0348186954016;0;4;-0.16116459280507606;1.6139274781606399;2.5;6
50;2022;3;5.776800894217143;0;8;0.5152715863428796;2.8884004471085714;2.0;6
50;2023;2;5.776800894217143;0;7;0.5152715863428796;2.8884004471085714;2.0;6
50;2024;1;5.776800894217143;0;6;0.5152715863428796;2.8884004471085714;2.0;6
50;2025;0;5.776800894217143;0;6;0.5152715863428796;2.8884004471085714;2.0;6
51;2022;1;2.9277002188456027;0;4;-0.42640143271122083;1.171080087538241;2.5;6
51;2023;1;2.9277002188456027;0;4;-0.42640143271122083;1.171080087538241;2.5;6
51;2024;1;2.9277002188456027;0;4;-0.42640143271122083;1.171080087538241;2.5;6
51;2025;1;2.9277002188456027;0;4;-0.42640143271122083;1.171080087538241;2.5;6
52;2022;1;2.0987524639084776;0;3;0.0337099931231621;0.839500985563391;2.5;6
52;2023;1;2.0987524639084776;0;3;0.0337099931231621;0.839500985563391;2.5;6
52;2024;1;2.0987524639084776;0;3;0.0337099931231621;0.839500985563391;2.5;6
52;2025;1;2.0987524639084776;0;3;0.0337099931231621;0.839500985563391;2.5;6
53;2022;0;0.678759372468833;0;1;0.8257228238447705;0.4525062483125553;1.5;6
53;2023;0;0.678759372468833;0;1;0.8257228238447705;0.4525062483125553;1.5;6
53;2024;0;0.678759372468833;0;1;0.8257228238447705;0.4525062483125553;1.5;6
53;2025;0;0.678759372468833;0;1;0.8257228238447705;0.4525062483125553;1.5;6
54;2022;15;12.196310917650376;3;27;0.47632027840883173;4.87852436706015;2.5;6
54;2023;16;12.196310917650376;4;29;0.47632027840883173;4.87852436706015;2.5;6
54;2024;18;12.196310917650376;6;30;0.47632027840883173;4.87852436706015;2.5;6
54;2025;20;12.196310917650376;7;32;0.47632027840883173;4.87852436706015;2.5;6
55;2022;0;2.0987524639084776;0;2;-0.4731602234073838;0.839500985563391;2.5;6
55;2023;0;2.0987524639084776;0;2;-0.4731602234073838;0.839500985563391;2.5;6
55;2024;0;2.0987524639084776;0;2;-0.4731602234073838;0.839500985563391;2.5;6
55;2025;0;2.0987524639084776;0;2;-0.4731602234073838;0.839500985563391;2.5;6
56;2022;2;3.0956959368344554;0;5;0.08780924895144132;1.2382783747337822;2.5;6
56;2023;2;3.0956959368344554;0;5;0.08780924895144132;1.2382783747337822;2.5;6
56;2024;2;3.0956959368344554;0;5;0.08780924895144132;1.2382783747337822;2.5;6
56;2025;3;3.0956959368344554;0;6;0.08780924895144132;1.2382783747337822;2.5;6
57;2022;0;0.9128709291752639;0;1;-0.33218191941496;0.36514837167010555;2.5;6
57;2023;0;0.9128709291752639;0;1;-0.33218191941496;0.36514837167010555;2.5;6
57;2024;0;0.9128709291752639;0;1;-0.33218191941496;0.36514837167010555;2.5;6
57;2025;0;0.9128709291752639;0;0;-0.33218191941496;0.36514837167010555;2.5;6
58;2022;16;15.752928677066702;0;32;-0.4195284048328047;6.301171470826681;2.5;6
58;2023;14;15.752928677066702;0;30;-0.4195284048328047;6.301171470826681;2.5;6
58;2024;12;15.752928677066702;0;28;-0.4195284048328047;6.301171470826681;2.5;6
58;2025;10;15.752928677066702;0;25;-0.4195284048328047;6.301171470826681;2.5;6
59;2022;5;18.754364571378666;0;23;-0.3233498390453731;7.501745828551466;2.5;6
59;2023;1;18.754364571378666;0;20;-0.3233498390453731;7.501745828551466;2.5;6
59;2024;0;18.754364571378666;0;17;-0.3233498390453731;7.501745828551466;2.5;6
59;2025;0;18.754364571378666;0;14;-0.3233498390453731;7.501745828551466;2.5;6
60;2022;0;1.1312656207813883;0;1;-0.4;0.4525062483125553;2.5;6
60;2023;0;1.1312656207813883;0;1;-0.4;0.4525062483125553;2.5;6
60;2024;0;1.1312656207813883;0;1;-0.4;0.4525062483125553;2.5;6
60;2025;0;1.1312656207813883;0;1;-0.4;0.4525062483125553;2.5;6
61;2022;1;2.0987524639084776;0;3;-5.797950651443768e-18;0.839500985563391;2.5;6
61;2023;1;2.0987524639084776;0;3;-5.797950651443768e-18;0.839500985563391;2.5;6
61;2024;1;2.0987524639084776;0;3;-5.797950651443768e-18;0.839500985563391;2.5;6
61;2025;1;2.0987524639084776;0;3;-5.797950651443768e-18;0.839500985563391;2.5;6
62;2022;4;7.490072795119566;0;11;-0.08504865111251245;2.9960291180478267;2.5;6
62;2023;4;7.490072795119566;0;12;-0.08504865111251245;2.9960291180478267;2.5;6
62;2024;4;7.490072795119566;0;12;-0.08504865111251245;2.9960291180478267;2.5;6
62;2025;5;7.490072795119566;0;12;-0.08504865111251245;2.9960291180478267;2.5;6
63;2022;2;15.767092010773498;0;18;-0.06788442333021305;6.306836804309399;2.5;6
63;2023;1;15.767092010773498;0;17;-0.06788442333021305;6.306836804309399;2.5;6
63;2024;0;15.767092010773498;0;16;-0.06788442333021305;6.306836804309399;2.5;6
63;2025;0;15.767092010773498;0;15;-0.06788442333021305;6.306836804309399;2.5;6
64;2022;0;1.3024701806293228;0;2;-0.12838814775327387;0.5209880722517292;2.5;6
64;2023;0;1.3024701806293228;0;1;-0.12838814775327387;0.5209880722517292;2.5;6
64;2024;0;1.3024701806293228;0;1;-0.12838814775327387;0.5209880722517292;2.5;6
64;2025;0;1.3024701806293228;0;1;-0.12838814775327387;0.5209880722517292;2.5;6
65;2022;0;0.9050124966251106;0;1;0.6324555320336759;0.4525062483125553;2.0;6
65;2023;0;0.9050124966251106;0;1;0.6324555320336759;0.4525062483125553;2.0;6
65;2024;0;0.9050124966251106;0;1;0.6324555320336759;0.4525062483125553;2.0;6
65;2025;0;0.9050124966251106;0;1;0.6324555320336759;0.4525062483125553;2.0;6
66;2022;1;2.644626177562224;0;4;0.18569533817705186;1.0578504710248897;2.5;6
66;2023;1;2.644626177562224;0;4;0.18569533817705186;1.0578504710248897;2.5;6
66;2024;1;2.644626177562224;0;4;0.18569533817705186;1.0578504710248897;2.5;6
66;2025;1;2.644626177562224;0;4;0.18569533817705186;1.0578504710248897;2.5;6
67;2022;0;0.0;0;0;;0.0;2.5;6
67;2023;0;0.0;0;0;;0.0;2.5;6
67;2024;0;0.0;0;0;;0.0;2.5;6
67;2025;0;0.0;0;0;;0.0;2.5;6
68;2022;1;1.9023794624227492;0;3;0.547114989312058;0.9511897312113746;2.0;6
68;2023;1;1.9023794624227492;0;3;0.547114989312058;0.9511897312113746;2.0;6
68;2024;2;1.9023794624227492;0;4;0.547114989312058;0.9511897312113746;2.0;6
68;2025;2;1.9023794624227492;0;4;0.547114989312058;0.9511897312113746;2.0;6
69;2022;1;1.4121075097341629;0;3;-0.41079191812887467;0.5648430038936652;2.5;6
69;2023;1;1.4121075097341629;0;3;-0.41079191812887467;0.5648430038936652;2.5;6
69;2024;1;1.4121075097341629;0;2;-0.41079191812887467;0.5648430038936652;2.5;6
69;2025;0;1.4121075097341629;0;2;-0.41079191812887467;0.5648430038936652;2.5;6
70;2022;0;0.9926531923891334;0;1;;0.39706127695565335;2.5;5
70;2024;0;0.9926531923891334;0;1;;0.39706127695565335;2.5;5
70;2025;0;0.9926531923891334;0;1;;0.39706127695565335;2.5;5
71;2022;45;39.00930902331044;6;84;0.24793969847998357;15.603723609324177;2.5;6
71;2023;39;39.00930902331044;0;78;0.24793969847998357;15.603723609324177;2.5;6
71;2024;33;39.00930902331044;0;72;0.24793969847998357;15.603723609324177;2.5;6
71;2025;26;39.00930902331044;0;65;0.24793969847998357;15.603723609324177;2.5;6
72;2022;5;0.8111071056537205;4;6;;0.3244428422614882;2.5;3
72;2024;3;0.8111071056537205;2;4;;0.3244428422614882;2.5;3
72;2025;2;0.8111071056537205;2;3;;0.3244428422614882;2.5;3
73;2022;0;2.216013151069836;0;3;-0.4285714285714286;0.8864052604279343;2.5;6
73;2023;0;2.216013151069836;0;3;-0.4285714285714286;0.8864052604279343;2.5;6
73;2024;0;2.216013151069836;0;2;-0.4285714285714286;0.8864052604279343;2.5;6
73;2025;0;2.216013151069836;0;2;-0.4285714285714286;0.8864052604279343;2.5;6
74;2022;2;3.8498608509176724;0;5;0.41502867831964474;1.539944340367069;2.5;6
74;2023;2;3.8498608509176724;0;5;0.41502867831964474;1.539944340367069;2.5;6
74;2024;2;3.8498608509176724;0;5;0.41502867831964474;1.539944340367069;2.5;6
74;2025;2;3.8498608509176724;0;5;0.41502867831964474;1.539944340367069;2.5;6
75;2022;0;0.0;0;0;;0.0;2.5;6
75;2023;0;0.0;0;0;;0.0;2.5;6
75;2024;0;0.0;0;0;;0.0;2.5;6
75;2025;0;0.0;0;0;;0.0;2.5;6
76;2022;0;0.0;0;0;;0.0;2.5;6
76;2023;0;0.0;0;0;;0.0;2.5;6
76;2024;0;0.0;0;0;;0.0;2.5;6
76;2025;0;0.0;0;0;;0.0;2.5;6
77;2022;9;13.965305650244893;0;23;0.19995490600663562;5.586122260097957;2.5;6
77;2023;9;13.965305650244893;0;23;0.19995490600663562;5.586122260097957;2.5;6
77;2024;8;13.965305650244893;0;22;0.19995490600663562;5.586122260097957;2.5;6
77;2025;7;13.965305650244893;0;21;0.19995490600663562;5.586122260097957;2.5;6
78;2022;4;5.558134322131508;0;9;-0.32018030041612655;2.2232537288526033;2.5;6
78;2023;4;5.558134322131508;0;10;-0.32018030041612655;2.2232537288526033;2.5;6
78;2024;4;5.558134322131508;0;10;-0.32018030041612655;2.2232537288526033;2.5;6
78;2025;5;5.558134322131508;0;10;-0.32018030041612655;2.2232537288526033;2.5;6
79;2022;1;4.338092624535378;0;6;-0.500918049613234;2.169046312267689;2.0;6
79;2023;0;4.338092624535378;0;5;-0.500918049613234;2.169046312267689;2.0;6
79;2024;0;4.338092624535378;0;4;-0.500918049613234;2.169046312267689;2.0;6
79;2025;0;4.338092624535378;0;3;-0.500918049613234;2.169046312267689;2.0;6
80;2022;12;10.347359911729036;2;23;-0.7811759566969223;6.898239941152691;1.5;6
80;2023;10;10.347359911729036;0;20;-0.7811759566969223;6.898239941152691;1.5;6
80;2024;8;10.347359911729036;0;18;-0.7811759566969223;6.898239941152691;1.5;6
80;2025;6;10.347359911729036;0;16;-0.7811759566969223;6.898239941152691;1.5;6
81;2022;1;1.4638501094227996;0;2;0.0422200330920749;0.5855400437691198;2.5;6
81;2023;0;1.4638501094227996;0;2;0.0422200330920749;0.5855400437691198;2.5;6
81;2024;0;1.4638501094227996;0;1;0.0422200330920749;0.5855400437691198;2.5;6
81;2025;0;1.4638501094227996;0;1;0.0422200330920749;0.5855400437691198;2.5;6
82;2022;4;4.042629978473995;0;8;-0.5693040864574422;2.0213149892369975;2.0;6
82;2023;4;4.042629978473995;0;8;-0.5693040864574422;2.0213149892369975;2.0;6
82;2024;4;4.042629978473995;0;8;-0.5693040864574422;2.0213149892369975;2.0;6
82;2025;4;4.042629978473995;0;8;-0.5693040864574422;2.0213149892369975;2.0;6
83;2022;1;0.87831006565368;0;1;-0.7276068751089989;0.5855400437691199;1.5;6
83;2023;1;0.87831006565368;0;2;-0.7276068751089989;0.5855400437691199;1.5;6
83;2024;1;0.87831006565368;0;2;-0.7276068751089989;0.5855400437691199;1.5;6
83;2025;1;0.87831006565368;0;2;-0.7276068751089989;0.5855400437691199;1.5;6
84;2022;1;6.3339598687588525;0;8;-0.30714755841697555;2.533583947503541;2.5;6
84;2023;1;6.3339598687588525;0;7;-0.30714755841697555;2.533583947503541;2.5;6
84;2024;0;6.3339598687588525;0;6;-0.30714755841697555;2.533583947503541;2.5;6
84;2025;0;6.3339598687588525;0;5;-0.30714755841697555;2.533583947503541;2.5;6
85;2022;5;5.255382728122482;0;10;0.21875000000000003;2.1021530912489927;2.5;6
85;2023;5;5.255382728122482;0;10;0.21875000000000003;2.1021530912489927;2.5;6
85;2024;4;5.255382728122482;0;9;0.21875000000000003;2.1021530912489927;2.5;6
85;2025;4;5.255382728122482;0;9;0.21875000000000003;2.1021530912489927;2.5;6
86;2022;0;0.7883074092183673;0;1;0.7071067811865474;0.5255382728122449;1.5;6
86;2023;0;0.7883074092183673;0;1;0.7071067811865474;0.5255382728122449;1.5;6
86;2024;0;0.7883074092183673;0;1;0.7071067811865474;0.5255382728122449;1.5;6
86;2025;0;0.7883074092183673;0;1;0.7071067811865474;0.5255382728122449;1.5;6
87;2022;3;2.9780946289610415;0;6;-0.1589043632462974;1.1912378515844166;2.5;6
87;2023;2;2.9780946289610415;0;5;-0.1589043632462974;1.1912378515844166;2.5;6
87;2024;1;2.9780946289610415;0;4;-0.1589043632462974;1.1912378515844166;2.5;6
87;2025;0;2.9780946289610415;0;2;-0.1589043632462974;1.1912378515844166;2.5;6
88;2022;0;0.839500985563391;0;1;0.6000000000000001;0.4197504927816955;2.0;6
88;2023;0;0.839500985563391;0;1;0.6000000000000001;0.4197504927816955;2.0;6
88;2024;0;0.839500985563391;0;1;0.6000000000000001;0.4197504927816955;2.0;6
88;2025;0;0.839500985563391;0;1;0.6000000000000001;0.4197504927816955;2.0;6
89;2022;9;47.85155617711329;0;57;0.8;31.901037451408857;1.5;6
89;2023;3;47.85155617711329;0;51;0.8;31.901037451408857;1.5;6
89;2024;0;47.85155617711329;0;44;0.8;31.901037451408857;1.5;6
89;2025;0;47.85155617711329;0;38;0.8;31.901037451408857;1.5;6
90;2022;0;0.0;0;0;;0.0;2.5;5
90;2023;0;0.0;0;0;;0.0;2.5;5
90;2024;0;0.0;0;0;;0.0;2.5;5
90;2025;0;0.0;0;0;;0.0;2.5;5
91;2022;68;33.06289100948067;35;101;-0.16460897391991378;13.225156403792269;2.5;6
91;2023;62;33.06289100948067;28;95;-0.16460897391991378;13.225156403792269;2.5;6
91;2024;55;33.06289100948067;22;88;-0.16460897391991378;13.225156403792269;2.5;6
91;2025;49;33.06289100948067;16;82;-0.16460897391991378;13.225156403792269;2.5;6
92;2022;1;4.455467481217934;0;6;-0.2549249642552304;1.7821869924871734;2.5;6
92;2023;1;4.455467481217934;0;5;-0.2549249642552304;1.7821869924871734;2.5;6
92;2024;0;4.455467481217934;0;5;-0.2549249642552304;1.7821869924871734;2.5;6
92;2025;0;4.455467481217934;0;4;-0.2549249642552304;1.7821869924871734;2.5;6
93;2022;0;0.7319250547113998;0;1;2.482534153247273e-17;0.2927700218845599;2.5;6
93;2023;0;0.7319250547113998;0;1;2.482534153247273e-17;0.2927700218845599;2.5;6
93;2024;0;0.7319250547113998;0;1;2.482534153247273e-17;0.2927700218845599;2.5;6
93;2025;0;0.7319250547113998;0;0;2.482534153247273e-17;0.2927700218845599;2.5;6
94;2022;0;0.0;0;0;;0.0;2.5;6
94;2023;0;0.0;0;0;;0.0;2.5;6
94;2024;0;0.0;0;0;;0.0;2.5;6
94;2025;0;0.0;0;0;;0.0;2.5;6
96;2022;5;9.609952678145211;0;15;0.3218099498704421;3.8439810712580846;2.5;6
96;2023;5;9.609952678145211;0;14;0.3218099498704421;3.8439810712580846;2.5;6
96;2024;4;9.609952678145211;0;14;0.3218099498704421;3.8439810712580846;2.5;6
96;2025;4;9.609952678145211;0;14;0.3218099498704421;3.8439810712580846;2.5;6
97;2022;0;1.0493762319542388;0;1;0.44721359549995787;0.4197504927816955;2.5;6
97;2023;0;1.0493762319542388;0;1;0.44721359549995787;0.4197504927816955;2.5;6
97;2024;0;1.0493762319542388;0;1;0.44721359549995787;0.4197504927816955;2.5;6
97;2025;0;1.0493762319542388;0;1;0.44721359549995787;0.4197504927816955;2.5;6
98;2022;9;9.311091696005775;0;18;-0.3613628280369124;3.7244366784023097;2.5;6
98;2023;8;9.311091696005775;0;17;-0.3613628280369124;3.7244366784023097;2.5;6
98;2024;7;9.311091696005775;0;16;-0.3613628280369124;3.7244366784023097;2.5;6
98;2025;5;9.311091696005775;0;15;-0.3613628280369124;3.7244366784023097;2.5;6
99;2022;1;4.918986539057468;0;6;-0.420855687503186;1.9675946156229873;2.5;6
99;2023;0;4.918986539057468;0;5;-0.420855687503186;1.9675946156229873;2.5;6
99;2024;0;4.918986539057468;0;4;-0.420855687503186;1.9675946156229873;2.5;6
99;2025;0;4.918986539057468;0;4;-0.420855687503186;1.9675946156229873;2.5;6
100;2022;3;4.771567577102676;0;8;0.30894470796436296;1.9086270308410702;2.5;6
100;2023;3;4.771567577102676;0;8;0.30894470796436296;1.9086270308410702;2.5;6
100;2024;4;4.771567577102676;0;8;0.30894470796436296;1.9086270308410702;2.5;6
100;2025;4;4.771567577102676;0;9;0.30894470796436296;1.9086270308410702;2.5;6
101;2022;10;15.399443403670713;0;25;0.42000777799383376;6.159777361468285;2.5;6
101;2023;10;15.399443403670713;0;26;0.42000777799383376;6.159777361468285;2.5;6
101;2024;10;15.399443403670713;0;26;0.42000777799383376;6.159777361468285;2.5;6
101;2025;10;15.399443403670713;0;26;0.42000777799383376;6.159777361468285;2.5;6
102;2022;5;5.601020315213042;0;11;-0.8195144253494892;3.734013543475361;1.5;6
102;2023;6;5.601020315213042;0;11;-0.8195144253494892;3.734013543475361;1.5;6
102;2024;7;5.601020315213042;1;12;-0.8195144253494892;3.734013543475361;1.5;6
102;2025;8;5.601020315213042;2;13;-0.8195144253494892;3.734013543475361;1.5;6
103;2022;4;7.129749878736085;0;11;-0.38757283642598;2.851899951494434;2.5;6
103;2023;3;7.129749878736085;0;10;-0.38757283642598;2.851899951494434;2.5;6
103;2024;1;7.129749878736085;0;8;-0.38757283642598;2.851899951494434;2.5;6
103;2025;0;7.129749878736085;0;7;-0.38757283642598;2.851899951494434;2.5;6
104;2022;1;2.216013151069836;0;3;-0.16334469601584609;0.8864052604279343;2.5;6
104;2023;1;2.216013151069836;0;3;-0.16334469601584609;0.8864052604279343;2.5;6
104;2024;1;2.216013151069836;0;3;-0.16334469601584609;0.8864052604279343;2.5;6
104;2025;1;2.216013151069836;0;3;-0.16334469601584609;0.8864052604279343;2.5;6
105;2022;0;1.0493762319542388;0;1;0.2696799449852968;0.4197504927816955;2.5;6
105;2023;0;1.0493762319542388;0;1;0.2696799449852968;0.4197504927816955;2.5;6
105;2024;0;1.0493762319542388;0;1;0.2696799449852968;0.4197504927816955;2.5;6
105;2025;0;1.0493762319542388;0;1;0.2696799449852968;0.4197504927816955;2.5;6
106;2022;4;5.956189257922424;0;10;-0.32750901535746796;2.3824757031689696;2.5;6
106;2023;4;5.956189257922424;0;10;-0.32750901535746796;2.3824757031689696;2.5;6
106;2024;4;5.956189257922424;0;10;-0.32750901535746796;2.3824757031689696;2.5;6
106;2025;4;5.956189257922424;0;10;-0.32750901535746796;2.3824757031689696;2.5;6
107;2022;2;6.324555320336759;0;8;-0.6500836066631537;3.1622776601683795;2.0;6
107;2023;1;6.324555320336759;0;7;-0.6500836066631537;3.1622776601683795;2.0;6
107;2024;0;6.324555320336759;0;6;-0.6500836066631537;3.1622776601683795;2.0;6
107;2025;0;6.324555320336759;0;5;-0.6500836066631537;3.1622776601683795;2.0;6
108;2022;1;4.034818695401556;0;5;0.2279211529192759;1.6139274781606225;2.5;6
108;2023;1;4.034818695401556;0;5;0.2279211529192759;1.6139274781606225;2.5;6
108;2024;0;4.034818695401556;0;4;0.2279211529192759;1.6139274781606225;2.5;6
108;2025;0;4.034818695401556;0;4;0.2279211529192759;1.6139274781606225;2.5;6
109;2022;0;0.8625819491779084;0;1;-0.31622776601683794;0.34503277967116336;2.5;6
109;2023;0;0.8625819491779084;0;1;-0.31622776601683794;0.34503277967116336;2.5;6
109;2024;0;0.8625819491779084;0;1;-0.31622776601683794;0.34503277967116336;2.5;6
109;2025;0;0.8625819491779084;0;1;-0.31622776601683794;0.34503277967116336;2.5;6
110;2022;1;2.5669334402788406;0;3;;1.0267733761115363;2.5;5
110;2023;1;2.5669334402788406;0;3;;1.0267733761115363;2.5;5
110;2024;0;2.5669334402788406;0;3;;1.0267733761115363;2.5;5
110;2025;0;2.5669334402788406;0;3;;1.0267733761115363;2.5;5
111;2022;0;1.1312656207813883;0;1;0.0;0.4525062483125553;2.5;6
111;2023;0;1.1312656207813883;0;1;0.0;0.4525062483125553;2.5;6
111;2024;0;1.1312656207813883;0;1;0.0;0.4525062483125553;2.5;6
111;2025;0;1.1312656207813883;0;1;0.0;0.4525062483125553;2.5;6
112;2022;0;1.0493762319542388;0;1;-0.19999999999999998;0.4197504927816955;2.5;6
112;2023;0;1.0493762319542388;0;1;-0.19999999999999998;0.4197504927816955;2.5;6
112;2024;0;1.0493762319542388;0;1;-0.19999999999999998;0.4197504927816955;2.5;6
112;2025;0;1.0493762319542388;0;2;-0.19999999999999998;0.4197504927816955;2.5;6
113;2022;0;0.0;0;0;;0.0;2.5;6
113;2023;0;0.0;0;0;;0.0;2.5;6
113;2024;0;0.0;0;0;;0.0;2.5;6
113;2025;0;0.0;0;0;;0.0;2.5;6
114;2022;0;2.0916500663351805;0;2;-0.21821789023599236;0.8366600265340722;2.5;6
114;2023;0;2.0916500663351805;0;2;-0.21821789023599236;0.8366600265340722;2.5;6
114;2024;0;2.0916500663351805;0;2;-0.21821789023599236;0.8366600265340722;2.5;6
114;2025;0;2.0916500663351805;0;2;-0.21821789023599236;0.8366600265340722;2.5;6
115;2022;1;2.1157009420498243;0;3;-0.6889283267815868;1.0578504710249121;2.0;6
115;2023;1;2.1157009420498243;0;3;-0.6889283267815868;1.0578504710249121;2.0;6
115;2024;2;2.1157009420498243;0;4;-0.6889283267815868;1.0578504710249121;2.0;6
115;2025;2;2.1157009420498243;0;4;-0.6889283267815868;1.0578504710249121;2.0;6
116;2022;1;1.5553287816560326;0;2;0.5809475019311127;0.7776643908280163;2.0;6
116;2023;0;1.5553287816560326;0;2;0.5809475019311127;0.7776643908280163;2.0;6
116;2024;0;1.5553287816560326;0;2;0.5809475019311127;0.7776643908280163;2.0;6
116;2025;0;1.5553287816560326;0;1;0.5809475019311127;0.7776643908280163;2.0;6
117;2022;9;10.335330068219237;0;20;0.6748892349459992;5.167665034109619;2.0;6
117;2023;6;10.335330068219237;0;16;0.6748892349459992;5.167665034109619;2.0;6
117;2024;3;10.335330068219237;0;13;0.6748892349459992;5.167665034109619;2.0;6
117;2025;0;10.335330068219237;0;10;0.6748892349459992;5.167665034109619;2.0;6
118;2022;1;2.672612419124177;0;4;0.22222222222222218;1.069044967649671;2.5;6
118;2023;1;2.672612419124177;0;3;0.22222222222222218;1.069044967649671;2.5;6
118;2024;0;2.672612419124177;0;3;0.22222222222222218;1.069044967649671;2.5;6
118;2025;0;2.672612419124177;0;3;0.22222222222222218;1.069044967649671;2.5;6
119;2022;1;5.700877125495671;0;7;0.3735436838188142;2.2803508501982686;2.5;6
119;2023;1;5.700877125495671;0;7;0.3735436838188142;2.2803508501982686;2.5;6
119;2024;1;5.700877125495671;0;7;0.3735436838188142;2.2803508501982686;2.5;6
119;2025;1;5.700877125495671;0;7;0.3735436838188142;2.2803508501982686;2.5;6
120;2022;0;0.0;0;0;;0.0;2.5;6
120;2023;0;0.0;0;0;;0.0;2.5;6
120;2024;0;0.0;0;0;;0.0;2.5;6
120;2025;0;0.0;0;0;;0.0;2.5;6
121;2022;0;1.3363062095621219;0;2;0.4472135954999579;0.5345224838248488;2.5;6
121;2023;0;1.3363062095621219;0;2;0.4472135954999579;0.5345224838248488;2.5;6
121;2024;0;1.3363062095621219;0;1;0.4472135954999579;0.5345224838248488;2.5;6
121;2025;0;1.3363062095621219;0;1;0.4472135954999579;0.5345224838248488;2.5;6
122;2022;1;3.3850160019316498;0;5;-0.49392669859628474;1.35400640077266;2.5;6
122;2023;1;3.3850160019316498;0;5;-0.49392669859628474;1.35400640077266;2.5;6
122;2024;1;3.3850160019316498;0;5;-0.49392669859628474;1.35400640077266;2.5;6
122;2025;1;3.3850160019316498;0;5;-0.49392669859628474;1.35400640077266;2.5;6
123;2022;1;3.3318449057828357;0;4;0.48564293117863205;1.3327379623131344;2.5;6
123;2023;0;3.3318449057828357;0;4;0.48564293117863205;1.3327379623131344;2.5;6
123;2024;0;3.3318449057828357;0;3;0.48564293117863205;1.3327379623131344;2.5;6
123;2025;0;3.3318449057828357;0;3;0.48564293117863205;1.3327379623131344;2.5;6
124;2022;0;1.0645812948447257;0;2;-0.9447549859466603;1.0645812948447257;1.0;6
124;2023;0;1.0645812948447257;0;1;-0.9447549859466603;1.0645812948447257;1.0;6
124;2024;0;1.0645812948447257;0;1;-0.9447549859466603;1.0645812948447257;1.0;6
124;2025;0;1.0645812948447257;0;0;-0.9447549859466603;1.0645812948447257;1.0;6
125;2022;1;2.64462617756228;0;3;-0.4152273992687;1.0578504710249121;2.5;6
125;2023;1;2.64462617756228;0;3;-0.4152273992687;1.0578504710249121;2.5;6
125;2024;0;2.64462617756228;0;3;-0.4152273992687;1.0578504710249121;2.5;6
125;2025;0;2.64462617756228;0;3;-0.4152273992687;1.0578504710249121;2.5;6
126;2022;1;4.0348186954016;0;5;-0.25482359571881275;1.6139274781606399;2.5;6
126;2023;0;4.0348186954016;0;4;-0.25482359571881275;1.6139274781606399;2.5;6
126;2024;0;4.0348186954016;0;4;-0.25482359571881275;1.6139274781606399;2.5;6
126;2025;0;4.0348186954016;0;4;-0.25482359571881275;1.6139274781606399;2.5;6
127;2022;1;2.824215019468312;0;4;-0.41055136354173927;1.1296860077873248;2.5;6
127;2023;2;2.824215019468312;0;4;-0.41055136354173927;1.1296860077873248;2.5;6
127;2024;2;2.824215019468312;0;4;-0.41055136354173927;1.1296860077873248;2.5;6
127;2025;2;2.824215019468312;0;5;-0.41055136354173927;1.1296860077873248;2.5;6
128;2022;0;2.333758464672081;0;3;0.46291004988627577;0.9335033858688323;2.5;6
128;2023;0;2.333758464672081;0;3;0.46291004988627577;0.9335033858688323;2.5;6
128;2024;0;2.333758464672081;0;3;0.46291004988627577;0.9335033858688323;2.5;6
128;2025;0;2.333758464672081;0;3;0.46291004988627577;0.9335033858688323;2.5;6
129;2022;13;7.04576874037584;6;20;0.3513753605379139;2.818307496150336;2.5;6
129;2023;13;7.04576874037584;6;20;0.3513753605379139;2.818307496150336;2.5;6
129;2024;13;7.04576874037584;6;20;0.3513753605379139;2.818307496150336;2.5;6
129;2025;12;7.04576874037584;5;19;0.3513753605379139;2.818307496150336;2.5;6
130;2022;3;20.70412312283961;0;23;-0.2118619743682337;8.281649249135844;2.5;6
130;2023;1;20.70412312283961;0;22;-0.2118619743682337;8.281649249135844;2.5;6
130;2024;0;20.70412312283961;0;20;-0.2118619743682337;8.281649249135844;2.5;6
130;2025;0;20.70412312283961;0;18;-0.2118619743682337;8.281649249135844;2.5;6
131;2022;0;1.7728105208558687;0;2;-0.6546536707079771;0.8864052604279343;2.0;6
131;2023;0;1.7728105208558687;0;2;-0.6546536707079771;0.8864052604279343;2.0;6
131;2024;0;1.7728105208558687;0;2;-0.6546536707079771;0.8864052604279343;2.0;6
131;2025;0;1.7728105208558687;0;2;-0.6546536707079771;0.8864052604279343;2.0;6
132;2022;1;2.2625312415627867;0;3;-0.2819629507400965;0.9050124966251146;2.5;6
132;2023;1;2.2625312415627867;0;3;-0.2819629507400965;0.9050124966251146;2.5;6
132;2024;1;2.2625312415627867;0;3;-0.2819629507400965;0.9050124966251146;2.5;6
132;2025;1;2.2625312415627867;0;3;-0.2819629507400965;0.9050124966251146;2.5;6
134;2022;0;0.8625819491779771;0;1;-0.19999999999999996;0.34503277967119084;2.5;6
134;2023;0;0.8625819491779771;0;1;-0.19999999999999996;0.34503277967119084;2.5;6
134;2024;1;0.8625819491779771;0;1;-0.19999999999999996;0.34503277967119084;2.5;6
134;2025;1;0.8625819491779771;0;2;-0.19999999999999996;0.34503277967119084;2.5;6
135;2022;0;1.0493762319542388;0;1;-0.29277002188455997;0.4197504927816955;2.5;6
135;2023;0;1.0493762319542388;0;1;-0.29277002188455997;0.4197504927816955;2.5;6
135;2024;0;1.0493762319542388;0;1;-0.29277002188455997;0.4197504927816955;2.5;6
135;2025;0;1.0493762319542388;0;2;-0.29277002188455997;0.4197504927816955;2.5;6
136;2022;11;8.893014915410584;2;20;0.5005294640026129;4.446507457705292;2.0;6
136;2023;13;8.893014915410584;4;22;0.5005294640026129;4.446507457705292;2.0;6
136;2024;14;8.893014915410584;6;23;0.5005294640026129;4.446507457705292;2.0;6
136;2025;16;8.893014915410584;7;25;0.5005294640026129;4.446507457705292;2.0;6
137;2022;1;4.472135954999575;0;6;0.4714045207910316;1.7888543819998302;2.5;6
137;2023;1;4.472135954999575;0;6;0.4714045207910316;1.7888543819998302;2.5;6
137;2024;1;4.472135954999575;0;5;0.4714045207910316;1.7888543819998302;2.5;6
137;2025;1;4.472135954999575;0;5;0.4714045207910316;1.7888543819998302;2.5;6
138;2022;0;1.4121075097341715;0;2;0.25;0.5648430038936686;2.5;6
138;2023;0;1.4121075097341715;0;2;0.25;0.5648430038936686;2.5;6
138;2024;0;1.4121075097341715;0;2;0.25;0.5648430038936686;2.5;6
138;2025;1;1.4121075097341715;0;2;0.25;0.5648430038936686;2.5;6
139;2022;1;2.033060090930239;0;3;0.594515160329885;1.0165300454651196;2.0;6
139;2023;1;2.033060090930239;0;3;0.594515160329885;1.0165300454651196;2.0;6
139;2024;2;2.033060090930239;0;4;0.594515160329885;1.0165300454651196;2.0;6
139;2025;2;2.033060090930239;0;4;0.594515160329885;1.0165300454651196;2.0;6
140;2022;0;1.4638501094227998;0;2;0.4472135954999579;0.5855400437691199;2.5;6
140;2023;0;1.4638501094227998;0;2;0.4472135954999579;0.5855400437691199;2.5;6
140;2024;0;1.4638501094227998;0;2;0.4472135954999579;0.5855400437691199;2.5;6
140;2025;0;1.4638501094227998;0;2;0.4472135954999579;0.5855400437691199;2.5;6
141;2022;1;6.030675552460737;0;8;-0.09243423333081696;2.4122702209842948;2.5;6
141;2023;1;6.030675552460737;0;7;-0.09243423333081696;2.4122702209842948;2.5;6
141;2024;1;6.030675552460737;0;7;-0.09243423333081696;2.4122702209842948;2.5;6
141;2025;0;6.030675552460737;0;6;-0.09243423333081696;2.4122702209842948;2.5;6
142;2022;11;8.639816466304579;2;19;0.889757670119234;5.759877644203052;1.5;6
142;2023;12;8.639816466304579;3;20;0.889757670119234;5.759877644203052;1.5;6
142;2024;13;8.639816466304579;4;21;0.889757670119234;5.759877644203052;1.5;6
142;2025;14;8.639816466304579;5;22;0.889757670119234;5.759877644203052;1.5;6
143;2022;3;3.4994897587260514;0;7;-0.8390643434121694;2.3329931724840343;1.5;6
143;2023;3;3.4994897587260514;0;7;-0.8390643434121694;2.3329931724840343;1.5;6
143;2024;3;3.4994897587260514;0;6;-0.8390643434121694;2.3329931724840343;1.5;6
143;2025;2;3.4994897587260514;0;6;-0.8390643434121694;2.3329931724840343;1.5;6
144;2022;0;0.0;0;0;;0.0;2.5;6
144;2023;0;0.0;0;0;;0.0;2.5;6
144;2024;0;0.0;0;0;;0.0;2.5;6
144;2025;0;0.0;0;0;;0.0;2.5;6
145;2022;0;2.0987524639084776;0;3;-0.316227766016838;0.839500985563391;2.5;6
145;2023;1;2.0987524639084776;0;3;-0.316227766016838;0.839500985563391;2.5;6
145;2024;1;2.0987524639084776;0;3;-0.316227766016838;0.839500985563391;2.5;6
145;2025;1;2.0987524639084776;0;3;-0.316227766016838;0.839500985563391;2.5;6
146;2022;0;0.0;0;0;;0.0;2.5;6
146;2023;0;0.0;0;0;;0.0;2.5;6
146;2024;0;0.0;0;0;;0.0;2.5;6
146;2025;0;0.0;0;0;;0.0;2.5;6
147;2022;1;2.67328048873076;0;4;0.8154355063002009;1.7821869924871734;1.5;6
147;2023;1;2.67328048873076;0;4;0.8154355063002009;1.7821869924871734;1.5;6
147;2024;1;2.67328048873076;0;4;0.8154355063002009;1.7821869924871734;1.5;6
147;2025;1;2.67328048873076;0;4;0.8154355063002009;1.7821869924871734;1.5;6
148;2022;1;1.555328781655996;0;2;-0.6573757351339167;0.777664390827998;2.0;6
148;2023;0;1.555328781655996;0;2;-0.6573757351339167;0.777664390827998;2.0;6
148;2024;0;1.555328781655996;0;2;-0.6573757351339167;0.777664390827998;2.0;6
148;2025;0;1.555328781655996;0;1;-0.6573757351339167;0.777664390827998;2.0;6
149;2022;7;6.607625464999835;0;14;-0.2773500981126146;2.643050185999934;2.5;6
149;2023;9;6.607625464999835;2;16;-0.2773500981126146;2.643050185999934;2.5;6
149;2024;11;6.607625464999835;5;18;-0.2773500981126146;2.643050185999934;2.5;6
149;2025;13;6.607625464999835;7;20;-0.2773500981126146;2.643050185999934;2.5;6
150;2022;8;7.594484213966865;0;15;0.5674711871717693;3.7972421069834326;2.0;6
150;2023;7;7.594484213966865;0;15;0.5674711871717693;3.7972421069834326;2.0;6
150;2024;7;7.594484213966865;0;14;0.5674711871717693;3.7972421069834326;2.0;6
150;2025;6;7.594484213966865;0;14;0.5674711871717693;3.7972421069834326;2.0;6
151;2022;2;4.765326151831904;0;7;0.2826334318595975;1.9061304607327618;2.5;6
151;2023;2;4.765326151831904;0;6;0.2826334318595975;1.9061304607327618;2.5;6
151;2024;1;4.765326151831904;0;6;0.2826334318595975;1.9061304607327618;2.5;6
151;2025;1;4.765326151831904;0;6;0.2826334318595975;1.9061304607327618;2.5;6
152;2022;1;5.908528944306928;0;7;-0.337099931231621;2.363411577722771;2.5;6
152;2023;1;5.908528944306928;0;7;-0.337099931231621;2.363411577722771;2.5;6
152;2024;0;5.908528944306928;0;6;-0.337099931231621;2.363411577722771;2.5;6
152;2025;0;5.908528944306928;0;6;-0.337099931231621;2.363411577722771;2.5;6
153;2022;0;1.4121075097341715;0;2;-0.342381191631163;0.5648430038936686;2.5;6
153;2023;0;1.4121075097341715;0;2;-0.342381191631163;0.5648430038936686;2.5;6
153;2024;0;1.4121075097341715;0;2;-0.342381191631163;0.5648430038936686;2.5;6
153;2025;1;1.4121075097341715;0;2;-0.342381191631163;0.5648430038936686;2.5;6
154;2022;1;0.87831006565368;0;1;-0.7071067811865474;0.5855400437691199;1.5;6
154;2023;1;0.87831006565368;0;2;-0.7071067811865474;0.5855400437691199;1.5;6
154;2024;1;0.87831006565368;0;2;-0.7071067811865474;0.5855400437691199;1.5;6
154;2025;1;0.87831006565368;0;2;-0.7071067811865474;0.5855400437691199;1.5;6
155;2022;0;0.839500985563391;0;1;0.6324555320336759;0.4197504927816955;2.0;6
155;2023;0;0.839500985563391;0;1;0.6324555320336759;0.4197504927816955;2.0;6
155;2024;0;0.839500985563391;0;1;0.6324555320336759;0.4197504927816955;2.0;6
155;2025;0;0.839500985563391;0;1;0.6324555320336759;0.4197504927816955;2.0;6
156;2022;0;0.0;0;0;;0.0;2.5;6
156;2023;0;0.0;0;0;;0.0;2.5;6
156;2024;0;0.0;0;0;;0.0;2.5;6
156;2025;0;0.0;0;0;;0.0;2.5;6
157;2022;0;1.0493762319542388;0;1;0.1084652289093281;0.4197504927816955;2.5;6
157;2023;0;1.0493762319542388;0;1;0.1084652289093281;0.4197504927816955;2.5;6
157;2024;0;1.0493762319542388;0;1;0.1084652289093281;0.4197504927816955;2.5;6
157;2025;0;1.0493762319542388;0;1;0.1084652289093281;0.4197504927816955;2.5;6
158;2022;27;14.281398157511164;13;41;-0.11256237871286087;5.712559263004466;2.5;6
158;2023;22;14.281398157511164;8;37;-0.11256237871286087;5.712559263004466;2.5;6
158;2024;18;14.281398157511164;3;32;-0.11256237871286087;5.712559263004466;2.5;6
158;2025;13;14.281398157511164;0;27;-0.11256237871286087;5.712559263004466;2.5;6
159;2022;1;2.5185029566901713;0;4;0.7520710469952334;1.679001971126781;1.5;6
159;2023;1;2.5185029566901713;0;4;0.7520710469952334;1.679001971126781;1.5;6
159;2024;1;2.5185029566901713;0;4;0.7520710469952334;1.679001971126781;1.5;6
159;2025;1;2.5185029566901713;0;4;0.7520710469952334;1.679001971126781;1.5;6
161;2022;0;0.0;0;0;;0.0;2.5;6
161;2023;0;0.0;0;0;;0.0;2.5;6
161;2024;0;0.0;0;0;;0.0;2.5;6
161;2025;0;0.0;0;0;;0.0;2.5;6
162;2022;0;0.0;0;0;;0.0;2.5;6
162;2023;0;0.0;0;0;;0.0;2.5;6
162;2024;0;0.0;0;0;;0.0;2.5;6
162;2025;0;0.0;0;0;;0.0;2.5;6
163;2022;0;1.9132993194255534;0;2;0.29277002188455997;0.7653197277702214;2.5;6
163;2023;0;1.9132993194255534;0;2;0.29277002188455997;0.7653197277702214;2.5;6
163;2024;0;1.9132993194255534;0;2;0.29277002188455997;0.7653197277702214;2.5;6
163;2025;0;1.9132993194255534;0;2;0.29277002188455997;0.7653197277702214;2.5;6
164;2022;2;1.3487207342691885;1;4;-0.9266964086291875;1.3487207342691885;1.0;6
164;2023;2;1.3487207342691885;0;3;-0.9266964086291875;1.3487207342691885;1.0;6
164;2024;1;1.3487207342691885;0;3;-0.9266964086291875;1.3487207342691885;1.0;6
164;2025;1;1.3487207342691885;0;2;-0.9266964086291875;1.3487207342691885;1.0;6
165;2022;0;3.1481286958627157;0;4;-0.20000000000000007;1.2592514783450863;2.5;6
165;2023;0;3.1481286958627157;0;3;-0.20000000000000007;1.2592514783450863;2.5;6
165;2024;0;3.1481286958627157;0;3;-0.20000000000000007;1.2592514783450863;2.5;6
165;2025;0;3.1481286958627157;0;3;-0.20000000000000007;1.2592514783450863;2.5;6
166;2022;3;4.236322529202407;0;7;-0.8106434833777775;2.824215019468271;1.5;6
166;2023;3;4.236322529202407;0;7;-0.8106434833777775;2.824215019468271;1.5;6
166;2024;4;4.236322529202407;0;8;-0.8106434833777775;2.824215019468271;1.5;6
166;2025;5;4.236322529202407;0;9;-0.8106434833777775;2.824215019468271;1.5;6
167;2022;5;7.19002284915903;0;12;0.0717999282320187;2.876009139663612;2.5;6
167;2023;6;7.19002284915903;0;13;0.0717999282320187;2.876009139663612;2.5;6
167;2024;6;7.19002284915903;0;14;0.0717999282320187;2.876009139663612;2.5;6
167;2025;7;7.19002284915903;0;14;0.0717999282320187;2.876009139663612;2.5;6
168;2022;2;2.429971585175808;0;4;0.5393598899705937;1.214985792587904;2.0;6
168;2023;1;2.429971585175808;0;4;0.5393598899705937;1.214985792587904;2.0;6
168;2024;1;2.429971585175808;0;3;0.5393598899705937;1.214985792587904;2.0;6
168;2025;1;2.429971585175808;0;3;0.5393598899705937;1.214985792587904;2.0;6
169;2022;2;3.51442605217277;0;6;0.19769384323743225;1.405770420869108;2.5;6
169;2023;3;3.51442605217277;0;6;0.19769384323743225;1.405770420869108;2.5;6
169;2024;4;3.51442605217277;0;7;0.19769384323743225;1.405770420869108;2.5;6
169;2025;4;3.51442605217277;1;8;0.19769384323743225;1.405770420869108;2.5;6
170;2022;28;18.61540580630277;9;46;0.6295959774973761;9.307702903151386;2.0;6
170;2023;28;18.61540580630277;10;47;0.6295959774973761;9.307702903151386;2.0;6
170;2024;29;18.61540580630277;10;47;0.6295959774973761;9.307702903151386;2.0;6
170;2025;29;18.61540580630277;10;48;0.6295959774973761;9.307702903151386;2.0;6
171;2022;4;3.7080992435478026;0;7;-0.31487014284359377;1.483239697419121;2.5;6
171;2023;4;3.7080992435478026;0;8;-0.31487014284359377;1.483239697419121;2.5;6
171;2024;4;3.7080992435478026;0;8;-0.31487014284359377;1.483239697419121;2.5;6
171;2025;4;3.7080992435478026;0;8;-0.31487014284359377;1.483239697419121;2.5;6
172;2022;5;5.178710999761194;0;10;0.5732115042211109;2.589355499880597;2.0;6
172;2023;5;5.178710999761194;0;10;0.5732115042211109;2.589355499880597;2.0;6
172;2024;5;5.178710999761194;0;10;0.5732115042211109;2.589355499880597;2.0;6
172;2025;5;5.178710999761194;0;10;0.5732115042211109;2.589355499880597;2.0;6
173;2022;15;13.663690152057335;1;29;-0.2138078387513202;5.465476060822934;2.5;6
173;2023;16;13.663690152057335;2;29;-0.2138078387513202;5.465476060822934;2.5;6
173;2024;17;13.663690152057335;3;30;-0.2138078387513202;5.465476060822934;2.5;6
173;2025;17;13.663690152057335;4;31;-0.2138078387513202;5.465476060822934;2.5;6
174;2022;16;37.27432091936806;0;53;-0.09223636219720664;14.909728367747224;2.5;6
174;2023;13;37.27432091936806;0;50;-0.09223636219720664;14.909728367747224;2.5;6
174;2024;9;37.27432091936806;0;46;-0.09223636219720664;14.909728367747224;2.5;6
174;2025;5;37.27432091936806;0;43;-0.09223636219720664;14.909728367747224;2.5;6
175;2023;0;1.4708710135362968;0;1;;0.5883484054145187;2.5;3
175;2024;0;1.4708710135362968;0;1;;0.5883484054145187;2.5;3
176;2022;0;1.4433756729740643;0;2;-0.09712858623572639;0.5773502691896257;2.5;6
176;2023;0;1.4433756729740643;0;2;-0.09712858623572639;0.5773502691896257;2.5;6
176;2024;0;1.4433756729740643;0;2;-0.09712858623572639;0.5773502691896257;2.5;6
176;2025;0;1.4433756729740643;0;2;-0.09712858623572639;0.5773502691896257;2.5;6
177;2022;1;1.5905225257008901;0;3;0.07317421420371174;0.636209010280356;2.5;6
177;2023;1;1.5905225257008901;0;2;0.07317421420371174;0.636209010280356;2.5;6
177;2024;0;1.5905225257008901;0;2;0.07317421420371174;0.636209010280356;2.5;6
177;2025;0;1.5905225257008901;0;1;0.07317421420371174;0.636209010280356;2.5;6
178;2022;0;0.0;0;0;;0.0;2.5;5
178;2023;0;0.0;0;0;;0.0;2.5;5
178;2024;0;0.0;0;0;;0.0;2.5;5
179;2022;2;2.0779454138299513;0;4;0.8058229640253805;1.385296942553301;1.5;6
179;2023;3;2.0779454138299513;1;5;0.8058229640253805;1.385296942553301;1.5;6
179;2024;3;2.0779454138299513;1;5;0.8058229640253805;1.385296942553301;1.5;6
179;2025;4;2.0779454138299513;2;6;0.8058229640253805;1.385296942553301;1.5;6
180;2022;1;3.037464481469818;0;4;-0.19738550848793063;1.2149857925879273;2.5;6
180;2023;0;3.037464481469818;0;3;-0.19738550848793063;1.2149857925879273;2.5;6
180;2024;0;3.037464481469818;0;3;-0.19738550848793063;1.2149857925879273;2.5;6
180;2025;0;3.037464481469818;0;3;-0.19738550848793063;1.2149857925879273;2.5;6
181;2022;2;8.330952040718948;0;11;0.11890026459202568;3.332380816287579;2.5;6
181;2023;2;8.330952040718948;0;10;0.11890026459202568;3.332380816287579;2.5;6
181;2024;1;8.330952040718948;0;9;0.11890026459202568;3.332380816287579;2.5;6
181;2025;0;8.330952040718948;0;8;0.11890026459202568;3.332380816287579;2.5;6
182;2022;1;1.7251638983558513;0;3;-0.10846522890932812;0.6900655593423405;2.5;6
182;2023;2;1.7251638983558513;0;3;-0.10846522890932812;0.6900655593423405;2.5;6
182;2024;2;1.7251638983558513;0;4;-0.10846522890932812;0.6900655593423405;2.5;6
182;2025;2;1.7251638983558513;1;4;-0.10846522890932812;0.6900655593423405;2.5;6
183;2022;3;1.5766148184366688;1;4;0.7592566023652964;1.051076545624446;1.5;6
183;2023;3;1.5766148184366688;2;5;0.7592566023652964;1.051076545624446;1.5;6
183;2024;4;1.5766148184366688;2;5;0.7592566023652964;1.051076545624446;1.5;6
183;2025;5;1.5766148184366688;3;6;0.7592566023652964;1.051076545624446;1.5;6
184;2022;0;0.839500985563391;0;1;0.6324555320336759;0.4197504927816955;2.0;6
184;2023;0;0.839500985563391;0;1;0.6324555320336759;0.4197504927816955;2.0;6
184;2024;0;0.839500985563391;0;1;0.6324555320336759;0.4197504927816955;2.0;6
184;2025;0;0.839500985563391;0;1;0.6324555320336759;0.4197504927816955;2.0;6
185;2022;0;1.1312656207813883;0;1;0.44721359549995776;0.4525062483125553;2.5;6
185;2023;0;1.1312656207813883;0;1;0.44721359549995776;0.4525062483125553;2.5;6
185;2024;0;1.1312656207813883;0;1;0.44721359549995776;0.4525062483125553;2.5;6
185;2025;0;1.1312656207813883;0;1;0.44721359549995776;0.4525062483125553;2.5;6
186;2022;1;2.9277002188455996;0;4;-0.4472135954999579;1.1710800875382399;2.5;6
186;2023;1;2.9277002188455996;0;4;-0.4472135954999579;1.1710800875382399;2.5;6
186;2024;1;2.9277002188455996;0;4;-0.4472135954999579;1.1710800875382399;2.5;6
186;2025;2;2.9277002188455996;0;5;-0.4472135954999579;1.1710800875382399;2.5;6
187;2022;58;36.12478373637487;22;94;0.0840897265489694;14.449913494549948;2.5;6
187;2023;50;36.12478373637487;13;86;0.0840897265489694;14.449913494549948;2.5;6
187;2024;41;36.12478373637487;5;77;0.0840897265489694;14.449913494549948;2.5;6
187;2025;32;36.12478373637487;0;69;0.0840897265489694;14.449913494549948;2.5;6
188;2022;0;0.0;0;0;;0.0;2.5;6
188;2023;0;0.0;0;0;;0.0;2.5;6
188;2024;0;0.0;0;0;;0.0;2.5;6
188;2025;0;0.0;0;0;;0.0;2.5;6
189;2022;2;6.263081547943525;0;9;0.2913493903644304;2.50523261917741;2.5;6
189;2023;3;6.263081547943525;0;9;0.2913493903644304;2.50523261917741;2.5;6
189;2024;3;6.263081547943525;0;9;0.2913493903644304;2.50523261917741;2.5;6
189;2025;3;6.263081547943525;0;9;0.2913493903644304;2.50523261917741;2.5;6
190;2022;2;8.41094808086733;0;11;0.25882099899233696;3.364379232346932;2.5;6
190;2023;3;8.41094808086733;0;11;0.25882099899233696;3.364379232346932;2.5;6
190;2024;3;8.41094808086733;0;12;0.25882099899233696;3.364379232346932;2.5;6
190;2025;4;8.41094808086733;0;13;0.25882099899233696;3.364379232346932;2.5;6
191;2022;15;6.400055803328161;9;22;0.7887069515544712;4.266703868885441;1.5;6
191;2023;17;6.400055803328161;11;24;0.7887069515544712;4.266703868885441;1.5;6
191;2024;19;6.400055803328161;13;26;0.7887069515544712;4.266703868885441;1.5;6
191;2025;21;6.400055803328161;15;28;0.7887069515544712;4.266703868885441;1.5;6
192;2022;3;5.908528944307059;0;9;0.03133682700398331;2.3634115777228235;2.5;6
192;2023;3;5.908528944307059;0;9;0.03133682700398331;2.3634115777228235;2.5;6
192;2024;3;5.908528944307059;0;9;0.03133682700398331;2.3634115777228235;2.5;6
192;2025;3;5.908528944307059;0;9;0.03133682700398331;2.3634115777228235;2.5;6
193;2022;0;0.0;0;0;;0.0;2.5;6
193;2023;0;0.0;0;0;;0.0;2.5;6
193;2024;0;0.0;0;0;;0.0;2.5;6
193;2025;0;0.0;0;0;;0.0;2.5;6
194;2022;4;5.123475382979952;0;9;-0.24743582965269675;2.0493901531919807;2.5;6
194;2023;3;5.123475382979952;0;8;-0.24743582965269675;2.0493901531919807;2.5;6
194;2024;2;5.123475382979952;0;7;-0.24743582965269675;2.0493901531919807;2.5;6
194;2025;1;5.123475382979952;0;6;-0.24743582965269675;2.0493901531919807;2.5;6
195;2022;1;2.0987524639084776;0;3;0.0;0.839500985563391;2.5;6
195;2023;1;2.0987524639084776;0;3;0.0;0.839500985563391;2.5;6
195;2024;1;2.0987524639084776;0;3;0.0;0.839500985563391;2.5;6
195;2025;1;2.0987524639084776;0;3;0.0;0.839500985563391;2.5;6
196;2022;4;3.049590136395401;1;8;0.8195820997719157;2.033060090930267;1.5;6
196;2023;4;3.049590136395401;1;7;0.8195820997719157;2.033060090930267;1.5;6
196;2024;4;3.049590136395401;1;7;0.8195820997719157;2.033060090930267;1.5;6
196;2025;3;3.049590136395401;0;6;0.8195820997719157;2.033060090930267;1.5;6
197;2022;9;14.012239547725962;0;23;-0.5723296487703623;7.006119773862981;2.0;6
197;2023;5;14.012239547725962;0;19;-0.5723296487703623;7.006119773862981;2.0;6
197;2024;2;14.012239547725962;0;16;-0.5723296487703623;7.006119773862981;2.0;6
197;2025;0;14.012239547725962;0;12;-0.5723296487703623;7.006119773862981;2.0;6
198;2022;2;1.4267845968170727;1;4;-0.742746075400467;0.9511897312113817;1.5;6
198;2023;2;1.4267845968170727;0;3;-0.742746075400467;0.9511897312113817;1.5;6
198;2024;1;1.4267845968170727;0;3;-0.742746075400467;0.9511897312113817;1.5;6
198;2025;1;1.4267845968170727;0;2;-0.742746075400467;0.9511897312113817;1.5;6
199;2022;3;3.2535694684014764;0;6;0.7102286806100285;2.169046312267651;1.5;6
199;2023;3;3.2535694684014764;0;6;0.7102286806100285;2.169046312267651;1.5;6
199;2024;3;3.2535694684014764;0;6;0.7102286806100285;2.169046312267651;1.5;6
199;2025;3;3.2535694684014764;0;6;0.7102286806100285;2.169046312267651;1.5;6
200;2022;10;7.5477054223689155;2;17;0.702696773964539;5.031803614912611;1.5;6
200;2023;12;7.5477054223689155;4;19;0.702696773964539;5.031803614912611;1.5;6
200;2024;14;7.5477054223689155;6;21;0.702696773964539;5.031803614912611;1.5;6
200;2025;16;7.5477054223689155;8;23;0.702696773964539;5.031803614912611;1.5;6
201;2022;0;0.9050124966251106;0;1;-0.5423261445466404;0.4525062483125553;2.0;6
201;2023;0;0.9050124966251106;0;1;-0.5423261445466404;0.4525062483125553;2.0;6
201;2024;0;0.9050124966251106;0;1;-0.5423261445466404;0.4525062483125553;2.0;6
201;2025;0;0.9050124966251106;0;1;-0.5423261445466404;0.4525062483125553;2.0;6
202;2022;0;0.0;0;0;;0.0;2.5;6
202;2023;0;0.0;0;0;;0.0;2.5;6
202;2024;0;0.0;0;0;;0.0;2.5;6
202;2025;0;0.0;0;0;;0.0;2.5;6
203;2022;0;1.5236235005501084;0;2;-0.3973597071195131;0.6094494002200433;2.5;6
203;2023;0;1.5236235005501084;0;2;-0.3973597071195131;0.6094494002200433;2.5;6
203;2024;0;1.5236235005501084;0;2;-0.3973597071195131;0.6094494002200433;2.5;6
203;2025;0;1.5236235005501084;0;2;-0.3973597071195131;0.6094494002200433;2.5;6
204;2022;0;0.0;0;0;;0.0;2.5;6
204;2023;0;0.0;0;0;;0.0;2.5;6
204;2024;0;0.0;0;0;;0.0;2.5;6
204;2025;0;0.0;0;0;;0.0;2.5;6
205;2022;1;1.0493762319541855;0;2;0.227429413073671;0.4197504927816742;2.5;6
205;2023;0;1.0493762319541855;0;1;0.227429413073671;0.4197504927816742;2.5;6
205;2024;0;1.0493762319541855;0;1;0.227429413073671;0.4197504927816742;2.5;6
205;2025;0;1.0493762319541855;0;0;0.227429413073671;0.4197504927816742;2.5;6
206;2022;1;1.679001971126781;0;2;0.5940885257860046;0.8395009855633905;2.0;6
206;2023;1;1.679001971126781;0;2;0.5940885257860046;0.8395009855633905;2.0;6
206;2024;1;1.679001971126781;0;2;0.5940885257860046;0.8395009855633905;2.0;6
206;2025;1;1.679001971126781;0;2;0.5940885257860046;0.8395009855633905;2.0;6
207;2022;1;2.302172886644198;0;4;0.9400193421607682;2.302172886644198;1.0;6
207;2023;1;2.302172886644198;0;3;0.9400193421607682;2.302172886644198;1.0;6
207;2024;0;2.302172886644198;0;2;0.9400193421607682;2.302172886644198;1.0;6
207;2025;0;2.302172886644198;0;2;0.9400193421607682;2.302172886644198;1.0;6
208;2022;0;0.0;0;0;;0.0;2.5;6
208;2023;0;0.0;0;0;;0.0;2.5;6
208;2024;0;0.0;0;0;;0.0;2.5;6
208;2025;0;0.0;0;0;;0.0;2.5;6
209;2022;2;2.834733547569236;0;4;0.46709936649691375;1.1338934190276944;2.5;6
209;2023;2;2.834733547569236;0;5;0.46709936649691375;1.1338934190276944;2.5;6
209;2024;2;2.834733547569236;0;5;0.46709936649691375;1.1338934190276944;2.5;6
209;2025;2;2.834733547569236;0;5;0.46709936649691375;1.1338934190276944;2.5;6
210;2022;7;4.324900219052679;3;12;-0.9024317241787414;4.324900219052679;1.0;6
210;2023;7;4.324900219052679;3;11;-0.9024317241787414;4.324900219052679;1.0;6
210;2024;7;4.324900219052679;3;11;-0.9024317241787414;4.324900219052679;1.0;6
210;2025;7;4.324900219052679;2;11;-0.9024317241787414;4.324900219052679;1.0;6
211;2022;0;1.46059348668036;0;2;-0.5144957554275263;0.73029674334018;2.0;5
211;2023;0;1.46059348668036;0;1;-0.5144957554275263;0.73029674334018;2.0;5
211;2024;0;1.46059348668036;0;1;-0.5144957554275263;0.73029674334018;2.0;5
211;2025;0;1.46059348668036;0;1;-0.5144957554275263;0.73029674334018;2.0;5
212;2022;9;8.871570430581155;0;18;0.5280347688660985;4.4357852152905775;2.0;6
212;2023;9;8.871570430581155;0;17;0.5280347688660985;4.4357852152905775;2.0;6
212;2024;8;8.871570430581155;0;17;0.5280347688660985;4.4357852152905775;2.0;6
212;2025;8;8.871570430581155;0;16;0.5280347688660985;4.4357852152905775;2.0;6
213;2022;0;3.3937968623441717;0;4;0.3464101615137755;1.3575187449376687;2.5;6
213;2023;0;3.3937968623441717;0;4;0.3464101615137755;1.3575187449376687;2.5;6
213;2024;0;3.3937968623441717;0;4;0.3464101615137755;1.3575187449376687;2.5;6
213;2025;0;3.3937968623441717;0;4;0.3464101615137755;1.3575187449376687;2.5;6
214;2022;18;17.566201313073492;1;36;-0.09337173444504068;7.026480525229396;2.5;6
214;2023;19;17.566201313073492;2;37;-0.09337173444504068;7.026480525229396;2.5;6
214;2024;20;17.566201313073492;3;38;-0.09337173444504068;7.026480525229396;2.5;6
214;2025;22;17.566201313073492;4;39;-0.09337173444504068;7.026480525229396;2.5;6
215;2022;1;1.2649110640673518;0;2;-0.5270462766947299;0.6324555320336759;2.0;5
215;2023;1;1.2649110640673518;0;2;-0.5270462766947299;0.6324555320336759;2.0;5
215;2024;1;1.2649110640673518;0;2;-0.5270462766947299;0.6324555320336759;2.0;5
215;2025;1;1.2649110640673518;0;2;-0.5270462766947299;0.6324555320336759;2.0;5
216;2022;13;38.68292966696122;0;52;0.005151446389395296;15.473171866784488;2.5;6
216;2023;7;38.68292966696122;0;46;0.005151446389395296;15.473171866784488;2.5;6
216;2024;2;38.68292966696122;0;40;0.005151446389395296;15.473171866784488;2.5;6
216;2025;0;38.68292966696122;0;35;0.005151446389395296;15.473171866784488;2.5;6
217;2022;0;1.3363062095621219;0;2;0.3651483716701107;0.5345224838248488;2.5;6
217;2023;0;1.3363062095621219;0;2;0.3651483716701107;0.5345224838248488;2.5;6
217;2024;0;1.3363062095621219;0;1;0.3651483716701107;0.5345224838248488;2.5;6
217;2025;0;1.3363062095621219;0;1;0.3651483716701107;0.5345224838248488;2.5;6
218;2022;0;1.1312656207813883;0;1;-0.2;0.4525062483125553;2.5;6
218;2023;0;1.1312656207813883;0;1;-0.2;0.4525062483125553;2.5;6
218;2024;0;1.1312656207813883;0;1;-0.2;0.4525062483125553;2.5;6
218;2025;0;1.1312656207813883;0;1;-0.2;0.4525062483125553;2.5;6
219;2022;2;6.345695954176885;0;8;-0.22619193331698287;2.538278381670754;2.5;6
219;2023;2;6.345695954176885;0;8;-0.22619193331698287;2.538278381670754;2.5;6
219;2024;2;6.345695954176885;0;9;-0.22619193331698287;2.538278381670754;2.5;6
219;2025;3;6.345695954176885;0;9;-0.22619193331698287;2.538278381670754;2.5;6
220;2022;0;1.1312656207813883;0;1;-0.21693045781865614;0.4525062483125553;2.5;6
220;2023;0;1.1312656207813883;0;1;-0.21693045781865614;0.4525062483125553;2.5;6
220;2024;0;1.1312656207813883;0;1;-0.21693045781865614;0.4525062483125553;2.5;6
220;2025;0;1.1312656207813883;0;1;-0.21693045781865614;0.4525062483125553;2.5;6
221;2022;0;1.209943785456167;0;1;-0.408248290463863;0.4839775141824668;2.5;5
221;2024;0;1.209943785456167;0;1;-0.408248290463863;0.4839775141824668;2.5;5
221;2025;0;1.209943785456167;0;1;-0.408248290463863;0.4839775141824668;2.5;5
222;2022;1;3.1481286958627113;0;4;-0.7006490497453708;2.098752463908474;1.5;6
222;2023;0;3.1481286958627113;0;3;-0.7006490497453708;2.098752463908474;1.5;6
222;2024;0;3.1481286958627113;0;3;-0.7006490497453708;2.098752463908474;1.5;6
222;2025;0;3.1481286958627113;0;2;-0.7006490497453708;2.098752463908474;1.5;6
223;2022;0;1.4121075097341556;0;2;-0.37796447300922725;0.5648430038936623;2.5;6
223;2023;0;1.4121075097341556;0;2;-0.37796447300922725;0.5648430038936623;2.5;6
223;2024;0;1.4121075097341556;0;2;-0.37796447300922725;0.5648430038936623;2.5;6
223;2025;1;1.4121075097341556;0;2;-0.37796447300922725;0.5648430038936623;2.5;6
224;2022;8;12.164546455835929;0;20;-0.328862621405241;4.865818582334372;2.5;6
224;2023;8;12.164546455835929;0;20;-0.328862621405241;4.865818582334372;2.5;6
224;2024;8;12.164546455835929;0;20;-0.328862621405241;4.865818582334372;2.5;6
224;2025;8;12.164546455835929;0;20;-0.328862621405241;4.865818582334372;2.5;6
225;2022;0;0.0;0;0;;0.0;2.5;6
225;2023;0;0.0;0;0;;0.0;2.5;6
225;2024;0;0.0;0;0;;0.0;2.5;6
225;2025;0;0.0;0;0;;0.0;2.5;6
226;2022;4;6.3667663916398105;0;10;-0.03846153846153846;2.5467065566559244;2.5;6
226;2023;4;6.3667663916398105;0;10;-0.03846153846153846;2.5467065566559244;2.5;6
226;2024;4;6.3667663916398105;0;11;-0.03846153846153846;2.5467065566559244;2.5;6
226;2025;4;6.3667663916398105;0;11;-0.03846153846153846;2.5467065566559244;2.5;6
227;2022;1;1.5905225257008528;0;3;-0.362245385694578;0.6362090102803412;2.5;6
227;2023;2;1.5905225257008528;0;3;-0.362245385694578;0.6362090102803412;2.5;6
227;2024;2;1.5905225257008528;1;4;-0.362245385694578;0.6362090102803412;2.5;6
227;2025;3;1.5905225257008528;1;4;-0.362245385694578;0.6362090102803412;2.5;6
228;2022;10;5.007137762377655;5;15;0.7237937589945876;3.3380918415851037;1.5;6
228;2023;10;5.007137762377655;5;15;0.7237937589945876;3.3380918415851037;1.5;6
228;2024;11;5.007137762377655;6;16;0.7237937589945876;3.3380918415851037;1.5;6
228;2025;11;5.007137762377655;6;16;0.7237937589945876;3.3380918415851037;1.5;6
229;2022;0;2.333758464672081;0;3;-0.2213133340689952;0.9335033858688323;2.5;6
229;2023;0;2.333758464672081;0;3;-0.2213133340689952;0.9335033858688323;2.5;6
229;2024;0;2.333758464672081;0;3;-0.2213133340689952;0.9335033858688323;2.5;6
229;2025;0;2.333758464672081;0;3;-0.2213133340689952;0.9335033858688323;2.5;6
230;2022;0;1.313845682030612;0;2;0.49999999999999994;0.5255382728122447;2.5;6
230;2023;1;1.313845682030612;0;2;0.49999999999999994;0.5255382728122447;2.5;6
230;2024;1;1.313845682030612;0;2;0.49999999999999994;0.5255382728122447;2.5;6
230;2025;1;1.313845682030612;0;2;0.49999999999999994;0.5255382728122447;2.5;6
231;2022;1;2.0987524639084776;0;3;0.278243337456101;0.839500985563391;2.5;6
231;2023;1;2.0987524639084776;0;3;0.278243337456101;0.839500985563391;2.5;6
231;2024;1;2.0987524639084776;0;3;0.278243337456101;0.839500985563391;2.5;6
231;2025;1;2.0987524639084776;0;3;0.278243337456101;0.839500985563391;2.5;6
232;2022;0;1.4638501094227998;0;2;-0.33333333333333326;0.5855400437691199;2.5;6
232;2023;0;1.4638501094227998;0;2;-0.33333333333333326;0.5855400437691199;2.5;6
232;2024;0;1.4638501094227998;0;2;-0.33333333333333326;0.5855400437691199;2.5;6
232;2025;0;1.4638501094227998;0;2;-0.33333333333333326;0.5855400437691199;2.5;6
233;2022;4;6.008426622352201;0;10;-0.4466252988964419;2.4033706489408804;2.5;6
233;2023;3;6.008426622352201;0;9;-0.4466252988964419;2.4033706489408804;2.5;6
233;2024;3;6.008426622352201;0;9;-0.4466252988964419;2.4033706489408804;2.5;6
233;2025;3;6.008426622352201;0;9;-0.4466252988964419;2.4033706489408804;2.5;6
234;2022;2;1.9895560643855776;0;4;-0.2004459314343183;0.795822425754231;2.5;6
234;2023;2;1.9895560643855776;0;4;-0.2004459314343183;0.795822425754231;2.5;6
234;2024;1;1.9895560643855776;0;3;-0.2004459314343183;0.795822425754231;2.5;6
234;2025;1;1.9895560643855776;0;3;-0.2004459314343183;0.795822425754231;2.5;6
235;2022;31;24.820786219848667;6;56;0.3554345201482832;9.928314487939467;2.5;6
235;2023;32;24.820786219848667;7;57;0.3554345201482832;9.928314487939467;2.5;6
235;2024;34;24.820786219848667;9;58;0.3554345201482832;9.928314487939467;2.5;6
235;2025;35;24.820786219848667;10;60;0.3554345201482832;9.928314487939467;2.5;6
236;2022;0;0.34503277967116336;0;0;0.9079593845004515;0.34503277967116336;1.0;6
236;2023;0;0.34503277967116336;0;0;0.9079593845004515;0.34503277967116336;1.0;6
236;2024;0;0.34503277967116336;0;0;0.9079593845004515;0.34503277967116336;1.0;6
236;2025;0;0.34503277967116336;0;0;0.9079593845004515;0.34503277967116336;1.0;6
237;2022;0;1.6636878141217921;0;2;-0.2672612419124244;0.6654751256487168;2.5;6
237;2023;0;1.6636878141217921;0;2;-0.2672612419124244;0.6654751256487168;2.5;6
237;2024;0;1.6636878141217921;0;1;-0.2672612419124244;0.6654751256487168;2.5;6
237;2025;0;1.6636878141217921;0;1;-0.2672612419124244;0.6654751256487168;2.5;6
238;2022;21;25.973887986646456;0;47;0.11614391564599091;10.389555194658582;2.5;6
238;2023;24;25.973887986646456;0;50;0.11614391564599091;10.389555194658582;2.5;6
238;2024;27;25.973887986646456;1;53;0.11614391564599091;10.389555194658582;2.5;6
238;2025;31;25.973887986646456;5;57;0.11614391564599091;10.389555194658582;2.5;6
239;2022;4;3.834678852884564;0;8;-0.6639093924186636;1.917339426442282;2.0;6
239;2023;3;3.834678852884564;0;7;-0.6639093924186636;1.917339426442282;2.0;6
239;2024;2;3.834678852884564;0;6;-0.6639093924186636;1.917339426442282;2.0;6
239;2025;1;3.834678852884564;0;5;-0.6639093924186636;1.917339426442282;2.0;6
240;2022;9;13.420843774481828;0;23;-0.16658226447611052;5.368337509792731;2.5;6
240;2023;9;13.420843774481828;0;23;-0.16658226447611052;5.368337509792731;2.5;6
240;2024;9;13.420843774481828;0;22;-0.16658226447611052;5.368337509792731;2.5;6
240;2025;8;13.420843774481828;0;22;-0.16658226447611052;5.368337509792731;2.5;6
241;2022;3;5.0;0;8;0.0;2.0;2.5;6
241;2023;3;5.0;0;8;0.0;2.0;2.5;6
241;2024;3;5.0;0;8;0.0;2.0;2.5;6
241;2025;3;5.0;0;8;0.0;2.0;2.5;6
242;2022;1;3.4170441138783207;0;4;-0.6548307716636604;1.7085220569391604;2.0;6
242;2023;0;3.4170441138783207;0;4;-0.6548307716636604;1.7085220569391604;2.0;6
242;2024;0;3.4170441138783207;0;4;-0.6548307716636604;1.7085220569391604;2.0;6
242;2025;0;3.4170441138783207;0;3;-0.6548307716636604;1.7085220569391604;2.0;6
243;2022;0;0.0;0;0;;0.0;2.5;6
243;2023;0;0.0;0;0;;0.0;2.5;6
243;2024;0;0.0;0;0;;0.0;2.5;6
243;2025;0;0.0;0;0;;0.0;2.5;6
244;2022;0;2.0987524639084776;0;3;-0.316227766016838;0.839500985563391;2.5;6
244;2023;1;2.0987524639084776;0;3;-0.316227766016838;0.839500985563391;2.5;6
244;2024;1;2.0987524639084776;0;3;-0.316227766016838;0.839500985563391;2.5;6
244;2025;1;2.0987524639084776;0;3;-0.316227766016838;0.839500985563391;2.5;6
245;2022;1;1.644616035663615;0;3;-0.6030226891555271;0.8223080178318075;2.0;6
245;2023;1;1.644616035663615;0;3;-0.6030226891555271;0.8223080178318075;2.0;6
245;2024;2;1.644616035663615;0;4;-0.6030226891555271;0.8223080178318075;2.0;6
245;2025;2;1.644616035663615;1;4;-0.6030226891555271;0.8223080178318075;2.0;6
246;2022;1;1.9895560643855474;0;3;0.42874646285627216;0.795822425754219;2.5;6
246;2023;1;1.9895560643855474;0;3;0.42874646285627216;0.795822425754219;2.5;6
246;2024;1;1.9895560643855474;0;3;0.42874646285627216;0.795822425754219;2.5;6
246;2025;0;1.9895560643855474;0;2;0.42874646285627216;0.795822425754219;2.5;6
247;2022;16;72.78530071381067;0;89;0.8022628292624823;48.52353380920711;1.5;6
247;2023;5;72.78530071381067;0;78;0.8022628292624823;48.52353380920711;1.5;6
247;2024;0;72.78530071381067;0;67;0.8022628292624823;48.52353380920711;1.5;6
247;2025;0;72.78530071381067;0;56;0.8022628292624823;48.52353380920711;1.5;6
248;2022;0;0.839500985563391;0;1;0.533113989983183;0.4197504927816955;2.0;6
248;2023;0;0.839500985563391;0;1;0.533113989983183;0.4197504927816955;2.0;6
248;2024;0;0.839500985563391;0;1;0.533113989983183;0.4197504927816955;2.0;6
248;2025;0;0.839500985563391;0;1;0.533113989983183;0.4197504927816955;2.0;6
249;2022;1;7.747887576931113;0;9;-0.12752174253952617;3.099155030772445;2.5;6
249;2023;1;7.747887576931113;0;8;-0.12752174253952617;3.099155030772445;2.5;6
249;2024;0;7.747887576931113;0;8;-0.12752174253952617;3.099155030772445;2.5;6
249;2025;0;7.747887576931113;0;7;-0.12752174253952617;3.099155030772445;2.5;6
250;2022;1;1.7251638983558513;0;2;-0.4670993664969138;0.6900655593423405;2.5;6
250;2023;0;1.7251638983558513;0;2;-0.4670993664969138;0.6900655593423405;2.5;6
250;2024;0;1.7251638983558513;0;2;-0.4670993664969138;0.6900655593423405;2.5;6
250;2025;0;1.7251638983558513;0;1;-0.4670993664969138;0.6900655593423405;2.5;6
251;2022;2;9.769668805616131;0;12;-0.4765868962264433;3.9078675222464527;2.5;6
251;2023;2;9.769668805616131;0;12;-0.4765868962264433;3.9078675222464527;2.5;6
251;2024;2;9.769668805616131;0;11;-0.4765868962264433;3.9078675222464527;2.5;6
251;2025;1;9.769668805616131;0;11;-0.4765868962264433;3.9078675222464527;2.5;6
252;2022;0;3.6298313563684252;0;4;-0.24999999999999994;1.4519325425473701;2.5;5
252;2024;0;3.6298313563684252;0;4;-0.24999999999999994;1.4519325425473701;2.5;5
252;2025;0;3.6298313563684252;0;3;-0.24999999999999994;1.4519325425473701;2.5;5
253;2022;3;2.033060090930258;1;5;0.9652953599007104;2.033060090930258;1.0;6
253;2023;3;2.033060090930258;1;5;0.9652953599007104;2.033060090930258;1.0;6
253;2024;4;2.033060090930258;2;6;0.9652953599007104;2.033060090930258;1.0;6
253;2025;4;2.033060090930258;2;6;0.9652953599007104;2.033060090930258;1.0;6
254;2022;1;4.236322529202488;0;5;0.24999999999999994;1.6945290116809955;2.5;6
254;2023;1;4.236322529202488;0;5;0.24999999999999994;1.6945290116809955;2.5;6
254;2024;1;4.236322529202488;0;6;0.24999999999999994;1.6945290116809955;2.5;6
254;2025;2;4.236322529202488;0;6;0.24999999999999994;1.6945290116809955;2.5;6
255;2022;0;1.1955181160866752;0;1;-0.24999999999999997;0.4782072464346701;2.5;5
255;2023;0;1.1955181160866752;0;2;-0.24999999999999997;0.4782072464346701;2.5;5
255;2024;0;1.1955181160866752;0;2;-0.24999999999999997;0.4782072464346701;2.5;5
255;2025;0;1.1955181160866752;0;2;-0.24999999999999997;0.4782072464346701;2.5;5
256;2022;1;3.327375628243466;0;4;-0.125;1.3309502512973865;2.5;6
256;2023;1;3.327375628243466;0;4;-0.125;1.3309502512973865;2.5;6
256;2024;0;3.327375628243466;0;4;-0.125;1.3309502512973865;2.5;6
256;2025;0;3.327375628243466;0;4;-0.125;1.3309502512973865;2.5;6
257;2022;1;4.432026302139511;0;6;-0.4763305116224668;1.7728105208558045;2.5;6
257;2023;1;4.432026302139511;0;6;-0.4763305116224668;1.7728105208558045;2.5;6
257;2024;2;4.432026302139511;0;6;-0.4763305116224668;1.7728105208558045;2.5;6
257;2025;2;4.432026302139511;0;6;-0.4763305116224668;1.7728105208558045;2.5;6
258;2022;0;0.0;0;0;;0.0;2.5;6
258;2023;0;0.0;0;0;;0.0;2.5;6
258;2024;0;0.0;0;0;;0.0;2.5;6
258;2025;0;0.0;0;0;;0.0;2.5;6
259;2022;77;34.85835282833602;42;112;-0.6130867285206788;17.42917641416801;2.0;6
259;2023;72;34.85835282833602;37;107;-0.6130867285206788;17.42917641416801;2.0;6
259;2024;67;34.85835282833602;32;102;-0.6130867285206788;17.42917641416801;2.0;6
259;2025;62;34.85835282833602;27;97;-0.6130867285206788;17.42917641416801;2.0;6
260;2022;2;4.39696865275764;0;6;0.582551728035463;2.19848432637882;2.0;6
260;2023;1;4.39696865275764;0;5;0.582551728035463;2.19848432637882;2.0;6
260;2024;0;4.39696865275764;0;4;0.582551728035463;2.19848432637882;2.0;6
260;2025;0;4.39696865275764;0;3;0.582551728035463;2.19848432637882;2.0;6
261;2022;1;2.091650066335223;0;3;-0.24004801440480167;0.8366600265340892;2.5;6
261;2023;1;2.091650066335223;0;3;-0.24004801440480167;0.8366600265340892;2.5;6
261;2024;1;2.091650066335223;0;3;-0.24004801440480167;0.8366600265340892;2.5;6
261;2025;1;2.091650066335223;0;3;-0.24004801440480167;0.8366600265340892;2.5;6
262;2022;1;1.7251638983558168;0;3;-0.29277002188456;0.6900655593423267;2.5;6
262;2023;1;1.7251638983558168;0;3;-0.29277002188456;0.6900655593423267;2.5;6
262;2024;1;1.7251638983558168;0;3;-0.29277002188456;0.6900655593423267;2.5;6
262;2025;2;1.7251638983558168;0;3;-0.29277002188456;0.6900655593423267;2.5;6
263;2022;1;4.4754622001265885;0;5;0.2751053211988152;1.7901848800506353;2.5;6
263;2023;1;4.4754622001265885;0;5;0.2751053211988152;1.7901848800506353;2.5;6
263;2024;1;4.4754622001265885;0;5;0.2751053211988152;1.7901848800506353;2.5;6
263;2025;1;4.4754622001265885;0;5;0.2751053211988152;1.7901848800506353;2.5;6
264;2022;2;1.313845682030609;1;4;0.4741564678161597;0.5255382728122436;2.5;6
264;2023;2;1.313845682030609;0;3;0.4741564678161597;0.5255382728122436;2.5;6
264;2024;1;1.313845682030609;0;2;0.4741564678161597;0.5255382728122436;2.5;6
264;2025;0;1.313845682030609;0;2;0.4741564678161597;0.5255382728122436;2.5;6
265;2022;4;8.521681032463439;0;13;0.2104754477365224;3.408672412985376;2.5;6
265;2023;4;8.521681032463439;0;13;0.2104754477365224;3.408672412985376;2.5;6
265;2024;5;8.521681032463439;0;13;0.2104754477365224;3.408672412985376;2.5;6
265;2025;5;8.521681032463439;0;13;0.2104754477365224;3.408672412985376;2.5;6
266;2022;0;1.1312656207813883;0;1;0.07905694150420947;0.4525062483125553;2.5;6
266;2023;0;1.1312656207813883;0;1;0.07905694150420947;0.4525062483125553;2.5;6
266;2024;0;1.1312656207813883;0;1;0.07905694150420947;0.4525062483125553;2.5;6
266;2025;0;1.1312656207813883;0;1;0.07905694150420947;0.4525062483125553;2.5;6
267;2022;6;7.68796214251611;0;13;0.5036970050424711;3.843981071258055;2.0;6
267;2023;5;7.68796214251611;0;13;0.5036970050424711;3.843981071258055;2.0;6
267;2024;5;7.68796214251611;0;13;0.5036970050424711;3.843981071258055;2.0;6
267;2025;5;7.68796214251611;0;12;0.5036970050424711;3.843981071258055;2.0;6
268;2022;0;2.3966742830529526;0;3;0.4522670168666454;0.9586697132211811;2.5;6
268;2023;0;2.3966742830529526;0;2;0.4522670168666454;0.9586697132211811;2.5;6
268;2024;0;2.3966742830529526;0;2;0.4522670168666454;0.9586697132211811;2.5;6
268;2025;0;2.3966742830529526;0;1;0.4522670168666454;0.9586697132211811;2.5;6
269;2022;1;3.2043497223081996;0;4;0.3400837588319137;1.2817398889232798;2.5;6
269;2023;0;3.2043497223081996;0;4;0.3400837588319137;1.2817398889232798;2.5;6
269;2024;0;3.2043497223081996;0;3;0.3400837588319137;1.2817398889232798;2.5;6
269;2025;0;3.2043497223081996;0;2;0.3400837588319137;1.2817398889232798;2.5;6
270;2022;55;72.05218842715848;0;127;-0.2542371213445633;28.820875370863394;2.5;6
270;2023;45;72.05218842715848;0;117;-0.2542371213445633;28.820875370863394;2.5;6
270;2024;36;72.05218842715848;0;108;-0.2542371213445633;28.820875370863394;2.5;6
270;2025;26;72.05218842715848;0;98;-0.2542371213445633;28.820875370863394;2.5;6
271;2022;2;3.0374644814700247;0;5;-0.33433799552344357;1.2149857925880099;2.5;6
271;2023;0;3.0374644814700247;0;3;-0.33433799552344357;1.2149857925880099;2.5;6
271;2024;0;3.0374644814700247;0;2;-0.33433799552344357;1.2149857925880099;2.5;6
271;2025;0;3.0374644814700247;0;1;-0.33433799552344357;1.2149857925880099;2.5;6
272;2022;1;3.236694374850748;0;4;0.3492151478847891;1.2946777499402993;2.5;6
272;2023;1;3.236694374850748;0;4;0.3492151478847891;1.2946777499402993;2.5;6
272;2024;1;3.236694374850748;0;4;0.3492151478847891;1.2946777499402993;2.5;6
272;2025;1;3.236694374850748;0;4;0.3492151478847891;1.2946777499402993;2.5;6
273;2022;1;5.169737950437179;0;6;-0.16984155512168936;2.0678951801748715;2.5;6
273;2023;1;5.169737950437179;0;6;-0.16984155512168936;2.0678951801748715;2.5;6
273;2024;1;5.169737950437179;0;6;-0.16984155512168936;2.0678951801748715;2.5;6
273;2025;1;5.169737950437179;0;6;-0.16984155512168936;2.0678951801748715;2.5;6
274;2022;3;2.8242150194683275;0;6;0.19504737440137343;1.129686007787331;2.5;6
274;2023;3;2.8242150194683275;0;6;0.19504737440137343;1.129686007787331;2.5;6
274;2024;3;2.8242150194683275;0;6;0.19504737440137343;1.129686007787331;2.5;6
274;2025;3;2.8242150194683275;0;6;0.19504737440137343;1.129686007787331;2.5;6
275;2022;12;9.00892414696196;3;21;0.4786717584688551;3.603569658784784;2.5;6
275;2023;10;9.00892414696196;1;19;0.4786717584688551;3.603569658784784;2.5;6
275;2024;9;9.00892414696196;0;18;0.4786717584688551;3.603569658784784;2.5;6
275;2025;8;9.00892414696196;0;17;0.4786717584688551;3.603569658784784;2.5;6
276;2022;1;4.165476020359622;0;5;0.10192943828752508;1.666190408143849;2.5;6
276;2023;1;4.165476020359622;0;5;0.10192943828752508;1.666190408143849;2.5;6
276;2024;2;4.165476020359622;0;6;0.10192943828752508;1.666190408143849;2.5;6
276;2025;2;4.165476020359622;0;6;0.10192943828752508;1.666190408143849;2.5;6
277;2022;0;1.0493762319542388;0;1;-0.31622776601683794;0.4197504927816955;2.5;6
277;2023;0;1.0493762319542388;0;1;-0.31622776601683794;0.4197504927816955;2.5;6
277;2024;0;1.0493762319542388;0;1;-0.31622776601683794;0.4197504927816955;2.5;6
277;2025;0;1.0493762319542388;0;1;-0.31622776601683794;0.4197504927816955;2.5;6
278;2022;4;2.2127875115854505;1;6;0.8869213482066184;1.4751916743903004;1.5;6
278;2023;3;2.2127875115854505;1;5;0.8869213482066184;1.4751916743903004;1.5;6
278;2024;3;2.2127875115854505;0;5;0.8869213482066184;1.4751916743903004;1.5;6
278;2025;2;2.2127875115854505;0;4;0.8869213482066184;1.4751916743903004;1.5;6
279;2022;1;3.4503277967119086;0;4;-0.040000000000000015;1.3801311186847633;2.5;6
279;2023;2;3.4503277967119086;0;5;-0.040000000000000015;1.3801311186847633;2.5;6
279;2024;2;3.4503277967119086;0;6;-0.040000000000000015;1.3801311186847633;2.5;6
279;2025;3;3.4503277967119086;0;6;-0.040000000000000015;1.3801311186847633;2.5;6
280;2022;0;0.0;0;0;;0.0;2.5;6
280;2023;0;0.0;0;0;;0.0;2.5;6
280;2024;0;0.0;0;0;;0.0;2.5;6
280;2025;0;0.0;0;0;;0.0;2.5;6
281;2022;2;4.354116825871026;0;6;0.27488325309761974;1.7416467303484104;2.5;6
281;2023;2;4.354116825871026;0;6;0.27488325309761974;1.7416467303484104;2.5;6
281;2024;2;4.354116825871026;0;6;0.27488325309761974;1.7416467303484104;2.5;6
281;2025;1;4.354116825871026;0;6;0.27488325309761974;1.7416467303484104;2.5;6
282;2022;1;0.9128709291753287;0;2;0.31622776601683794;0.3651483716701315;2.5;6
282;2023;1;0.9128709291753287;0;2;0.31622776601683794;0.3651483716701315;2.5;6
282;2024;2;0.9128709291753287;1;3;0.31622776601683794;0.3651483716701315;2.5;6
282;2025;2;0.9128709291753287;1;3;0.31622776601683794;0.3651483716701315;2.5;6
283;2022;34;36.11654415783417;0;70;-0.07234992404908688;14.446617663133667;2.5;6
283;2023;38;36.11654415783417;2;74;-0.07234992404908688;14.446617663133667;2.5;6
283;2024;42;36.11654415783417;6;78;-0.07234992404908688;14.446617663133667;2.5;6
283;2025;46;36.11654415783417;10;82;-0.07234992404908688;14.446617663133667;2.5;6
284;2022;6;11.700630833624551;0;18;-0.2891891891891892;4.68025233344982;2.5;6
284;2023;5;11.700630833624551;0;16;-0.2891891891891892;4.68025233344982;2.5;6
284;2024;3;11.700630833624551;0;15;-0.2891891891891892;4.68025233344982;2.5;6
284;2025;2;11.700630833624551;0;13;-0.2891891891891892;4.68025233344982;2.5;6
285;2022;0;2.0987524639084776;0;2;-0.44721359549995787;0.839500985563391;2.5;6
285;2023;0;2.0987524639084776;0;2;-0.44721359549995787;0.839500985563391;2.5;6
285;2024;0;2.0987524639084776;0;2;-0.44721359549995787;0.839500985563391;2.5;6
285;2025;0;2.0987524639084776;0;2;-0.44721359549995787;0.839500985563391;2.5;6
286;2022;0;1.4433756729740645;0;2;-0.3535533905932737;0.5773502691896258;2.5;6
286;2023;0;1.4433756729740645;0;2;-0.3535533905932737;0.5773502691896258;2.5;6
286;2024;0;1.4433756729740645;0;2;-0.3535533905932737;0.5773502691896258;2.5;6
286;2025;0;1.4433756729740645;0;2;-0.3535533905932737;0.5773502691896258;2.5;6
287;2022;0;1.1312656207813883;0;1;-0.26967994498529685;0.4525062483125553;2.5;6
287;2023;0;1.1312656207813883;0;1;-0.26967994498529685;0.4525062483125553;2.5;6
287;2024;0;1.1312656207813883;0;1;-0.26967994498529685;0.4525062483125553;2.5;6
287;2025;0;1.1312656207813883;0;1;-0.26967994498529685;0.4525062483125553;2.5;6
288;2022;0;0.0;0;0;;0.0;2.5;5
288;2023;0;0.0;0;0;;0.0;2.5;5
288;2024;0;0.0;0;0;;0.0;2.5;5
288;2025;0;0.0;0;0;;0.0;2.5;5
289;2022;5;5.558134322131508;0;10;0.4464700977364077;2.2232537288526033;2.5;6
289;2023;5;5.558134322131508;0;11;0.4464700977364077;2.2232537288526033;2.5;6
289;2024;5;5.558134322131508;0;11;0.4464700977364077;2.2232537288526033;2.5;6
289;2025;6;5.558134322131508;0;11;0.4464700977364077;2.2232537288526033;2.5;6
290;2022;0;0.0;0;0;;0.0;2.5;6
290;2023;0;0.0;0;0;;0.0;2.5;6
290;2024;0;0.0;0;0;;0.0;2.5;6
290;2025;0;0.0;0;0;;0.0;2.5;6
291;2022;0;0.0;0;0;;0.0;2.5;6
291;2023;0;0.0;0;0;;0.0;2.5;6
291;2024;0;0.0;0;0;;0.0;2.5;6
291;2025;0;0.0;0;0;;0.0;2.5;6
292;2022;33;30.352590695108614;2;63;0.2698555336486297;12.141036278043446;2.5;6
292;2023;28;30.352590695108614;0;59;0.2698555336486297;12.141036278043446;2.5;6
292;2024;24;30.352590695108614;0;54;0.2698555336486297;12.141036278043446;2.5;6
292;2025;19;30.352590695108614;0;50;0.2698555336486297;12.141036278043446;2.5;6
293;2022;6;3.9523952954415593;2;10;-0.7402162834910776;2.6349301969610397;1.5;6
293;2023;4;3.9523952954415593;0;8;-0.7402162834910776;2.6349301969610397;1.5;6
293;2024;2;3.9523952954415593;0;6;-0.7402162834910776;2.6349301969610397;1.5;6
293;2025;0;3.9523952954415593;0;3;-0.7402162834910776;2.6349301969610397;1.5;6
294;2022;1;1.321525092999968;0;2;0.7905694150420949;0.8810167286666454;1.5;6
294;2023;1;1.321525092999968;0;2;0.7905694150420949;0.8810167286666454;1.5;6
294;2024;1;1.321525092999968;0;2;0.7905694150420949;0.8810167286666454;1.5;6
294;2025;1;1.321525092999968;0;2;0.7905694150420949;0.8810167286666454;1.5;6
295;2022;0;2.2625312415627765;0;3;-0.29277002188455997;0.9050124966251106;2.5;6
295;2023;0;2.2625312415627765;0;3;-0.29277002188455997;0.9050124966251106;2.5;6
295;2024;0;2.2625312415627765;0;3;-0.29277002188455997;0.9050124966251106;2.5;6
295;2025;1;2.2625312415627765;0;3;-0.29277002188455997;0.9050124966251106;2.5;6
296;2022;0;0.7319250547113998;0;1;0.11111111111111109;0.2927700218845599;2.5;6
296;2023;0;0.7319250547113998;0;1;0.11111111111111109;0.2927700218845599;2.5;6
296;2024;0;0.7319250547113998;0;1;0.11111111111111109;0.2927700218845599;2.5;6
296;2025;0;0.7319250547113998;0;0;0.11111111111111109;0.2927700218845599;2.5;6
297;2022;14;9.651671456528335;4;23;0.09380868048787724;3.8606685826113343;2.5;6
297;2023;14;9.651671456528335;5;24;0.09380868048787724;3.8606685826113343;2.5;6
297;2024;15;9.651671456528335;5;24;0.09380868048787724;3.8606685826113343;2.5;6
297;2025;15;9.651671456528335;6;25;0.09380868048787724;3.8606685826113343;2.5;6
298;2022;0;3.549647869859827;0;4;-0.5773502691896257;1.7748239349299135;2.0;4
298;2023;0;3.549647869859827;0;4;-0.5773502691896257;1.7748239349299135;2.0;4
299;2022;4;2.267786838055363;1;6;0.7042283010501637;1.5118578920369088;1.5;6
299;2023;5;2.267786838055363;2;7;0.7042283010501637;1.5118578920369088;1.5;6
299;2024;6;2.267786838055363;4;8;0.7042283010501637;1.5118578920369088;1.5;6
299;2025;7;2.267786838055363;5;9;0.7042283010501637;1.5118578920369088;1.5;6
300;2022;2;15.740643479313615;0;18;-0.29277002188455997;6.296257391725446;2.5;6
300;2023;1;15.740643479313615;0;16;-0.29277002188455997;6.296257391725446;2.5;6
300;2024;0;15.740643479313615;0;15;-0.29277002188455997;6.296257391725446;2.5;6
300;2025;0;15.740643479313615;0;14;-0.29277002188455997;6.296257391725446;2.5;6
301;2022;5;8.900909530839558;0;14;-0.0507005764709268;3.560363812335823;2.5;6
301;2023;5;8.900909530839558;0;14;-0.0507005764709268;3.560363812335823;2.5;6
301;2024;5;8.900909530839558;0;14;-0.0507005764709268;3.560363812335823;2.5;6
301;2025;5;8.900909530839558;0;14;-0.0507005764709268;3.560363812335823;2.5;6
302;2022;1;8.395009855633896;0;10;0.58131835897618;4.197504927816948;2.0;6
302;2023;0;8.395009855633896;0;9;0.58131835897618;4.197504927816948;2.0;6
302;2024;0;8.395009855633896;0;8;0.58131835897618;4.197504927816948;2.0;6
302;2025;0;8.395009855633896;0;7;0.58131835897618;4.197504927816948;2.0;6
303;2022;1;3.166979934379402;0;4;-0.05913123959890826;1.2667919737517608;2.5;6
303;2023;0;3.166979934379402;0;3;-0.05913123959890826;1.2667919737517608;2.5;6
303;2024;0;3.166979934379402;0;3;-0.05913123959890826;1.2667919737517608;2.5;6
303;2025;0;3.166979934379402;0;3;-0.05913123959890826;1.2667919737517608;2.5;6
304;2022;0;0.0;0;0;;0.0;2.5;6
304;2023;0;0.0;0;0;;0.0;2.5;6
304;2024;0;0.0;0;0;;0.0;2.5;6
304;2025;0;0.0;0;0;;0.0;2.5;6
305;2022;1;1.0690449676496976;0;2;0.9045340337332907;1.0690449676496976;1.0;6
305;2023;1;1.0690449676496976;0;2;0.9045340337332907;1.0690449676496976;1.0;6
305;2024;0;1.0690449676496976;0;1;0.9045340337332907;1.0690449676496976;1.0;6
305;2025;0;1.0690449676496976;0;1;0.9045340337332907;1.0690449676496976;1.0;6
306;2022;2;5.341660166402678;0;8;-0.678471265530045;2.670830083201339;2.0;6
306;2023;2;5.341660166402678;0;7;-0.678471265530045;2.670830083201339;2.0;6
306;2024;2;5.341660166402678;0;7;-0.678471265530045;2.670830083201339;2.0;6
306;2025;1;5.341660166402678;0;7;-0.678471265530045;2.670830083201339;2.0;6
307;2022;11;8.630993431757876;2;20;0.2840908309807758;3.4523973727031505;2.5;6
307;2023;11;8.630993431757876;2;19;0.2840908309807758;3.4523973727031505;2.5;6
307;2024;11;8.630993431757876;2;19;0.2840908309807758;3.4523973727031505;2.5;6
307;2025;10;8.630993431757876;2;19;0.2840908309807758;3.4523973727031505;2.5;6
308;2022;1;2.2625312415627765;0;3;-0.2;0.9050124966251106;2.5;6
308;2023;1;2.2625312415627765;0;3;-0.2;0.9050124966251106;2.5;6
308;2024;1;2.2625312415627765;0;3;-0.2;0.9050124966251106;2.5;6
308;2025;0;2.2625312415627765;0;3;-0.2;0.9050124966251106;2.5;6
309;2022;0;1.4121075097341556;0;2;-2.5696669785706153e-17;0.5648430038936623;2.5;6
309;2023;0;1.4121075097341556;0;2;-2.5696669785706153e-17;0.5648430038936623;2.5;6
309;2024;0;1.4121075097341556;0;2;-2.5696669785706153e-17;0.5648430038936623;2.5;6
309;2025;1;1.4121075097341556;0;2;-2.5696669785706153e-17;0.5648430038936623;2.5;6
310;2022;1;8.39500985563391;0;9;0.19999999999999998;3.358003942253564;2.5;6
310;2023;0;8.39500985563391;0;9;0.19999999999999998;3.358003942253564;2.5;6
310;2024;0;8.39500985563391;0;8;0.19999999999999998;3.358003942253564;2.5;6
310;2025;0;8.39500985563391;0;7;0.19999999999999998;3.358003942253564;2.5;6
311;2022;0;0.0;0;0;;0.0;2.5;6
311;2023;0;0.0;0;0;;0.0;2.5;6
311;2024;0;0.0;0;0;;0.0;2.5;6
311;2025;0;0.0;0;0;;0.0;2.5;6
312;2022;23;14.576563054307108;8;37;0.6223487282351443;7.288281527153554;2.0;6
312;2023;23;14.576563054307108;8;37;0.6223487282351443;7.288281527153554;2.0;6
312;2024;22;14.576563054307108;8;37;0.6223487282351443;7.288281527153554;2.0;6
312;2025;22;14.576563054307108;8;37;0.6223487282351443;7.288281527153554;2.0;6
313;2022;3;6.473388749701494;0;10;0.1863934992584733;2.5893554998805977;2.5;6
313;2023;3;6.473388749701494;0;10;0.1863934992584733;2.5893554998805977;2.5;6
313;2024;3;6.473388749701494;0;10;0.1863934992584733;2.5893554998805977;2.5;6
313;2025;3;6.473388749701494;0;10;0.1863934992584733;2.5893554998805977;2.5;6
314;2022;2;2.295181287579947;0;4;-0.3646984043128985;0.9180725150319787;2.5;6
314;2023;2;2.295181287579947;0;4;-0.3646984043128985;0.9180725150319787;2.5;6
314;2024;2;2.295181287579947;0;4;-0.3646984043128985;0.9180725150319787;2.5;6
314;2025;2;2.295181287579947;0;4;-0.3646984043128985;0.9180725150319787;2.5;6
315;2024;0;0.0;0;0;;0.0;2.5;4
315;2025;0;0.0;0;0;;0.0;2.5;4
316;2022;1;2.886751345948129;0;4;0.3535533905932738;1.1547005383792517;2.5;6
316;2023;1;2.886751345948129;0;4;0.3535533905932738;1.1547005383792517;2.5;6
316;2024;1;2.886751345948129;0;4;0.3535533905932738;1.1547005383792517;2.5;6
316;2025;1;2.886751345948129;0;4;0.3535533905932738;1.1547005383792517;2.5;6
317;2022;0;0.0;0;0;;0.0;2.5;6
317;2023;0;0.0;0;0;;0.0;2.5;6
317;2024;0;0.0;0;0;;0.0;2.5;6
317;2025;0;0.0;0;0;;0.0;2.5;6
318;2022;3;7.035200609723061;0;10;-0.19306904406306485;2.8140802438892245;2.5;6
318;2023;3;7.035200609723061;0;10;-0.19306904406306485;2.8140802438892245;2.5;6
318;2024;3;7.035200609723061;0;10;-0.19306904406306485;2.8140802438892245;2.5;6
318;2025;2;7.035200609723061;0;9;-0.19306904406306485;2.8140802438892245;2.5;6
319;2022;0;1.1312656207813905;0;1;-0.3369101405074288;0.4525062483125562;2.5;6
319;2023;0;1.1312656207813905;0;1;-0.3369101405074288;0.4525062483125562;2.5;6
319;2024;0;1.1312656207813905;0;1;-0.3369101405074288;0.4525062483125562;2.5;6
319;2025;0;1.1312656207813905;0;1;-0.3369101405074288;0.4525062483125562;2.5;6
320;2022;0;1.7251638983559543;0;2;-0.4000000000000001;0.6900655593423817;2.5;6
320;2023;1;1.7251638983559543;0;2;-0.4000000000000001;0.6900655593423817;2.5;6
320;2024;1;1.7251638983559543;0;3;-0.4000000000000001;0.6900655593423817;2.5;6
320;2025;1;1.7251638983559543;0;3;-0.4000000000000001;0.6900655593423817;2.5;6
321;2022;0;0.678759372468833;0;1;0.87831006565368;0.4525062483125553;1.5;6
321;2023;0;0.678759372468833;0;1;0.87831006565368;0.4525062483125553;1.5;6
321;2024;0;0.678759372468833;0;1;0.87831006565368;0.4525062483125553;1.5;6
321;2025;0;0.678759372468833;0;1;0.87831006565368;0.4525062483125553;1.5;6
322;2022;1;2.138924963620761;0;3;-0.7576160802966968;1.4259499757471739;1.5;6
322;2023;1;2.138924963620761;0;3;-0.7576160802966968;1.4259499757471739;1.5;6
322;2024;1;2.138924963620761;0;3;-0.7576160802966968;1.4259499757471739;1.5;6
322;2025;0;2.138924963620761;0;3;-0.7576160802966968;1.4259499757471739;1.5;6
323;2022;2;4.598136268408782;0;7;-0.5946658208440883;2.299068134204391;2.0;6
323;2023;1;4.598136268408782;0;6;-0.5946658208440883;2.299068134204391;2.0;6
323;2024;0;4.598136268408782;0;5;-0.5946658208440883;2.299068134204391;2.0;6
323;2025;0;4.598136268408782;0;4;-0.5946658208440883;2.299068134204391;2.0;6
324;2022;2;4.475462200126583;0;6;-7.871810729405867e-18;1.7901848800506333;2.5;6
324;2023;2;4.475462200126583;0;6;-7.871810729405867e-18;1.7901848800506333;2.5;6
324;2024;2;4.475462200126583;0;6;-7.871810729405867e-18;1.7901848800506333;2.5;6
324;2025;2;4.475462200126583;0;6;-7.871810729405867e-18;1.7901848800506333;2.5;6
325;2022;1;2.333758464672076;0;4;-0.14439328533356685;0.9335033858688304;2.5;6
325;2023;1;2.333758464672076;0;4;-0.14439328533356685;0.9335033858688304;2.5;6
325;2024;1;2.333758464672076;0;4;-0.14439328533356685;0.9335033858688304;2.5;6
325;2025;1;2.333758464672076;0;4;-0.14439328533356685;0.9335033858688304;2.5;6
326;2022;0;1.4121075097341556;0;2;-0.428746462856272;0.5648430038936623;2.5;6
326;2023;0;1.4121075097341556;0;2;-0.428746462856272;0.5648430038936623;2.5;6
326;2024;0;1.4121075097341556;0;2;-0.428746462856272;0.5648430038936623;2.5;6
326;2025;1;1.4121075097341556;0;2;-0.428746462856272;0.5648430038936623;2.5;6
327;2022;0;0.0;0;0;;0.0;2.5;5
327;2023;0;0.0;0;0;;0.0;2.5;5
327;2024;0;0.0;0;0;;0.0;2.5;5
327;2025;0;0.0;0;0;;0.0;2.5;5
328;2022;1;1.2592514783450857;0;2;0.7938841860374446;0.8395009855633905;1.5;6
328;2023;1;1.2592514783450857;0;2;0.7938841860374446;0.8395009855633905;1.5;6
328;2024;1;1.2592514783450857;0;2;0.7938841860374446;0.8395009855633905;1.5;6
328;2025;1;1.2592514783450857;0;2;0.7938841860374446;0.8395009855633905;1.5;6
329;2022;4;14.002550788032464;0;18;-0.17118419700436516;5.601020315212986;2.5;6
329;2023;4;14.002550788032464;0;18;-0.17118419700436516;5.601020315212986;2.5;6
329;2024;4;14.002550788032464;0;18;-0.17118419700436516;5.601020315212986;2.5;6
329;2025;5;14.002550788032464;0;19;-0.17118419700436516;5.601020315212986;2.5;6
330;2022;3;9.771191865693282;0;13;0.29488391230979427;3.908476746277313;2.5;6
330;2023;4;9.771191865693282;0;13;0.29488391230979427;3.908476746277313;2.5;6
330;2024;4;9.771191865693282;0;13;0.29488391230979427;3.908476746277313;2.5;6
330;2025;4;9.771191865693282;0;14;0.29488391230979427;3.908476746277313;2.5;6
331;2022;0;0.0;0;0;;0.0;2.5;5
331;2023;0;0.0;0;0;;0.0;2.5;5
331;2024;0;0.0;0;0;;0.0;2.5;5
331;2025;0;0.0;0;0;;0.0;2.5;5
332;2022;0;0.0;0;0;;0.0;2.5;6
332;2023;0;0.0;0;0;;0.0;2.5;6
332;2024;0;0.0;0;0;;0.0;2.5;6
332;2025;0;0.0;0;0;;0.0;2.5;6
333;2022;1;2.1021530912489794;0;3;0.6139406135149205;1.0510765456244897;2.0;6
333;2023;0;2.1021530912489794;0;2;0.6139406135149205;1.0510765456244897;2.0;6
333;2024;0;2.1021530912489794;0;2;0.6139406135149205;1.0510765456244897;2.0;6
333;2025;0;2.1021530912489794;0;2;0.6139406135149205;1.0510765456244897;2.0;6
334;2022;1;4.2713051423479005;0;5;-0.38071556492073283;1.7085220569391604;2.5;6
334;2023;0;4.2713051423479005;0;5;-0.38071556492073283;1.7085220569391604;2.5;6
334;2024;0;4.2713051423479005;0;4;-0.38071556492073283;1.7085220569391604;2.5;6
334;2025;0;4.2713051423479005;0;4;-0.38071556492073283;1.7085220569391604;2.5;6
335;2022;1;1.9441609770699952;0;3;-0.27386127875258304;0.7776643908279981;2.5;6
335;2023;1;1.9441609770699952;0;3;-0.27386127875258304;0.7776643908279981;2.5;6
335;2024;1;1.9441609770699952;0;3;-0.27386127875258304;0.7776643908279981;2.5;6
335;2025;1;1.9441609770699952;0;3;-0.27386127875258304;0.7776643908279981;2.5;6
336;2022;8;11.133657679906154;0;19;0.4983127736885168;4.453463071962462;2.5;6
336;2023;7;11.133657679906154;0;18;0.4983127736885168;4.453463071962462;2.5;6
336;2024;6;11.133657679906154;0;17;0.4983127736885168;4.453463071962462;2.5;6
336;2025;5;11.133657679906154;0;16;0.4983127736885168;4.453463071962462;2.5;6
337;2022;21;11.627553482998344;9;32;-0.5978043313870478;5.813776741499172;2.0;6
337;2023;18;11.627553482998344;7;30;-0.5978043313870478;5.813776741499172;2.0;6
337;2024;16;11.627553482998344;4;28;-0.5978043313870478;5.813776741499172;2.0;6
337;2025;14;11.627553482998344;2;25;-0.5978043313870478;5.813776741499172;2.0;6
338;2022;1;2.7386127875258306;0;4;-0.7050239879106324;1.8257418583505538;1.5;6
338;2023;1;2.7386127875258306;0;4;-0.7050239879106324;1.8257418583505538;1.5;6
338;2024;1;2.7386127875258306;0;4;-0.7050239879106324;1.8257418583505538;1.5;6
338;2025;1;2.7386127875258306;0;4;-0.7050239879106324;1.8257418583505538;1.5;6
339;2022;3;5.2098807225173;0;8;0.13141220939221304;2.08395228900692;2.5;6
339;2023;3;5.2098807225173;0;8;0.13141220939221304;2.08395228900692;2.5;6
339;2024;2;5.2098807225173;0;7;0.13141220939221304;2.08395228900692;2.5;6
339;2025;2;5.2098807225173;0;7;0.13141220939221304;2.08395228900692;2.5;6
340;2022;5;9.784888738204826;0;15;0.33236028202745954;3.91395549528193;2.5;6
340;2023;4;9.784888738204826;0;14;0.33236028202745954;3.91395549528193;2.5;6
340;2024;2;9.784888738204826;0;12;0.33236028202745954;3.91395549528193;2.5;6
340;2025;1;9.784888738204826;0;11;0.33236028202745954;3.91395549528193;2.5;6
341;2022;1;2.711307890334566;0;4;0.30949223029508643;1.0845231561338264;2.5;6
341;2023;1;2.711307890334566;0;4;0.30949223029508643;1.0845231561338264;2.5;6
341;2024;1;2.711307890334566;0;4;0.30949223029508643;1.0845231561338264;2.5;6
341;2025;1;2.711307890334566;0;4;0.30949223029508643;1.0845231561338264;2.5;6
342;2022;5;5.832482931210087;0;11;-0.14097823229181566;2.332993172484035;2.5;6
342;2023;4;5.832482931210087;0;10;-0.14097823229181566;2.332993172484035;2.5;6
342;2024;3;5.832482931210087;0;9;-0.14097823229181566;2.332993172484035;2.5;6
342;2025;1;5.832482931210087;0;7;-0.14097823229181566;2.332993172484035;2.5;6
343;2022;2;3.8498608509176755;0;6;0.18677184190940715;1.5399443403670703;2.5;6
343;2023;1;3.8498608509176755;0;5;0.18677184190940715;1.5399443403670703;2.5;6
343;2024;0;3.8498608509176755;0;4;0.18677184190940715;1.5399443403670703;2.5;6
343;2025;0;3.8498608509176755;0;3;0.18677184190940715;1.5399443403670703;2.5;6
344;2022;4;6.926484712766676;0;11;0.4939190662001659;2.7705938851066705;2.5;6
344;2023;4;6.926484712766676;0;11;0.4939190662001659;2.7705938851066705;2.5;6
344;2024;4;6.926484712766676;0;11;0.4939190662001659;2.7705938851066705;2.5;6
344;2025;4;6.926484712766676;0;11;0.4939190662001659;2.7705938851066705;2.5;6
345;2022;1;1.5553287816560284;0;2;0.5485803850589933;0.7776643908280142;2.0;6
345;2023;0;1.5553287816560284;0;2;0.5485803850589933;0.7776643908280142;2.0;6
345;2024;0;1.5553287816560284;0;1;0.5485803850589933;0.7776643908280142;2.0;6
345;2025;0;1.5553287816560284;0;1;0.5485803850589933;0.7776643908280142;2.0;6
346;2022;10;13.98660073069931;0;24;0.2487520362719681;5.594640292279724;2.5;6
346;2023;9;13.98660073069931;0;23;0.2487520362719681;5.594640292279724;2.5;6
346;2024;9;13.98660073069931;0;23;0.2487520362719681;5.594640292279724;2.5;6
346;2025;9;13.98660073069931;0;23;0.2487520362719681;5.594640292279724;2.5;6
347;2022;1;2.8005101576064915;0;4;0.7929164276288964;1.8670067717376608;1.5;6
347;2023;1;2.8005101576064915;0;4;0.7929164276288964;1.8670067717376608;1.5;6
347;2024;1;2.8005101576064915;0;4;0.7929164276288964;1.8670067717376608;1.5;6
347;2025;1;2.8005101576064915;0;4;0.7929164276288964;1.8670067717376608;1.5;6
348;2022;4;5.700877125495671;0;9;0.14395064616559172;2.2803508501982686;2.5;6
348;2023;4;5.700877125495671;0;10;0.14395064616559172;2.2803508501982686;2.5;6
348;2024;4;5.700877125495671;0;10;0.14395064616559172;2.2803508501982686;2.5;6
348;2025;4;5.700877125495671;0;10;0.14395064616559172;2.2803508501982686;2.5;6
349;2022;355;337.5057318737229;18;693;0.4403511631642681;135.00229274948916;2.5;6
349;2023;336;337.5057318737229;0;674;0.4403511631642681;135.00229274948916;2.5;6
349;2024;318;337.5057318737229;0;655;0.4403511631642681;135.00229274948916;2.5;6
349;2025;299;337.5057318737229;0;636;0.4403511631642681;135.00229274948916;2.5;6
350;2022;2;2.544836041121424;0;4;0.5629716863888061;1.272418020560712;2.0;6
350;2023;1;2.544836041121424;0;4;0.5629716863888061;1.272418020560712;2.0;6
350;2024;0;2.544836041121424;0;3;0.5629716863888061;1.272418020560712;2.0;6
350;2025;0;2.544836041121424;0;2;0.5629716863888061;1.272418020560712;2.0;6
351;2022;1;1.663687814121685;0;2;0.3646984043128985;0.6654751256486741;2.5;6
351;2023;1;1.663687814121685;0;3;0.3646984043128985;0.6654751256486741;2.5;6
351;2024;1;1.663687814121685;0;3;0.3646984043128985;0.6654751256486741;2.5;6
351;2025;2;1.663687814121685;0;3;0.3646984043128985;0.6654751256486741;2.5;6
352;2022;0;1.4433756729740645;0;2;0.3535533905932737;0.5773502691896258;2.5;6
352;2023;0;1.4433756729740645;0;2;0.3535533905932737;0.5773502691896258;2.5;6
352;2024;0;1.4433756729740645;0;2;0.3535533905932737;0.5773502691896258;2.5;6
352;2025;0;1.4433756729740645;0;2;0.3535533905932737;0.5773502691896258;2.5;6
353;2022;10;5.964178784328026;4;16;-0.9603883045630925;5.964178784328026;1.0;6
353;2023;10;5.964178784328026;4;16;-0.9603883045630925;5.964178784328026;1.0;6
353;2024;11;5.964178784328026;5;17;-0.9603883045630925;5.964178784328026;1.0;6
353;2025;11;5.964178784328026;5;17;-0.9603883045630925;5.964178784328026;1.0;6
354;2022;120;24.194450367210838;96;144;-0.6997683227293432;12.097225183605419;2.0;6
354;2023;116;24.194450367210838;92;140;-0.6997683227293432;12.097225183605419;2.0;6
354;2024;111;24.194450367210838;87;135;-0.6997683227293432;12.097225183605419;2.0;6
354;2025;107;24.194450367210838;83;131;-0.6997683227293432;12.097225183605419;2.0;6
355;2022;0;2.2625312415627765;0;3;0.10846522890932811;0.9050124966251106;2.5;6
355;2023;0;2.2625312415627765;0;3;0.10846522890932811;0.9050124966251106;2.5;6
355;2024;0;2.2625312415627765;0;2;0.10846522890932811;0.9050124966251106;2.5;6
355;2025;0;2.2625312415627765;0;2;0.10846522890932811;0.9050124966251106;2.5;6
356;2022;2;4.197504927816958;0;6;0.2570872483645304;1.679001971126783;2.5;6
356;2023;2;4.197504927816958;0;6;0.2570872483645304;1.679001971126783;2.5;6
356;2024;2;4.197504927816958;0;6;0.2570872483645304;1.679001971126783;2.5;6
356;2025;1;4.197504927816958;0;6;0.2570872483645304;1.679001971126783;2.5;6
357;2022;9;8.300172115255071;0;17;-0.7288854413570887;5.533448076836714;1.5;6
357;2023;8;8.300172115255071;0;16;-0.7288854413570887;5.533448076836714;1.5;6
357;2024;6;8.300172115255071;0;15;-0.7288854413570887;5.533448076836714;1.5;6
357;2025;5;8.300172115255071;0;14;-0.7288854413570887;5.533448076836714;1.5;6
358;2022;0;1.4121075097341556;0;2;-0.31622776601683794;0.5648430038936623;2.5;6
358;2023;0;1.4121075097341556;0;2;-0.31622776601683794;0.5648430038936623;2.5;6
358;2024;0;1.4121075097341556;0;2;-0.31622776601683794;0.5648430038936623;2.5;6
358;2025;1;1.4121075097341556;0;2;-0.31622776601683794;0.5648430038936623;2.5;6
359;2022;0;0.0;0;0;;0.0;2.5;6
359;2023;0;0.0;0;0;;0.0;2.5;6
359;2024;0;0.0;0;0;;0.0;2.5;6
359;2025;0;0.0;0;0;;0.0;2.5;6
360;2022;3;5.794085654478071;0;9;-0.1914027345266011;2.3176342617912282;2.5;6
360;2023;2;5.794085654478071;0;8;-0.1914027345266011;2.3176342617912282;2.5;6
360;2024;1;5.794085654478071;0;7;-0.1914027345266011;2.3176342617912282;2.5;6
360;2025;1;5.794085654478071;0;6;-0.1914027345266011;2.3176342617912282;2.5;6
361;2022;0;1.1312656207813883;0;1;0.29277002188455986;0.4525062483125553;2.5;6
361;2023;0;1.1312656207813883;0;1;0.29277002188455986;0.4525062483125553;2.5;6
361;2024;0;1.1312656207813883;0;1;0.29277002188455986;0.4525062483125553;2.5;6
361;2025;0;1.1312656207813883;0;1;0.29277002188455986;0.4525062483125553;2.5;6
362;2022;6;5.812035951778095;0;11;-0.1831858263618279;2.324814380711238;2.5;6
362;2023;5;5.812035951778095;0;11;-0.1831858263618279;2.324814380711238;2.5;6
362;2024;5;5.812035951778095;0;11;-0.1831858263618279;2.324814380711238;2.5;6
362;2025;4;5.812035951778095;0;10;-0.1831858263618279;2.324814380711238;2.5;6
363;2022;12;10.357421999522394;2;23;0.6733607013676559;5.178710999761197;2.0;6
363;2023;12;10.357421999522394;1;22;0.6733607013676559;5.178710999761197;2.0;6
363;2024;11;10.357421999522394;1;22;0.6733607013676559;5.178710999761197;2.0;6
363;2025;11;10.357421999522394;1;21;0.6733607013676559;5.178710999761197;2.0;6
364;2022;1;2.8242150194682356;0;4;0.20300517669800955;1.1296860077872943;2.5;6
364;2023;2;2.8242150194682356;0;4;0.20300517669800955;1.1296860077872943;2.5;6
364;2024;2;2.8242150194682356;0;5;0.20300517669800955;1.1296860077872943;2.5;6
364;2025;2;2.8242150194682356;0;5;0.20300517669800955;1.1296860077872943;2.5;6
365;2022;1;3.7914377220258033;0;5;-0.2809757434745082;1.5165750888103213;2.5;6
365;2023;2;3.7914377220258033;0;5;-0.2809757434745082;1.5165750888103213;2.5;6
365;2024;2;3.7914377220258033;0;6;-0.2809757434745082;1.5165750888103213;2.5;6
365;2025;2;3.7914377220258033;0;6;-0.2809757434745082;1.5165750888103213;2.5;6
366;2022;2;2.6049403612586386;0;4;;1.0419761445034554;2.5;6
366;2023;2;2.6049403612586386;0;4;;1.0419761445034554;2.5;6
366;2024;2;2.6049403612586386;0;5;;1.0419761445034554;2.5;6
366;2025;2;2.6049403612586386;0;5;;1.0419761445034554;2.5;6
367;2022;0;1.0327955589886446;0;1;0.6123724356957945;0.5163977794943223;2.0;5
367;2023;0;1.0327955589886446;0;1;0.6123724356957945;0.5163977794943223;2.0;5
367;2024;0;1.0327955589886446;0;1;0.6123724356957945;0.5163977794943223;2.0;5
368;2022;0;1.4121075097341556;0;2;-0.15811388300841897;0.5648430038936623;2.5;6
368;2023;0;1.4121075097341556;0;2;-0.15811388300841897;0.5648430038936623;2.5;6
368;2024;0;1.4121075097341556;0;2;-0.15811388300841897;0.5648430038936623;2.5;6
368;2025;1;1.4121075097341556;0;2;-0.15811388300841897;0.5648430038936623;2.5;6
369;2022;1;1.7251638983558513;0;2;-0.4472135954999579;0.6900655593423405;2.5;6
369;2023;0;1.7251638983558513;0;2;-0.4472135954999579;0.6900655593423405;2.5;6
369;2024;0;1.7251638983558513;0;2;-0.4472135954999579;0.6900655593423405;2.5;6
369;2025;0;1.7251638983558513;0;1;-0.4472135954999579;0.6900655593423405;2.5;6
370;2022;0;0.0;0;0;;0.0;2.5;6
370;2023;0;0.0;0;0;;0.0;2.5;6
370;2024;0;0.0;0;0;;0.0;2.5;6
370;2025;0;0.0;0;0;;0.0;2.5;6
371;2022;1;0.9050124966251124;0;1;-0.5330017908890261;0.4525062483125562;2.0;6
371;2023;0;0.9050124966251124;0;1;-0.5330017908890261;0.4525062483125562;2.0;6
371;2024;0;0.9050124966251124;0;1;-0.5330017908890261;0.4525062483125562;2.0;6
371;2025;0;0.9050124966251124;0;1;-0.5330017908890261;0.4525062483125562;2.0;6
372;2022;1;3.236694374850748;0;4;-0.44172610429938614;1.2946777499402993;2.5;6
372;2023;1;3.236694374850748;0;4;-0.44172610429938614;1.2946777499402993;2.5;6
372;2024;1;3.236694374850748;0;4;-0.44172610429938614;1.2946777499402993;2.5;6
372;2025;1;3.236694374850748;0;4;-0.44172610429938614;1.2946777499402993;2.5;6
373;2022;8;16.197552725202478;0;25;-0.7119281509852262;10.79836848346832;1.5;6
373;2023;7;16.197552725202478;0;23;-0.7119281509852262;10.79836848346832;1.5;6
373;2024;5;16.197552725202478;0;21;-0.7119281509852262;10.79836848346832;1.5;6
373;2025;3;16.197552725202478;0;20;-0.7119281509852262;10.79836848346832;1.5;6
374;2022;8;13.942910811762466;0;22;-0.4785279638829546;5.577164324704986;2.5;6
374;2023;8;13.942910811762466;0;22;-0.4785279638829546;5.577164324704986;2.5;6
374;2024;8;13.942910811762466;0;22;-0.4785279638829546;5.577164324704986;2.5;6
374;2025;8;13.942910811762466;0;22;-0.4785279638829546;5.577164324704986;2.5;6
375;2022;3;7.406158955638896;0;10;-0.021452116007007246;2.962463582255558;2.5;6
375;2023;2;7.406158955638896;0;10;-0.021452116007007246;2.962463582255558;2.5;6
375;2024;2;7.406158955638896;0;10;-0.021452116007007246;2.962463582255558;2.5;6
375;2025;2;7.406158955638896;0;10;-0.021452116007007246;2.962463582255558;2.5;6
376;2022;2;3.1669799343794263;0;5;0.4933986681611658;1.2667919737517706;2.5;6
376;2023;2;3.1669799343794263;0;6;0.4933986681611658;1.2667919737517706;2.5;6
376;2024;3;3.1669799343794263;0;6;0.4933986681611658;1.2667919737517706;2.5;6
376;2025;3;3.1669799343794263;0;6;0.4933986681611658;1.2667919737517706;2.5;6
377;2022;11;11.120283912100213;0;22;-0.04750714442405455;4.448113564840085;2.5;6
377;2023;11;11.120283912100213;0;22;-0.04750714442405455;4.448113564840085;2.5;6
377;2024;11;11.120283912100213;0;22;-0.04750714442405455;4.448113564840085;2.5;6
377;2025;11;11.120283912100213;0;22;-0.04750714442405455;4.448113564840085;2.5;6
378;2022;0;0.0;0;0;;0.0;2.5;5
378;2023;0;0.0;0;0;;0.0;2.5;5
378;2024;0;0.0;0;0;;0.0;2.5;5
379;2022;0;2.661453237111881;0;3;0.11980845957463071;1.0645812948447524;2.5;6
379;2023;0;2.661453237111881;0;3;0.11980845957463071;1.0645812948447524;2.5;6
379;2024;0;2.661453237111881;0;2;0.11980845957463071;1.0645812948447524;2.5;6
379;2025;0;2.661453237111881;0;2;0.11980845957463071;1.0645812948447524;2.5;6
380;2022;0;0.0;0;0;;0.0;2.5;6
380;2023;0;0.0;0;0;;0.0;2.5;6
380;2024;0;0.0;0;0;;0.0;2.5;6
380;2025;0;0.0;0;0;;0.0;2.5;6
381;2022;0;0.8625819491779084;0;1;-0.23904572186687875;0.34503277967116336;2.5;6
381;2023;0;0.8625819491779084;0;1;-0.23904572186687875;0.34503277967116336;2.5;6
381;2024;0;0.8625819491779084;0;1;-0.23904572186687875;0.34503277967116336;2.5;6
381;2025;0;0.8625819491779084;0;1;-0.23904572186687875;0.34503277967116336;2.5;6
382;2022;0;3.1481286958627157;0;4;0.1084652289093281;1.2592514783450863;2.5;6
382;2023;0;3.1481286958627157;0;3;0.1084652289093281;1.2592514783450863;2.5;6
382;2024;0;3.1481286958627157;0;3;0.1084652289093281;1.2592514783450863;2.5;6
382;2025;0;3.1481286958627157;0;3;0.1084652289093281;1.2592514783450863;2.5;6
383;2022;2;4.793348566106003;0;7;0.36068463695756986;1.9173394264424013;2.5;6
383;2023;2;4.793348566106003;0;7;0.36068463695756986;1.9173394264424013;2.5;6
383;2024;2;4.793348566106003;0;7;0.36068463695756986;1.9173394264424013;2.5;6
383;2025;2;4.793348566106003;0;7;0.36068463695756986;1.9173394264424013;2.5;6
384;2022;2;3.236694374850719;0;5;0.6224770185640826;1.6183471874253594;2.0;6
384;2023;2;3.236694374850719;0;6;0.6224770185640826;1.6183471874253594;2.0;6
384;2024;3;3.236694374850719;0;6;0.6224770185640826;1.6183471874253594;2.0;6
384;2025;3;3.236694374850719;0;6;0.6224770185640826;1.6183471874253594;2.0;6
385;2022;0;0.0;0;0;;0.0;2.5;6
385;2023;0;0.0;0;0;;0.0;2.5;6
385;2024;0;0.0;0;0;;0.0;2.5;6
385;2025;0;0.0;0;0;;0.0;2.5;6
386;2022;0;2.5776237398317363;0;3;-0.24999999999999997;1.0310494959326946;2.5;5
386;2023;0;2.5776237398317363;0;3;-0.24999999999999997;1.0310494959326946;2.5;5
386;2024;0;2.5776237398317363;0;3;-0.24999999999999997;1.0310494959326946;2.5;5
386;2025;0;2.5776237398317363;0;3;-0.24999999999999997;1.0310494959326946;2.5;5
387;2022;2;2.770593885106602;0;5;-0.5948769233030928;1.385296942553301;2.0;6
387;2023;1;2.770593885106602;0;4;-0.5948769233030928;1.385296942553301;2.0;6
387;2024;1;2.770593885106602;0;4;-0.5948769233030928;1.385296942553301;2.0;6
387;2025;0;2.770593885106602;0;3;-0.5948769233030928;1.385296942553301;2.0;6
388;2022;1;6.362090102803583;0;8;0.22618806872234026;2.544836041121433;2.5;6
388;2023;1;6.362090102803583;0;7;0.22618806872234026;2.544836041121433;2.5;6
388;2024;1;6.362090102803583;0;7;0.22618806872234026;2.544836041121433;2.5;6
388;2025;0;6.362090102803583;0;7;0.22618806872234026;2.544836041121433;2.5;6
389;2022;27;37.925365302569595;0;65;-0.11342478801207434;15.17014612102784;2.5;6
389;2023;22;37.925365302569595;0;60;-0.11342478801207434;15.17014612102784;2.5;6
389;2024;17;37.925365302569595;0;55;-0.11342478801207434;15.17014612102784;2.5;6
389;2025;11;37.925365302569595;0;49;-0.11342478801207434;15.17014612102784;2.5;6
390;2022;1;1.9132993194255532;0;3;-0.4285714285714286;0.7653197277702213;2.5;6
390;2023;1;1.9132993194255532;0;3;-0.4285714285714286;0.7653197277702213;2.5;6
390;2024;1;1.9132993194255532;0;3;-0.4285714285714286;0.7653197277702213;2.5;6
390;2025;1;1.9132993194255532;0;3;-0.4285714285714286;0.7653197277702213;2.5;6
391;2022;3;2.4765567494674574;1;6;0.512091556499189;1.2382783747337287;2.0;6
391;2023;4;2.4765567494674574;1;6;0.512091556499189;1.2382783747337287;2.0;6
391;2024;5;2.4765567494674574;2;7;0.512091556499189;1.2382783747337287;2.0;6
391;2025;5;2.4765567494674574;3;8;0.512091556499189;1.2382783747337287;2.0;6
392;2022;3;6.969320524371697;0;10;;2.787728209748679;2.5;6
392;2023;3;6.969320524371697;0;10;;2.787728209748679;2.5;6
392;2024;3;6.969320524371697;0;10;;2.787728209748679;2.5;6
392;2025;4;6.969320524371697;0;11;;2.787728209748679;2.5;6
393;2022;0;4.197504927816955;0;5;-0.44721359549995787;1.679001971126782;2.5;6
393;2023;0;4.197504927816955;0;4;-0.44721359549995787;1.679001971126782;2.5;6
393;2024;0;4.197504927816955;0;4;-0.44721359549995787;1.679001971126782;2.5;6
393;2025;0;4.197504927816955;0;4;-0.44721359549995787;1.679001971126782;2.5;6
394;2022;6;12.394315133118488;0;18;-0.6628503591245531;6.197157566559244;2.0;6
394;2023;5;12.394315133118488;0;17;-0.6628503591245531;6.197157566559244;2.0;6
394;2024;3;12.394315133118488;0;15;-0.6628503591245531;6.197157566559244;2.0;6
394;2025;2;12.394315133118488;0;14;-0.6628503591245531;6.197157566559244;2.0;6
395;2022;0;0.8091735937127059;0;1;0.06933752452815363;0.32366943748508237;2.5;6
395;2023;0;0.8091735937127059;0;1;0.06933752452815363;0.32366943748508237;2.5;6
395;2024;0;0.8091735937127059;0;1;0.06933752452815363;0.32366943748508237;2.5;6
395;2025;0;0.8091735937127059;0;0;0.06933752452815363;0.32366943748508237;2.5;6
396;2022;1;2.0557700445795186;0;3;-0.22727272727272727;0.8223080178318075;2.5;6
396;2023;1;2.0557700445795186;0;3;-0.22727272727272727;0.8223080178318075;2.5;6
396;2024;2;2.0557700445795186;0;4;-0.22727272727272727;0.8223080178318075;2.5;6
396;2025;2;2.0557700445795186;0;5;-0.22727272727272727;0.8223080178318075;2.5;6
397;2022;8;11.434336343620807;0;19;-0.3725614960720973;4.573734537448322;2.5;6
397;2023;6;11.434336343620807;0;17;-0.3725614960720973;4.573734537448322;2.5;6
397;2024;4;11.434336343620807;0;15;-0.3725614960720973;4.573734537448322;2.5;6
397;2025;1;11.434336343620807;0;13;-0.3725614960720973;4.573734537448322;2.5;6
398;2022;2;4.622924244612839;0;7;-0.5746304214759498;2.3114621223064193;2.0;6
398;2023;2;4.622924244612839;0;6;-0.5746304214759498;2.3114621223064193;2.0;6
398;2024;1;4.622924244612839;0;6;-0.5746304214759498;2.3114621223064193;2.0;6
398;2025;1;4.622924244612839;0;5;-0.5746304214759498;2.3114621223064193;2.0;6
399;2022;0;1.1296860077873372;0;1;0.5252257314388902;0.5648430038936686;2.0;6
399;2023;0;1.1296860077873372;0;1;0.5252257314388902;0.5648430038936686;2.0;6
399;2024;0;1.1296860077873372;0;1;0.5252257314388902;0.5648430038936686;2.0;6
399;2025;0;1.1296860077873372;0;1;0.5252257314388902;0.5648430038936686;2.0;6
400;2022;0;0.0;0;0;;0.0;2.5;4
400;2023;0;0.0;0;0;;0.0;2.5;4
400;2024;0;0.0;0;0;;0.0;2.5;4
401;2022;1;2.62769136406122;0;4;-0.2705008904002297;1.051076545624488;2.5;6
401;2023;1;2.62769136406122;0;3;-0.2705008904002297;1.051076545624488;2.5;6
401;2024;0;2.62769136406122;0;3;-0.2705008904002297;1.051076545624488;2.5;6
401;2025;0;2.62769136406122;0;2;-0.2705008904002297;1.051076545624488;2.5;6
402;2022;3;4.221120365833822;0;8;-0.7201930150864831;2.8140802438892147;1.5;6
402;2023;3;4.221120365833822;0;7;-0.7201930150864831;2.8140802438892147;1.5;6
402;2024;3;4.221120365833822;0;7;-0.7201930150864831;2.8140802438892147;1.5;6
402;2025;2;4.221120365833822;0;6;-0.7201930150864831;2.8140802438892147;1.5;6
403;2022;3;2.5627830854086953;0;6;-0.7585978110113522;1.7085220569391302;1.5;6
403;2023;3;2.5627830854086953;1;6;-0.7585978110113522;1.7085220569391302;1.5;6
403;2024;3;2.5627830854086953;1;6;-0.7585978110113522;1.7085220569391302;1.5;6
403;2025;4;2.5627830854086953;1;6;-0.7585978110113522;1.7085220569391302;1.5;6
404;2022;1;2.8242150194683617;0;4;-0.30671917946594857;1.1296860077873447;2.5;6
404;2023;0;2.8242150194683617;0;3;-0.30671917946594857;1.1296860077873447;2.5;6
404;2024;0;2.8242150194683617;0;3;-0.30671917946594857;1.1296860077873447;2.5;6
404;2025;0;2.8242150194683617;0;3;-0.30671917946594857;1.1296860077873447;2.5;6
405;2022;1;3.4200041771068896;0;5;0.37796447300922725;1.3680016708427558;2.5;6
405;2023;1;3.4200041771068896;0;5;0.37796447300922725;1.3680016708427558;2.5;6
405;2024;1;3.4200041771068896;0;5;0.37796447300922725;1.3680016708427558;2.5;6
405;2025;2;3.4200041771068896;0;5;0.37796447300922725;1.3680016708427558;2.5;6
406;2022;0;1.4121075097341715;0;2;-0.31622776601683794;0.5648430038936686;2.5;6
406;2023;0;1.4121075097341715;0;2;-0.31622776601683794;0.5648430038936686;2.5;6
406;2024;0;1.4121075097341715;0;2;-0.31622776601683794;0.5648430038936686;2.5;6
406;2025;1;1.4121075097341715;0;2;-0.31622776601683794;0.5648430038936686;2.5;6
407;2022;8;6.900655593423473;1;15;0.6349153026569536;3.4503277967117363;2.0;6
407;2023;9;6.900655593423473;2;16;0.6349153026569536;3.4503277967117363;2.0;6
407;2024;9;6.900655593423473;2;16;0.6349153026569536;3.4503277967117363;2.0;6
407;2025;10;6.900655593423473;3;17;0.6349153026569536;3.4503277967117363;2.0;6
408;2022;1;7.3456336236797615;0;8;0.0;2.9382534494719046;2.5;6
408;2023;0;7.3456336236797615;0;8;0.0;2.9382534494719046;2.5;6
408;2024;0;7.3456336236797615;0;7;0.0;2.9382534494719046;2.5;6
408;2025;0;7.3456336236797615;0;6;0.0;2.9382534494719046;2.5;6
409;2022;14;18.388984798100246;0;33;0.05648143787042763;7.355593919240098;2.5;6
409;2023;13;18.388984798100246;0;31;0.05648143787042763;7.355593919240098;2.5;6
409;2024;11;18.388984798100246;0;29;0.05648143787042763;7.355593919240098;2.5;6
409;2025;9;18.388984798100246;0;28;0.05648143787042763;7.355593919240098;2.5;6
410;2022;14;19.150096356838272;0;33;-0.21378745779149405;7.660038542735309;2.5;6
410;2023;8;19.150096356838272;0;27;-0.21378745779149405;7.660038542735309;2.5;6
410;2024;3;19.150096356838272;0;22;-0.21378745779149405;7.660038542735309;2.5;6
410;2025;0;19.150096356838272;0;16;-0.21378745779149405;7.660038542735309;2.5;6
411;2022;5;12.098307634501902;0;17;-0.32461373658059783;4.8393230538007606;2.5;6
411;2023;5;12.098307634501902;0;17;-0.32461373658059783;4.8393230538007606;2.5;6
411;2024;4;12.098307634501902;0;16;-0.32461373658059783;4.8393230538007606;2.5;6
411;2025;4;12.098307634501902;0;16;-0.32461373658059783;4.8393230538007606;2.5;6
412;2022;4;3.767814827115078;0;8;-0.30261376633440124;1.5071259308460312;2.5;6
412;2023;3;3.767814827115078;0;7;-0.30261376633440124;1.5071259308460312;2.5;6
412;2024;3;3.767814827115078;0;6;-0.30261376633440124;1.5071259308460312;2.5;6
412;2025;2;3.767814827115078;0;6;-0.30261376633440124;1.5071259308460312;2.5;6
413;2022;131;153.81139889023686;0;285;0.10159335002415923;61.524559556094744;2.5;6
413;2023;134;153.81139889023686;0;288;0.10159335002415923;61.524559556094744;2.5;6
413;2024;138;153.81139889023686;0;291;0.10159335002415923;61.524559556094744;2.5;6
413;2025;141;153.81139889023686;0;295;0.10159335002415923;61.524559556094744;2.5;6
414;2022;11;73.38702039124212;0;84;-0.2153599335987117;29.354808156496848;2.5;6
414;2023;6;73.38702039124212;0;79;-0.2153599335987117;29.354808156496848;2.5;6
414;2024;1;73.38702039124212;0;74;-0.2153599335987117;29.354808156496848;2.5;6
414;2025;0;73.38702039124212;0;69;-0.2153599335987117;29.354808156496848;2.5;6
415;2022;2;4.405083643333154;0;6;-0.2554098157036985;1.7620334573332617;2.5;6
415;2023;1;4.405083643333154;0;6;-0.2554098157036985;1.7620334573332617;2.5;6
415;2024;1;4.405083643333154;0;5;-0.2554098157036985;1.7620334573332617;2.5;6
415;2025;0;4.405083643333154;0;5;-0.2554098157036985;1.7620334573332617;2.5;6
416;2022;2;16.643138154177763;0;19;0.21477730258271857;6.657255261671105;2.5;6
416;2023;1;16.643138154177763;0;17;0.21477730258271857;6.657255261671105;2.5;6
416;2024;0;16.643138154177763;0;16;0.21477730258271857;6.657255261671105;2.5;6
416;2025;0;16.643138154177763;0;15;0.21477730258271857;6.657255261671105;2.5;6
417;2022;22;21.947583661337777;0;44;0.139482862862839;8.779033464535111;2.5;6
417;2023;21;21.947583661337777;0;43;0.139482862862839;8.779033464535111;2.5;6
417;2024;19;21.947583661337777;0;41;0.139482862862839;8.779033464535111;2.5;6
417;2025;18;21.947583661337777;0;40;0.139482862862839;8.779033464535111;2.5;6
418;2022;0;1.7251638983559543;0;2;0.4472135954999579;0.6900655593423817;2.5;6
418;2023;1;1.7251638983559543;0;2;0.4472135954999579;0.6900655593423817;2.5;6
418;2024;1;1.7251638983559543;0;3;0.4472135954999579;0.6900655593423817;2.5;6
418;2025;1;1.7251638983559543;0;3;0.4472135954999579;0.6900655593423817;2.5;6
419;2022;5;5.890064273236558;0;11;-0.7768470067010934;3.9267095154910385;1.5;6
419;2023;5;5.890064273236558;0;11;-0.7768470067010934;3.9267095154910385;1.5;6
419;2024;4;5.890064273236558;0;10;-0.7768470067010934;3.9267095154910385;1.5;6
419;2025;4;5.890064273236558;0;10;-0.7768470067010934;3.9267095154910385;1.5;6
420;2022;1;2.0916500663351805;0;3;-0.46291004988627565;0.8366600265340721;2.5;6
420;2023;1;2.0916500663351805;0;3;-0.46291004988627565;0.8366600265340721;2.5;6
420;2024;1;2.0916500663351805;0;3;-0.46291004988627565;0.8366600265340721;2.5;6
420;2025;1;2.0916500663351805;0;3;-0.46291004988627565;0.8366600265340721;2.5;6
421;2022;1;5.169737950437274;0;6;-0.30792318479945885;2.0678951801749097;2.5;6
421;2023;1;5.169737950437274;0;6;-0.30792318479945885;2.0678951801749097;2.5;6
421;2024;0;5.169737950437274;0;6;-0.30792318479945885;2.0678951801749097;2.5;6
421;2025;0;5.169737950437274;0;5;-0.30792318479945885;2.0678951801749097;2.5;6
422;2022;0;0.6473388749701647;0;1;-0.6123724356957945;0.32366943748508237;2.0;6
422;2023;0;0.6473388749701647;0;1;-0.6123724356957945;0.32366943748508237;2.0;6
422;2024;0;0.6473388749701647;0;0;-0.6123724356957945;0.32366943748508237;2.0;6
422;2025;0;0.6473388749701647;0;0;-0.6123724356957945;0.32366943748508237;2.0;6
423;2022;13;49.93614970759215;0;63;-0.6223346978672385;24.968074853796075;2.0;6
423;2023;7;49.93614970759215;0;57;-0.6223346978672385;24.968074853796075;2.0;6
423;2024;2;49.93614970759215;0;52;-0.6223346978672385;24.968074853796075;2.0;6
423;2025;0;49.93614970759215;0;46;-0.6223346978672385;24.968074853796075;2.0;6
424;2022;1;1.9895560643855776;0;3;-0.4308202184276647;0.795822425754231;2.5;6
424;2023;1;1.9895560643855776;0;3;-0.4308202184276647;0.795822425754231;2.5;6
424;2024;0;1.9895560643855776;0;2;-0.4308202184276647;0.795822425754231;2.5;6
424;2025;0;1.9895560643855776;0;2;-0.4308202184276647;0.795822425754231;2.5;6
425;2022;6;10.76258952730862;0;17;0.061588448413580056;4.305035810923448;2.5;6
425;2023;6;10.76258952730862;0;17;0.061588448413580056;4.305035810923448;2.5;6
425;2024;6;10.76258952730862;0;16;0.061588448413580056;4.305035810923448;2.5;6
425;2025;5;10.76258952730862;0;16;0.061588448413580056;4.305035810923448;2.5;6
426;2022;1;3.522884370187903;0;5;-0.25851824532964174;1.4091537480751612;2.5;6
426;2023;1;3.522884370187903;0;5;-0.25851824532964174;1.4091537480751612;2.5;6
426;2024;1;3.522884370187903;0;5;-0.25851824532964174;1.4091537480751612;2.5;6
426;2025;1;3.522884370187903;0;5;-0.25851824532964174;1.4091537480751612;2.5;6
427;2022;17;9.693210682396856;7;27;0.37522473007334817;3.8772842729587422;2.5;6
427;2023;18;9.693210682396856;8;28;0.37522473007334817;3.8772842729587422;2.5;6
427;2024;19;9.693210682396856;9;28;0.37522473007334817;3.8772842729587422;2.5;6
427;2025;19;9.693210682396856;10;29;0.37522473007334817;3.8772842729587422;2.5;6
428;2022;0;0.0;0;0;;0.0;2.5;6
428;2023;0;0.0;0;0;;0.0;2.5;6
428;2024;0;0.0;0;0;;0.0;2.5;6
428;2025;0;0.0;0;0;;0.0;2.5;6
429;2022;0;1.1312656207813883;0;1;0.19999999999999998;0.4525062483125553;2.5;6
429;2023;0;1.1312656207813883;0;1;0.19999999999999998;0.4525062483125553;2.5;6
429;2024;0;1.1312656207813883;0;1;0.19999999999999998;0.4525062483125553;2.5;6
429;2025;0;1.1312656207813883;0;1;0.19999999999999998;0.4525062483125553;2.5;6
430;2022;0;1.0493762319542388;0;1;0.38729833462074165;0.4197504927816955;2.5;6
430;2023;0;1.0493762319542388;0;1;0.38729833462074165;0.4197504927816955;2.5;6
430;2024;0;1.0493762319542388;0;1;0.38729833462074165;0.4197504927816955;2.5;6
430;2025;0;1.0493762319542388;0;1;0.38729833462074165;0.4197504927816955;2.5;6
431;2022;17;19.068329514569122;0;36;-0.08254870197175394;7.627331805827648;2.5;6
431;2023;18;19.068329514569122;0;37;-0.08254870197175394;7.627331805827648;2.5;6
431;2024;20;19.068329514569122;1;39;-0.08254870197175394;7.627331805827648;2.5;6
431;2025;21;19.068329514569122;2;40;-0.08254870197175394;7.627331805827648;2.5;6
432;2022;2;4.6387344333187635;0;7;0.2744874526718789;1.8554937733275052;2.5;6
432;2023;3;4.6387344333187635;0;8;0.2744874526718789;1.8554937733275052;2.5;6
432;2024;4;4.6387344333187635;0;8;0.2744874526718789;1.8554937733275052;2.5;6
432;2025;4;4.6387344333187635;0;9;0.2744874526718789;1.8554937733275052;2.5;6
433;2022;9;7.2598045362638715;2;16;-0.5932345306801138;3.6299022681319357;2.0;6
433;2023;12;7.2598045362638715;4;19;-0.5932345306801138;3.6299022681319357;2.0;6
433;2024;14;7.2598045362638715;7;21;-0.5932345306801138;3.6299022681319357;2.0;6
433;2025;17;7.2598045362638715;9;24;-0.5932345306801138;3.6299022681319357;2.0;6
434;2022;36;297.2769772291132;0;333;-0.24833500750848894;118.91079089164528;2.5;6
434;2023;12;297.2769772291132;0;310;-0.24833500750848894;118.91079089164528;2.5;6
434;2024;0;297.2769772291132;0;286;-0.24833500750848894;118.91079089164528;2.5;6
434;2025;0;297.2769772291132;0;262;-0.24833500750848894;118.91079089164528;2.5;6
435;2022;1;1.2946777499403277;0;2;0.6375767130633382;0.6473388749701638;2.0;6
435;2023;0;1.2946777499403277;0;2;0.6375767130633382;0.6473388749701638;2.0;6
435;2024;0;1.2946777499403277;0;1;0.6375767130633382;0.6473388749701638;2.0;6
435;2025;0;1.2946777499403277;0;1;0.6375767130633382;0.6473388749701638;2.0;6
436;2022;13;11.6308293116266;1;24;0.6984292451234428;5.8154146558133;2.0;6
436;2023;12;11.6308293116266;1;24;0.6984292451234428;5.8154146558133;2.0;6
436;2024;12;11.6308293116266;0;23;0.6984292451234428;5.8154146558133;2.0;6
436;2025;11;11.6308293116266;0;22;0.6984292451234428;5.8154146558133;2.0;6
437;2022;0;0.0;0;0;;0.0;2.5;6
437;2023;0;0.0;0;0;;0.0;2.5;6
437;2024;0;0.0;0;0;;0.0;2.5;6
437;2025;0;0.0;0;0;;0.0;2.5;6
438;2022;9;2.3966742830530863;7;12;0.40348355127528157;0.9586697132212345;2.5;6
438;2023;8;2.3966742830530863;5;10;0.40348355127528157;0.9586697132212345;2.5;6
438;2024;6;2.3966742830530863;3;8;0.40348355127528157;0.9586697132212345;2.5;6
438;2025;4;2.3966742830530863;2;6;0.40348355127528157;0.9586697132212345;2.5;6
439;2022;1;1.3363062095621219;0;2;;0.5345224838248488;2.5;6
439;2023;1;1.3363062095621219;0;2;;0.5345224838248488;2.5;6
439;2024;1;1.3363062095621219;0;2;;0.5345224838248488;2.5;6
439;2025;1;1.3363062095621219;0;2;;0.5345224838248488;2.5;6
440;2022;1;2.824215019468311;0;4;-0.39267936066461506;1.1296860077873245;2.5;6
440;2023;2;2.824215019468311;0;4;-0.39267936066461506;1.1296860077873245;2.5;6
440;2024;2;2.824215019468311;0;4;-0.39267936066461506;1.1296860077873245;2.5;6
440;2025;2;2.824215019468311;0;5;-0.39267936066461506;1.1296860077873245;2.5;6
441;2022;0;0.0;0;0;;0.0;2.5;6
441;2023;0;0.0;0;0;;0.0;2.5;6
441;2024;0;0.0;0;0;;0.0;2.5;6
441;2025;0;0.0;0;0;;0.0;2.5;6
442;2022;0;3.1481286958627157;0;4;-0.447213595499958;1.2592514783450863;2.5;6
442;2023;0;3.1481286958627157;0;3;-0.447213595499958;1.2592514783450863;2.5;6
442;2024;0;3.1481286958627157;0;3;-0.447213595499958;1.2592514783450863;2.5;6
442;2025;0;3.1481286958627157;0;3;-0.447213595499958;1.2592514783450863;2.5;6
443;2022;3;4.622666721606366;0;8;-0.05436602822195625;1.8490666886425464;2.5;6
443;2023;2;4.622666721606366;0;7;-0.05436602822195625;1.8490666886425464;2.5;6
443;2024;1;4.622666721606366;0;6;-0.05436602822195625;1.8490666886425464;2.5;6
443;2025;1;4.622666721606366;0;5;-0.05436602822195625;1.8490666886425464;2.5;6
444;2022;16;20.027600003614058;0;36;-0.5292656612446566;10.013800001807029;2.0;6
444;2023;11;20.027600003614058;0;32;-0.5292656612446566;10.013800001807029;2.0;6
444;2024;7;20.027600003614058;0;27;-0.5292656612446566;10.013800001807029;2.0;6
444;2025;3;20.027600003614058;0;23;-0.5292656612446566;10.013800001807029;2.0;6
445;2022;1;2.6726124191242437;0;4;-0.4642383454426296;1.0690449676496976;2.5;6
445;2023;1;2.6726124191242437;0;3;-0.4642383454426296;1.0690449676496976;2.5;6
445;2024;0;2.6726124191242437;0;3;-0.4642383454426296;1.0690449676496976;2.5;6
445;2025;0;2.6726124191242437;0;3;-0.4642383454426296;1.0690449676496976;2.5;6
446;2022;0;1.0493762319542388;0;1;0.10846522890932812;0.4197504927816955;2.5;6
446;2023;0;1.0493762319542388;0;1;0.10846522890932812;0.4197504927816955;2.5;6
446;2024;0;1.0493762319542388;0;1;0.10846522890932812;0.4197504927816955;2.5;6
446;2025;0;1.0493762319542388;0;2;0.10846522890932812;0.4197504927816955;2.5;6
447;2022;0;0.839500985563391;0;1;1.0;0.839500985563391;1.0;6
447;2023;0;0.839500985563391;0;1;1.0;0.839500985563391;1.0;6
447;2024;0;0.839500985563391;0;1;1.0;0.839500985563391;1.0;6
447;2025;0;0.839500985563391;0;1;1.0;0.839500985563391;1.0;6
448;2022;0;2.0987524639084776;0;2;-0.33218191941495984;0.839500985563391;2.5;6
448;2023;0;2.0987524639084776;0;2;-0.33218191941495984;0.839500985563391;2.5;6
448;2024;0;2.0987524639084776;0;2;-0.33218191941495984;0.839500985563391;2.5;6
448;2025;0;2.0987524639084776;0;2;-0.33218191941495984;0.839500985563391;2.5;6
449;2022;0;0.8091735937127059;0;1;-0.3429971702850177;0.32366943748508237;2.5;6
449;2023;0;0.8091735937127059;0;1;-0.3429971702850177;0.32366943748508237;2.5;6
449;2024;0;0.8091735937127059;0;1;-0.3429971702850177;0.32366943748508237;2.5;6
449;2025;0;0.8091735937127059;0;0;-0.3429971702850177;0.32366943748508237;2.5;6
450;2022;0;0.8091735937127059;0;1;0.11043152607484655;0.32366943748508237;2.5;6
450;2023;1;0.8091735937127059;0;1;0.11043152607484655;0.32366943748508237;2.5;6
450;2024;1;0.8091735937127059;0;2;0.11043152607484655;0.32366943748508237;2.5;6
450;2025;1;0.8091735937127059;0;2;0.11043152607484655;0.32366943748508237;2.5;6
451;2022;1;1.9132993194255532;0;3;0.4496179869976355;0.7653197277702213;2.5;6
451;2023;1;1.9132993194255532;0;3;0.4496179869976355;0.7653197277702213;2.5;6
451;2024;1;1.9132993194255532;0;3;0.4496179869976355;0.7653197277702213;2.5;6
451;2025;1;1.9132993194255532;0;3;0.4496179869976355;0.7653197277702213;2.5;6
452;2022;1;1.9669894811735777;0;3;0.21437323142813605;0.7867957924694311;2.5;6
452;2023;1;1.9669894811735777;0;3;0.21437323142813605;0.7867957924694311;2.5;6
452;2024;0;1.9669894811735777;0;2;0.21437323142813605;0.7867957924694311;2.5;6
452;2025;0;1.9669894811735777;0;2;0.21437323142813605;0.7867957924694311;2.5;6
453;2022;0;1.1312656207813883;0;1;0.29277002188456;0.4525062483125553;2.5;6
453;2023;0;1.1312656207813883;0;1;0.29277002188456;0.4525062483125553;2.5;6
453;2024;0;1.1312656207813883;0;1;0.29277002188456;0.4525062483125553;2.5;6
453;2025;0;1.1312656207813883;0;1;0.29277002188456;0.4525062483125553;2.5;6
454;2022;3;3.3466401061360846;0;7;0.5683985600588052;1.6733200530680423;2.0;6
454;2023;5;3.3466401061360846;1;8;0.5683985600588052;1.6733200530680423;2.0;6
454;2024;6;3.3466401061360846;3;9;0.5683985600588052;1.6733200530680423;2.0;6
454;2025;7;3.3466401061360846;4;11;0.5683985600588052;1.6733200530680423;2.0;6
455;2022;1;2.333758464672076;0;3;0.21821789023599236;0.9335033858688304;2.5;6
455;2023;1;2.333758464672076;0;3;0.21821789023599236;0.9335033858688304;2.5;6
455;2024;1;2.333758464672076;0;3;0.21821789023599236;0.9335033858688304;2.5;6
455;2025;1;2.333758464672076;0;3;0.21821789023599236;0.9335033858688304;2.5;6
456;2022;2;4.541475531146221;0;7;0.2752023353565414;1.8165902124584885;2.5;6
456;2023;3;4.541475531146221;0;7;0.2752023353565414;1.8165902124584885;2.5;6
456;2024;3;4.541475531146221;0;8;0.2752023353565414;1.8165902124584885;2.5;6
456;2025;3;4.541475531146221;0;8;0.2752023353565414;1.8165902124584885;2.5;6
457;2022;3;5.422615780669132;0;9;0.23145502494313783;2.169046312267653;2.5;6
457;2023;4;5.422615780669132;0;10;0.23145502494313783;2.169046312267653;2.5;6
457;2024;5;5.422615780669132;0;11;0.23145502494313783;2.169046312267653;2.5;6
457;2025;6;5.422615780669132;1;12;0.23145502494313783;2.169046312267653;2.5;6
458;2022;1;1.742330131092931;0;3;-0.4439372613002911;0.6969320524371724;2.5;6
458;2023;1;1.742330131092931;0;3;-0.4439372613002911;0.6969320524371724;2.5;6
458;2024;1;1.742330131092931;0;3;-0.4439372613002911;0.6969320524371724;2.5;6
458;2025;1;1.742330131092931;0;3;-0.4439372613002911;0.6969320524371724;2.5;6
459;2022;1;5.4636242985943895;0;7;0.438296584636358;2.185449719437756;2.5;6
459;2023;2;5.4636242985943895;0;7;0.438296584636358;2.185449719437756;2.5;6
459;2024;2;5.4636242985943895;0;7;0.438296584636358;2.185449719437756;2.5;6
459;2025;2;5.4636242985943895;0;8;0.438296584636358;2.185449719437756;2.5;6
460;2022;76;71.01884391114861;5;147;0.5925813406319842;35.509421955574304;2.0;6
460;2023;82;71.01884391114861;11;153;0.5925813406319842;35.509421955574304;2.0;6
460;2024;88;71.01884391114861;17;159;0.5925813406319842;35.509421955574304;2.0;6
460;2025;95;71.01884391114861;24;166;0.5925813406319842;35.509421955574304;2.0;6
461;2022;4;4.270329528937324;0;8;-0.7761352814566832;2.8468863526248827;1.5;6
461;2023;4;4.270329528937324;0;9;-0.7761352814566832;2.8468863526248827;1.5;6
461;2024;5;4.270329528937324;1;9;-0.7761352814566832;2.8468863526248827;1.5;6
461;2025;6;4.270329528937324;1;10;-0.7761352814566832;2.8468863526248827;1.5;6
462;2022;8;12.773204840789472;0;21;0.03555735135128998;5.109281936315789;2.5;6
462;2023;9;12.773204840789472;0;22;0.03555735135128998;5.109281936315789;2.5;6
462;2024;10;12.773204840789472;0;23;0.03555735135128998;5.109281936315789;2.5;6
462;2025;11;12.773204840789472;0;24;0.03555735135128998;5.109281936315789;2.5;6
463;2022;27;32.94656568560936;0;60;0.07141559541022513;13.178626274243744;2.5;6
463;2023;28;32.94656568560936;0;61;0.07141559541022513;13.178626274243744;2.5;6
463;2024;30;32.94656568560936;0;63;0.07141559541022513;13.178626274243744;2.5;6
463;2025;31;32.94656568560936;0;64;0.07141559541022513;13.178626274243744;2.5;6
464;2022;26;12.604326543653478;13;39;0.18470022193812458;5.041730617461392;2.5;6
464;2023;29;12.604326543653478;17;42;0.18470022193812458;5.041730617461392;2.5;6
464;2024;32;12.604326543653478;20;45;0.18470022193812458;5.041730617461392;2.5;6
464;2025;36;12.604326543653478;23;48;0.18470022193812458;5.041730617461392;2.5;6
465;2022;1;1.742330131092931;0;3;-0.21483446221182984;0.6969320524371724;2.5;6
465;2023;1;1.742330131092931;0;3;-0.21483446221182984;0.6969320524371724;2.5;6
465;2024;1;1.742330131092931;0;3;-0.21483446221182984;0.6969320524371724;2.5;6
465;2025;1;1.742330131092931;0;3;-0.21483446221182984;0.6969320524371724;2.5;6
466;2022;2;2.2025418216666135;0;4;-0.2390457218668788;0.8810167286666454;2.5;6
466;2023;2;2.2025418216666135;0;4;-0.2390457218668788;0.8810167286666454;2.5;6
466;2024;2;2.2025418216666135;0;4;-0.2390457218668788;0.8810167286666454;2.5;6
466;2025;2;2.2025418216666135;0;4;-0.2390457218668788;0.8810167286666454;2.5;6
467;2022;1;0.7319250547114831;0;2;0.1636634176769943;0.2927700218845932;2.5;6
467;2023;2;0.7319250547114831;1;2;0.1636634176769943;0.2927700218845932;2.5;6
467;2024;2;0.7319250547114831;1;3;0.1636634176769943;0.2927700218845932;2.5;6
467;2025;3;0.7319250547114831;2;3;0.1636634176769943;0.2927700218845932;2.5;6
468;2022;1;1.810024993250229;0;2;-0.6984302957695783;0.9050124966251145;2.0;6
468;2023;1;1.810024993250229;0;2;-0.6984302957695783;0.9050124966251145;2.0;6
468;2024;1;1.810024993250229;0;2;-0.6984302957695783;0.9050124966251145;2.0;6
468;2025;0;1.810024993250229;0;2;-0.6984302957695783;0.9050124966251145;2.0;6
469;2022;2;5.628160487778443;0;8;0.5252087685721974;2.8140802438892214;2.0;6
469;2023;3;5.628160487778443;0;8;0.5252087685721974;2.8140802438892214;2.0;6
469;2024;3;5.628160487778443;0;8;0.5252087685721974;2.8140802438892214;2.0;6
469;2025;3;5.628160487778443;0;9;0.5252087685721974;2.8140802438892214;2.0;6
470;2022;60;53.18795289662372;7;114;-0.29271660380628234;21.275181158649488;2.5;6
470;2023;49;53.18795289662372;0;102;-0.29271660380628234;21.275181158649488;2.5;6
470;2024;38;53.18795289662372;0;91;-0.29271660380628234;21.275181158649488;2.5;6
470;2025;26;53.18795289662372;0;79;-0.29271660380628234;21.275181158649488;2.5;6
471;2022;0;0.678759372468833;0;1;0.8;0.4525062483125553;1.5;6
471;2023;0;0.678759372468833;0;1;0.8;0.4525062483125553;1.5;6
471;2024;0;0.678759372468833;0;1;0.8;0.4525062483125553;1.5;6
471;2025;0;0.678759372468833;0;1;0.8;0.4525062483125553;1.5;6
472;2022;0;0.0;0;0;;0.0;2.5;6
472;2023;0;0.0;0;0;;0.0;2.5;6
472;2024;0;0.0;0;0;;0.0;2.5;6
472;2025;0;0.0;0;0;;0.0;2.5;6
473;2022;24;8.8457011350954;15;33;0.7679118506225237;5.8971340900636005;1.5;6
473;2023;24;8.8457011350954;15;33;0.7679118506225237;5.8971340900636005;1.5;6
473;2024;25;8.8457011350954;16;33;0.7679118506225237;5.8971340900636005;1.5;6
473;2025;25;8.8457011350954;16;34;0.7679118506225237;5.8971340900636005;1.5;6
474;2022;1;2.6726124191242437;0;4;0.408248290463863;1.0690449676496976;2.5;6
474;2023;1;2.6726124191242437;0;4;0.408248290463863;1.0690449676496976;2.5;6
474;2024;2;2.6726124191242437;0;4;0.408248290463863;1.0690449676496976;2.5;6
474;2025;2;2.6726124191242437;0;5;0.408248290463863;1.0690449676496976;2.5;6
475;2022;6;6.939363220408763;0;13;-0.38683430564070564;2.775745288163505;2.5;6
475;2023;6;6.939363220408763;0;13;-0.38683430564070564;2.775745288163505;2.5;6
475;2024;6;6.939363220408763;0;13;-0.38683430564070564;2.775745288163505;2.5;6
475;2025;6;6.939363220408763;0;13;-0.38683430564070564;2.775745288163505;2.5;6
476;2022;1;2.0557700445795186;0;3;0.10846522890932812;0.8223080178318075;2.5;6
476;2023;1;2.0557700445795186;0;3;0.10846522890932812;0.8223080178318075;2.5;6
476;2024;1;2.0557700445795186;0;3;0.10846522890932812;0.8223080178318075;2.5;6
476;2025;1;2.0557700445795186;0;3;0.10846522890932812;0.8223080178318075;2.5;6
477;2022;2;6.091367818869741;0;8;0.5573704017131538;3.0456839094348704;2.0;6
477;2023;1;6.091367818869741;0;7;0.5573704017131538;3.0456839094348704;2.0;6
477;2024;1;6.091367818869741;0;7;0.5573704017131538;3.0456839094348704;2.0;6
477;2025;0;6.091367818869741;0;6;0.5573704017131538;3.0456839094348704;2.0;6
478;2022;0;0.0;0;0;;0.0;2.5;6
478;2023;0;0.0;0;0;;0.0;2.5;6
478;2024;0;0.0;0;0;;0.0;2.5;6
478;2025;0;0.0;0;0;;0.0;2.5;6
479;2022;2;5.073859243125217;0;7;0.044499415948998484;2.029543697250087;2.5;6
479;2023;2;5.073859243125217;0;7;0.044499415948998484;2.029543697250087;2.5;6
479;2024;2;5.073859243125217;0;7;0.044499415948998484;2.029543697250087;2.5;6
479;2025;2;5.073859243125217;0;7;0.044499415948998484;2.029543697250087;2.5;6
480;2022;1;2.6276913640612873;0;4;-0.19728305039201208;1.051076545624515;2.5;6
480;2023;1;2.6276913640612873;0;4;-0.19728305039201208;1.051076545624515;2.5;6
480;2024;2;2.6276913640612873;0;4;-0.19728305039201208;1.051076545624515;2.5;6
480;2025;2;2.6276913640612873;0;5;-0.19728305039201208;1.051076545624515;2.5;6
481;2022;0;1.0493762319542388;0;1;;0.4197504927816955;2.5;6
481;2023;0;1.0493762319542388;0;1;;0.4197504927816955;2.5;6
481;2024;0;1.0493762319542388;0;1;;0.4197504927816955;2.5;6
481;2025;0;1.0493762319542388;0;2;;0.4197504927816955;2.5;6
482;2022;1;3.941537046091827;0;5;-0.4268827891384831;1.5766148184367308;2.5;6
482;2023;2;3.941537046091827;0;5;-0.4268827891384831;1.5766148184367308;2.5;6
482;2024;2;3.941537046091827;0;6;-0.4268827891384831;1.5766148184367308;2.5;6
482;2025;2;3.941537046091827;0;6;-0.4268827891384831;1.5766148184367308;2.5;6
483;2022;0;2.8712449597774863;0;3;-0.304908762734991;1.1484979839109946;2.5;6
483;2023;0;2.8712449597774863;0;3;-0.304908762734991;1.1484979839109946;2.5;6
483;2024;0;2.8712449597774863;0;3;-0.304908762734991;1.1484979839109946;2.5;6
483;2025;0;2.8712449597774863;0;2;-0.304908762734991;1.1484979839109946;2.5;6
484;2022;10;7.562595926192124;3;18;0.7192429694210752;5.041730617461416;1.5;6
484;2023;10;7.562595926192124;2;18;0.7192429694210752;5.041730617461416;1.5;6
484;2024;10;7.562595926192124;2;17;0.7192429694210752;5.041730617461416;1.5;6
484;2025;9;7.562595926192124;2;17;0.7192429694210752;5.041730617461416;1.5;6
485;2022;0;1.1312656207813883;0;1;0.44721359549995787;0.4525062483125553;2.5;6
485;2023;0;1.1312656207813883;0;1;0.44721359549995787;0.4525062483125553;2.5;6
485;2024;0;1.1312656207813883;0;1;0.44721359549995787;0.4525062483125553;2.5;6
485;2025;0;1.1312656207813883;0;1;0.44721359549995787;0.4525062483125553;2.5;6
486;2022;3;23.037882880574067;0;26;-0.34850187396931503;9.215153152229627;2.5;6
486;2023;1;23.037882880574067;0;24;-0.34850187396931503;9.215153152229627;2.5;6
486;2024;0;23.037882880574067;0;22;-0.34850187396931503;9.215153152229627;2.5;6
486;2025;0;23.037882880574067;0;19;-0.34850187396931503;9.215153152229627;2.5;6
487;2022;3;1.8100249932502248;1;5;-0.510723164041947;0.9050124966251124;2.0;6
487;2023;3;1.8100249932502248;1;5;-0.510723164041947;0.9050124966251124;2.0;6
487;2024;2;1.8100249932502248;1;4;-0.510723164041947;0.9050124966251124;2.0;6
487;2025;2;1.8100249932502248;0;4;-0.510723164041947;0.9050124966251124;2.0;6
488;2022;1;2.8867513459481287;0;4;0.05157106231293971;1.1547005383792515;2.5;6
488;2023;1;2.8867513459481287;0;4;0.05157106231293971;1.1547005383792515;2.5;6
488;2024;1;2.8867513459481287;0;4;0.05157106231293971;1.1547005383792515;2.5;6
488;2025;1;2.8867513459481287;0;4;0.05157106231293971;1.1547005383792515;2.5;6
489;2022;14;6.835655819026412;8;21;0.08751899489873675;2.7342623276105646;2.5;6
489;2023;15;6.835655819026412;8;22;0.08751899489873675;2.7342623276105646;2.5;6
489;2024;15;6.835655819026412;8;22;0.08751899489873675;2.7342623276105646;2.5;6
489;2025;15;6.835655819026412;8;22;0.08751899489873675;2.7342623276105646;2.5;6
490;2022;0;0.8625819491779084;0;1;0.0;0.34503277967116336;2.5;6
490;2023;0;0.8625819491779084;0;1;0.0;0.34503277967116336;2.5;6
490;2024;0;0.8625819491779084;0;1;0.0;0.34503277967116336;2.5;6
490;2025;0;0.8625819491779084;0;1;0.0;0.34503277967116336;2.5;6
491;2022;0;0.0;0;0;;0.0;2.5;6
491;2023;0;0.0;0;0;;0.0;2.5;6
491;2024;0;0.0;0;0;;0.0;2.5;6
491;2025;0;0.0;0;0;;0.0;2.5;6
492;2022;2;4.811939515908516;0;7;0.4154818018653855;1.9247758063634062;2.5;6
492;2023;2;4.811939515908516;0;7;0.4154818018653855;1.9247758063634062;2.5;6
492;2024;2;4.811939515908516;0;7;0.4154818018653855;1.9247758063634062;2.5;6
492;2025;2;4.811939515908516;0;7;0.4154818018653855;1.9247758063634062;2.5;6
493;2022;0;0.8625819491779771;0;1;-0.19999999999999998;0.34503277967119084;2.5;6
493;2023;0;0.8625819491779771;0;1;-0.19999999999999998;0.34503277967119084;2.5;6
493;2024;1;0.8625819491779771;0;1;-0.19999999999999998;0.34503277967119084;2.5;6
493;2025;1;0.8625819491779771;0;2;-0.19999999999999998;0.34503277967119084;2.5;6
494;2022;0;2.2625312415627765;0;3;0.0698430295769578;0.9050124966251106;2.5;6
494;2023;0;2.2625312415627765;0;3;0.0698430295769578;0.9050124966251106;2.5;6
494;2024;0;2.2625312415627765;0;2;0.0698430295769578;0.9050124966251106;2.5;6
494;2025;0;2.2625312415627765;0;2;0.0698430295769578;0.9050124966251106;2.5;6
495;2022;1;2.333758464672076;0;3;-0.29277002188455986;0.9335033858688304;2.5;6
495;2023;1;2.333758464672076;0;3;-0.29277002188455986;0.9335033858688304;2.5;6
495;2024;1;2.333758464672076;0;3;-0.29277002188455986;0.9335033858688304;2.5;6
495;2025;1;2.333758464672076;0;3;-0.29277002188455986;0.9335033858688304;2.5;6
496;2022;3;7.3872476993417315;0;10;0.5395415843971626;3.6936238496708658;2.0;6
496;2023;3;7.3872476993417315;0;10;0.5395415843971626;3.6936238496708658;2.0;6
496;2024;2;7.3872476993417315;0;10;0.5395415843971626;3.6936238496708658;2.0;6
496;2025;2;7.3872476993417315;0;9;0.5395415843971626;3.6936238496708658;2.0;6
497;2022;40;43.4934039881478;0;84;0.6070957962388019;21.7467019940739;2.0;6
497;2023;38;43.4934039881478;0;81;0.6070957962388019;21.7467019940739;2.0;6
497;2024;36;43.4934039881478;0;79;0.6070957962388019;21.7467019940739;2.0;6
497;2025;33;43.4934039881478;0;77;0.6070957962388019;21.7467019940739;2.0;6
498;2022;1;2.03100960115899;0;3;0.8998615077542932;1.3540064007726602;1.5;6
498;2023;1;2.03100960115899;0;3;0.8998615077542932;1.3540064007726602;1.5;6
498;2024;1;2.03100960115899;0;3;0.8998615077542932;1.3540064007726602;1.5;6
498;2025;1;2.03100960115899;0;3;0.8998615077542932;1.3540064007726602;1.5;6
499;2022;1;3.3318449057827673;0;4;0.3656362120635653;1.3327379623131068;2.5;6
499;2023;0;3.3318449057827673;0;4;0.3656362120635653;1.3327379623131068;2.5;6
499;2024;0;3.3318449057827673;0;4;0.3656362120635653;1.3327379623131068;2.5;6
499;2025;0;3.3318449057827673;0;4;0.3656362120635653;1.3327379623131068;2.5;6
500;2022;0;1.3801311186847633;0;2;0.5813183589761799;0.6900655593423817;2.0;6
500;2023;1;1.3801311186847633;0;2;0.5813183589761799;0.6900655593423817;2.0;6
500;2024;1;1.3801311186847633;0;2;0.5813183589761799;0.6900655593423817;2.0;6
500;2025;1;1.3801311186847633;0;3;0.5813183589761799;0.6900655593423817;2.0;6
