municipio_id;ano_previsao;previsao_homicidios;margem_erro_k;previsao_min;previsao_max;correlacao_temporal_r;erro_padrao_se;fator_penalidade_fr;n_anos_dados
1;2019;0;3.065941943351074;0;3;0.6831300510639733;1.532970971675537;2.0;4
1;2020;1;3.065941943351074;0;4;0.6831300510639733;1.532970971675537;2.0;4
1;2021;2;3.065941943351074;0;5;0.6831300510639733;1.532970971675537;2.0;4
1;2022;3;3.065941943351074;0;6;0.6831300510639733;1.532970971675537;2.0;4
1;2023;4;3.065941943351074;1;7;0.6831300510639733;1.532970971675537;2.0;4
2;2019;0;0.7905694150420051;0;1;0.40824829046386296;0.316227766016802;2.5;4
2;2020;0;0.7905694150420051;0;1;0.40824829046386296;0.316227766016802;2.5;4
2;2021;1;0.7905694150420051;0;1;0.40824829046386296;0.316227766016802;2.5;4
2;2022;1;0.7905694150420051;0;2;0.40824829046386296;0.316227766016802;2.5;4
2;2023;2;0.7905694150420051;1;2;0.40824829046386296;0.316227766016802;2.5;4
3;2019;1;3.8324274291889893;0;5;-0.13245323570650439;1.5329709716755957;2.5;4
3;2020;1;3.8324274291889893;0;5;-0.13245323570650439;1.5329709716755957;2.5;4
3;2021;1;3.8324274291889893;0;5;-0.13245323570650439;1.5329709716755957;2.5;4
3;2022;1;3.8324274291889893;0;5;-0.13245323570650439;1.5329709716755957;2.5;4
3;2023;1;3.8324274291889893;0;5;-0.13245323570650439;1.5329709716755957;2.5;4
4;2019;103;53.041493191651305;50;156;-0.5336940043733082;26.520746595825653;2.0;4
4;2020;84;53.041493191651305;31;137;-0.5336940043733082;26.520746595825653;2.0;4
4;2021;65;53.041493191651305;12;118;-0.5336940043733082;26.520746595825653;2.0;4
4;2022;46;53.041493191651305;0;99;-0.5336940043733082;26.520746595825653;2.0;4
4;2023;28;53.041493191651305;0;81;-0.5336940043733082;26.520746595825653;2.0;4
5;2019;2;2.8284271247461903;0;5;0.5773502691896258;1.4142135623730951;2.0;4
5;2020;2;2.8284271247461903;0;5;0.5773502691896258;1.4142135623730951;2.0;4
5;2021;2;2.8284271247461903;0;5;0.5773502691896258;1.4142135623730951;2.0;4
5;2022;2;2.8284271247461903;0;5;0.5773502691896258;1.4142135623730951;2.0;4
5;2023;2;2.8284271247461903;0;5;0.5773502691896258;1.4142135623730951;2.0;4
6;2019;7;8.133265027035605;0;15;0.8700461291958503;5.422176684690403;1.5;4
6;2020;7;8.133265027035605;0;16;0.8700461291958503;5.422176684690403;1.5;4
6;2021;8;8.133265027035605;0;16;0.8700461291958503;5.422176684690403;1.5;4
6;2022;8;8.133265027035605;0;16;0.8700461291958503;5.422176684690403;1.5;4
6;2023;8;8.133265027035605;0;16;0.8700461291958503;5.422176684690403;1.5;4
7;2019;4;3.6228441865473204;0;8;-0.49656353316142077;1.4491376746189282;2.5;4
7;2020;3;3.6228441865473204;0;7;-0.49656353316142077;1.4491376746189282;2.5;4
7;2021;3;3.6228441865473204;0;6;-0.49656353316142077;1.4491376746189282;2.5;4
7;2022;2;3.6228441865473204;0;6;-0.49656353316142077;1.4491376746189282;2.5;4
7;2023;2;3.6228441865473204;0;5;-0.49656353316142077;1.4491376746189282;2.5;4
8;2019;1;3.872983346207417;0;5;0.9199353193217104;3.872983346207417;1.0;4
8;2020;5;3.872983346207417;1;9;0.9199353193217104;3.872983346207417;1.0;4
8;2021;9;3.872983346207417;5;13;0.9199353193217104;3.872983346207417;1.0;4
8;2022;13;3.872983346207417;9;17;0.9199353193217104;3.872983346207417;1.0;4
8;2023;17;3.872983346207417;13;21;0.9199353193217104;3.872983346207417;1.0;4
9;2019;1;1.70293863659263;0;3;-0.9428090415820632;1.70293863659263;1.0;4
9;2020;1;1.70293863659263;0;3;-0.9428090415820632;1.70293863659263;1.0;4
9;2021;1;1.70293863659263;0;3;-0.9428090415820632;1.70293863659263;1.0;4
9;2022;1;1.70293863659263;0;2;-0.9428090415820632;1.70293863659263;1.0;4
9;2023;0;1.70293863659263;0;2;-0.9428090415820632;1.70293863659263;1.0;4
10;2019;0;3.0983866769658164;0;1;1.0;3.0983866769658164;1.0;4
10;2020;1;3.0983866769658164;0;4;1.0;3.0983866769658164;1.0;4
10;2021;3;3.0983866769658164;0;6;1.0;3.0983866769658164;1.0;4
10;2022;6;3.0983866769658164;3;9;1.0;3.0983866769658164;1.0;4
10;2023;8;3.0983866769658164;5;11;1.0;3.0983866769658164;1.0;4
11;2019;1;1.7677669529663689;0;2;-0.14002800840280097;0.7071067811865476;2.5;4
11;2020;0;1.7677669529663689;0;2;-0.14002800840280097;0.7071067811865476;2.5;4
11;2021;0;1.7677669529663689;0;2;-0.14002800840280097;0.7071067811865476;2.5;4
11;2022;0;1.7677669529663689;0;2;-0.14002800840280097;0.7071067811865476;2.5;4
11;2023;0;1.7677669529663689;0;2;-0.14002800840280097;0.7071067811865476;2.5;4
12;2019;1;2.958039891549772;0;4;-0.22549380840084865;1.1832159566199087;2.5;4
12;2020;1;2.958039891549772;0;4;-0.22549380840084865;1.1832159566199087;2.5;4
12;2021;0;2.958039891549772;0;3;-0.22549380840084865;1.1832159566199087;2.5;4
12;2022;0;2.958039891549772;0;3;-0.22549380840084865;1.1832159566199087;2.5;4
12;2023;0;2.958039891549772;0;3;-0.22549380840084865;1.1832159566199087;2.5;4
13;2019;0;0.7905694150420051;0;1;0.0;0.316227766016802;2.5;4
13;2020;0;0.7905694150420051;0;1;0.0;0.316227766016802;2.5;4
13;2021;1;0.7905694150420051;0;1;0.0;0.316227766016802;2.5;4
13;2022;1;0.7905694150420051;0;2;0.0;0.316227766016802;2.5;4
13;2023;2;0.7905694150420051;1;2;0.0;0.316227766016802;2.5;4
14;2019;4;6.777720855862707;0;11;-0.4764721923250713;2.711088342345083;2.5;4
14;2020;3;6.777720855862707;0;10;-0.4764721923250713;2.711088342345083;2.5;4
14;2021;2;6.777720855862707;0;8;-0.4764721923250713;2.711088342345083;2.5;4
14;2022;1;6.777720855862707;0;7;-0.4764721923250713;2.711088342345083;2.5;4
14;2023;0;6.777720855862707;0;6;-0.4764721923250713;2.711088342345083;2.5;4
15;2019;2;1.0723805294763555;1;3;-0.9045340337332909;1.0723805294763555;1.0;4
15;2020;1;1.0723805294763555;0;2;-0.9045340337332909;1.0723805294763555;1.0;4
15;2021;1;1.0723805294763555;0;2;-0.9045340337332909;1.0723805294763555;1.0;4
15;2022;1;1.0723805294763555;0;2;-0.9045340337332909;1.0723805294763555;1.0;4
15;2023;0;1.0723805294763555;0;2;-0.9045340337332909;1.0723805294763555;1.0;4
16;2019;2;2.6622359023947744;0;4;-0.8674927968252835;1.7748239349298496;1.5;4
16;2020;1;2.6622359023947744;0;4;-0.8674927968252835;1.7748239349298496;1.5;4
16;2021;1;2.6622359023947744;0;4;-0.8674927968252835;1.7748239349298496;1.5;4
16;2022;1;2.6622359023947744;0;3;-0.8674927968252835;1.7748239349298496;1.5;4
16;2023;0;2.6622359023947744;0;3;-0.8674927968252835;1.7748239349298496;1.5;4
17;2019;2;3.2171415884290773;0;6;-0.9877852360627098;3.2171415884290773;1.0;4
17;2020;2;3.2171415884290773;0;6;-0.9877852360627098;3.2171415884290773;1.0;4
17;2021;2;3.2171415884290773;0;5;-0.9877852360627098;3.2171415884290773;1.0;4
17;2022;2;3.2171415884290773;0;5;-0.9877852360627098;3.2171415884290773;1.0;4
17;2023;2;3.2171415884290773;0;5;-0.9877852360627098;3.2171415884290773;1.0;4
18;2019;5;4.066632513517793;1;9;0.779524538397343;2.7110883423451955;1.5;4
18;2020;5;4.066632513517793;1;9;0.779524538397343;2.7110883423451955;1.5;4
18;2021;5;4.066632513517793;1;9;0.779524538397343;2.7110883423451955;1.5;4
18;2022;5;4.066632513517793;1;9;0.779524538397343;2.7110883423451955;1.5;4
18;2023;5;4.066632513517793;1;9;0.779524538397343;2.7110883423451955;1.5;4
19;2019;1;2.3717082451262392;0;3;-0.4898979485566356;0.9486832980504958;2.5;4
19;2020;1;2.3717082451262392;0;3;-0.4898979485566356;0.9486832980504958;2.5;4
19;2021;1;2.3717082451262392;0;3;-0.4898979485566356;0.9486832980504958;2.5;4
19;2022;1;2.3717082451262392;0;4;-0.4898979485566356;0.9486832980504958;2.5;4
19;2023;2;2.3717082451262392;0;4;-0.4898979485566356;0.9486832980504958;2.5;4
20;2019;1;3.8729833462074352;0;5;0.0;1.5491933384829741;2.5;4
20;2020;1;3.8729833462074352;0;5;0.0;1.5491933384829741;2.5;4
20;2021;2;3.8729833462074352;0;5;0.0;1.5491933384829741;2.5;4
20;2022;2;3.8729833462074352;0;6;0.0;1.5491933384829741;2.5;4
20;2023;2;3.8729833462074352;0;6;0.0;1.5491933384829741;2.5;4
21;2019;0;1.264911064067208;0;1;0.6882472016116854;0.632455532033604;2.0;4
21;2020;1;1.264911064067208;0;2;0.6882472016116854;0.632455532033604;2.0;4
21;2021;1;1.264911064067208;0;3;0.6882472016116854;0.632455532033604;2.0;4
21;2022;2;1.264911064067208;1;3;0.6882472016116854;0.632455532033604;2.0;4
21;2023;3;1.264911064067208;2;4;0.6882472016116854;0.632455532033604;2.0;4
22;2019;0;0.0;0;0;;0.0;2.5;4
22;2020;0;0.0;0;0;;0.0;2.5;4
22;2021;0;0.0;0;0;;0.0;2.5;4
22;2022;0;0.0;0;0;;0.0;2.5;4
22;2023;0;0.0;0;0;;0.0;2.5;4
23;2019;0;0.0;0;0;;0.0;2.5;4
23;2020;0;0.0;0;0;;0.0;2.5;4
23;2021;0;0.0;0;0;;0.0;2.5;4
23;2022;0;0.0;0;0;;0.0;2.5;4
23;2023;0;0.0;0;0;;0.0;2.5;4
24;2019;0;0.0;0;0;;0.0;2.5;4
24;2020;0;0.0;0;0;;0.0;2.5;4
24;2021;0;0.0;0;0;;0.0;2.5;4
24;2022;0;0.0;0;0;;0.0;2.5;4
24;2023;0;0.0;0;0;;0.0;2.5;4
25;2019;0;0.0;0;0;;0.0;2.5;4
25;2020;0;0.0;0;0;;0.0;2.5;4
25;2021;0;0.0;0;0;;0.0;2.5;4
25;2022;0;0.0;0;0;;0.0;2.5;4
25;2023;0;0.0;0;0;;0.0;2.5;4
26;2019;1;0.38729833462072705;0;1;1.0;0.38729833462072705;1.0;4
26;2020;0;0.38729833462072705;0;1;1.0;0.38729833462072705;1.0;4
26;2021;0;0.38729833462072705;0;0;1.0;0.38729833462072705;1.0;4
26;2022;0;0.38729833462072705;0;0;1.0;0.38729833462072705;1.0;4
26;2023;0;0.38729833462072705;0;0;1.0;0.38729833462072705;1.0;4
27;2019;0;0.0;0;0;;0.0;2.5;4
27;2020;0;0.0;0;0;;0.0;2.5;4
27;2021;0;0.0;0;0;;0.0;2.5;4
27;2022;0;0.0;0;0;;0.0;2.5;4
27;2023;0;0.0;0;0;;0.0;2.5;4
28;2019;0;1.479019945774886;0;2;;0.5916079783099544;2.5;4
28;2020;0;1.479019945774886;0;2;;0.5916079783099544;2.5;4
28;2021;0;1.479019945774886;0;2;;0.5916079783099544;2.5;4
28;2022;0;1.479019945774886;0;2;;0.5916079783099544;2.5;4
28;2023;0;1.479019945774886;0;2;;0.5916079783099544;2.5;4
29;2019;0;1.1832159566199087;0;2;0.5555555555555555;0.5916079783099544;2.0;4
29;2020;0;1.1832159566199087;0;1;0.5555555555555555;0.5916079783099544;2.0;4
29;2021;0;1.1832159566199087;0;1;0.5555555555555555;0.5916079783099544;2.0;4
29;2022;0;1.1832159566199087;0;1;0.5555555555555555;0.5916079783099544;2.0;4
29;2023;0;1.1832159566199087;0;1;0.5555555555555555;0.5916079783099544;2.0;4
30;2019;0;0.0;0;0;;0.0;2.5;4
30;2020;0;0.0;0;0;;0.0;2.5;4
30;2021;0;0.0;0;0;;0.0;2.5;4
30;2022;0;0.0;0;0;;0.0;2.5;4
30;2023;0;0.0;0;0;;0.0;2.5;4
31;2019;15;11.497282287566739;4;27;-0.018127963739468025;4.598912915026696;2.5;4
31;2020;15;11.497282287566739;3;26;-0.018127963739468025;4.598912915026696;2.5;4
31;2021;14;11.497282287566739;2;25;-0.018127963739468025;4.598912915026696;2.5;4
31;2022;13;11.497282287566739;2;25;-0.018127963739468025;4.598912915026696;2.5;4
31;2023;12;11.497282287566739;1;24;-0.018127963739468025;4.598912915026696;2.5;4
32;2019;0;0.0;0;0;;0.0;2.5;4
32;2020;0;0.0;0;0;;0.0;2.5;4
32;2021;0;0.0;0;0;;0.0;2.5;4
32;2022;0;0.0;0;0;;0.0;2.5;4
32;2023;0;0.0;0;0;;0.0;2.5;4
33;2019;1;1.7748239349298631;0;3;0.8703882797784891;1.1832159566199087;1.5;4
33;2020;1;1.7748239349298631;0;3;0.8703882797784891;1.1832159566199087;1.5;4
33;2021;2;1.7748239349298631;0;3;0.8703882797784891;1.1832159566199087;1.5;4
33;2022;2;1.7748239349298631;0;4;0.8703882797784891;1.1832159566199087;1.5;4
33;2023;2;1.7748239349298631;0;4;0.8703882797784891;1.1832159566199087;1.5;4
34;2019;2;4.437059837324703;0;6;0.31557642080208576;1.7748239349298816;2.5;4
34;2020;2;4.437059837324703;0;7;0.31557642080208576;1.7748239349298816;2.5;4
34;2021;2;4.437059837324703;0;7;0.31557642080208576;1.7748239349298816;2.5;4
34;2022;3;4.437059837324703;0;7;0.31557642080208576;1.7748239349298816;2.5;4
34;2023;3;4.437059837324703;0;7;0.31557642080208576;1.7748239349298816;2.5;4
35;2019;1;2.3717082451262392;0;3;0.23904572186687872;0.9486832980504958;2.5;4
35;2020;1;2.3717082451262392;0;3;0.23904572186687872;0.9486832980504958;2.5;4
35;2021;1;2.3717082451262392;0;3;0.23904572186687872;0.9486832980504958;2.5;4
35;2022;1;2.3717082451262392;0;4;0.23904572186687872;0.9486832980504958;2.5;4
35;2023;2;2.3717082451262392;0;4;0.23904572186687872;0.9486832980504958;2.5;4
36;2019;3;2.199431744792172;1;5;-0.7582814994555616;1.4662878298614481;1.5;4
36;2020;3;2.199431744792172;0;5;-0.7582814994555616;1.4662878298614481;1.5;4
36;2021;2;2.199431744792172;0;4;-0.7582814994555616;1.4662878298614481;1.5;4
36;2022;1;2.199431744792172;0;3;-0.7582814994555616;1.4662878298614481;1.5;4
36;2023;0;2.199431744792172;0;3;-0.7582814994555616;1.4662878298614481;1.5;4
37;2019;0;1.1832159566200384;0;1;0.6009990294139237;0.5916079783100192;2.0;4
37;2020;1;1.1832159566200384;0;2;0.6009990294139237;0.5916079783100192;2.0;4
37;2021;2;1.1832159566200384;1;3;0.6009990294139237;0.5916079783100192;2.0;4
37;2022;3;1.1832159566200384;1;4;0.6009990294139237;0.5916079783100192;2.0;4
37;2023;4;1.1832159566200384;2;5;0.6009990294139237;0.5916079783100192;2.0;4
38;2019;0;0.0;0;0;;0.0;2.5;4
38;2020;0;0.0;0;0;;0.0;2.5;4
38;2021;0;0.0;0;0;;0.0;2.5;4
38;2022;0;0.0;0;0;;0.0;2.5;4
38;2023;0;0.0;0;0;;0.0;2.5;4
39;2019;0;1.479019945774886;0;2;0.0;0.5916079783099544;2.5;4
39;2020;0;1.479019945774886;0;2;0.0;0.5916079783099544;2.5;4
39;2021;0;1.479019945774886;0;2;0.0;0.5916079783099544;2.5;4
39;2022;0;1.479019945774886;0;2;0.0;0.5916079783099544;2.5;4
39;2023;0;1.479019945774886;0;1;0.0;0.5916079783099544;2.5;4
40;2019;1;7.945124291035512;0;9;-0.15935369720403483;3.178049716414205;2.5;4
40;2020;2;7.945124291035512;0;10;-0.15935369720403483;3.178049716414205;2.5;4
40;2021;2;7.945124291035512;0;10;-0.15935369720403483;3.178049716414205;2.5;4
40;2022;3;7.945124291035512;0;11;-0.15935369720403483;3.178049716414205;2.5;4
40;2023;4;7.945124291035512;0;11;-0.15935369720403483;3.178049716414205;2.5;4
41;2019;0;1.9364916731036717;0;2;0.0;0.7745966692414686;2.5;4
41;2020;1;1.9364916731036717;0;3;0.0;0.7745966692414686;2.5;4
41;2021;1;1.9364916731036717;0;3;0.0;0.7745966692414686;2.5;4
41;2022;2;1.9364916731036717;0;4;0.0;0.7745966692414686;2.5;4
41;2023;2;1.9364916731036717;0;4;0.0;0.7745966692414686;2.5;4
42;2019;3;2.680951323690955;1;6;0.10495671428119795;1.072380529476382;2.5;4
42;2020;2;2.680951323690955;0;5;0.10495671428119795;1.072380529476382;2.5;4
42;2021;1;2.680951323690955;0;3;0.10495671428119795;1.072380529476382;2.5;4
42;2022;0;2.680951323690955;0;2;0.10495671428119795;1.072380529476382;2.5;4
42;2023;0;2.680951323690955;0;1;0.10495671428119795;1.072380529476382;2.5;4
43;2019;2;1.7320508075688772;0;3;-0.6897007348075542;0.8660254037844386;2.0;4
43;2020;1;1.7320508075688772;0;3;-0.6897007348075542;0.8660254037844386;2.0;4
43;2021;0;1.7320508075688772;0;2;-0.6897007348075542;0.8660254037844386;2.0;4
43;2022;0;1.7320508075688772;0;2;-0.6897007348075542;0.8660254037844386;2.0;4
43;2023;0;1.7320508075688772;0;1;-0.6897007348075542;0.8660254037844386;2.0;4
44;2019;1;1.742842505793332;0;2;-0.8181818181818182;1.1618950038622213;1.5;4
44;2020;1;1.742842505793332;0;2;-0.8181818181818182;1.1618950038622213;1.5;4
44;2021;1;1.742842505793332;0;3;-0.8181818181818182;1.1618950038622213;1.5;4
44;2022;1;1.742842505793332;0;3;-0.8181818181818182;1.1618950038622213;1.5;4
44;2023;1;1.742842505793332;0;3;-0.8181818181818182;1.1618950038622213;1.5;4
45;2019;4;4.598912915026611;0;8;0.7483314773547882;3.065941943351074;1.5;4
45;2020;6;4.598912915026611;1;10;0.7483314773547882;3.065941943351074;1.5;4
45;2021;7;4.598912915026611;3;12;0.7483314773547882;3.065941943351074;1.5;4
45;2022;9;4.598912915026611;5;14;0.7483314773547882;3.065941943351074;1.5;4
45;2023;11;4.598912915026611;6;16;0.7483314773547882;3.065941943351074;1.5;4
46;2019;2;1.7320508075688772;1;4;-0.5599496399301324;0.8660254037844386;2.0;4
46;2020;2;1.7320508075688772;0;4;-0.5599496399301324;0.8660254037844386;2.0;4
46;2021;2;1.7320508075688772;0;3;-0.5599496399301324;0.8660254037844386;2.0;4
46;2022;1;1.7320508075688772;0;3;-0.5599496399301324;0.8660254037844386;2.0;4
46;2023;0;1.7320508075688772;0;2;-0.5599496399301324;0.8660254037844386;2.0;4
47;2019;0;0.0;0;0;;0.0;2.5;3
47;2021;0;0.0;0;0;;0.0;2.5;3
47;2022;0;0.0;0;0;;0.0;2.5;3
47;2023;0;0.0;0;0;;0.0;2.5;3
48;2019;31;49.28234978163995;0;81;-0.2712993920992052;19.71293991265598;2.5;4
48;2020;24;49.28234978163995;0;73;-0.2712993920992052;19.71293991265598;2.5;4
48;2021;16;49.28234978163995;0;65;-0.2712993920992052;19.71293991265598;2.5;4
48;2022;9;49.28234978163995;0;58;-0.2712993920992052;19.71293991265598;2.5;4
48;2023;1;49.28234978163995;0;50;-0.2712993920992052;19.71293991265598;2.5;4
49;2019;1;2.6622359023947406;0;3;0.8506397826736707;1.7748239349298272;1.5;4
49;2020;1;2.6622359023947406;0;4;0.8506397826736707;1.7748239349298272;1.5;4
49;2021;2;2.6622359023947406;0;5;0.8506397826736707;1.7748239349298272;1.5;4
49;2022;3;2.6622359023947406;0;5;0.8506397826736707;1.7748239349298272;1.5;4
49;2023;4;2.6622359023947406;1;6;0.8506397826736707;1.7748239349298272;1.5;4
50;2019;2;2.323790007724509;0;4;-0.5619514869490164;1.1618950038622544;2.0;4
50;2020;1;2.323790007724509;0;4;-0.5619514869490164;1.1618950038622544;2.0;4
50;2021;0;2.323790007724509;0;3;-0.5619514869490164;1.1618950038622544;2.0;4
50;2022;0;2.323790007724509;0;2;-0.5619514869490164;1.1618950038622544;2.0;4
50;2023;0;2.323790007724509;0;1;-0.5619514869490164;1.1618950038622544;2.0;4
51;2019;2;11.858541225631424;0;14;-0.11501092655705901;4.743416490252569;2.5;4
51;2020;6;11.858541225631424;0;17;-0.11501092655705901;4.743416490252569;2.5;4
51;2021;8;11.858541225631424;0;20;-0.11501092655705901;4.743416490252569;2.5;4
51;2022;12;11.858541225631424;0;23;-0.11501092655705901;4.743416490252569;2.5;4
51;2023;14;11.858541225631424;3;26;-0.11501092655705901;4.743416490252569;2.5;4
52;2019;8;29.192250684043124;0;37;;11.67690027361725;2.5;4
52;2020;6;29.192250684043124;0;35;;11.67690027361725;2.5;4
52;2021;4;29.192250684043124;0;33;;11.67690027361725;2.5;4
52;2022;2;29.192250684043124;0;32;;11.67690027361725;2.5;4
52;2023;0;29.192250684043124;0;30;;11.67690027361725;2.5;4
53;2019;1;0.8874119674649316;0;1;0.8268106308031117;0.5916079783099544;1.5;4
53;2020;1;0.8874119674649316;0;2;0.8268106308031117;0.5916079783099544;1.5;4
53;2021;1;0.8874119674649316;0;2;0.8268106308031117;0.5916079783099544;1.5;4
53;2022;1;0.8874119674649316;0;2;0.8268106308031117;0.5916079783099544;1.5;4
53;2023;1;0.8874119674649316;0;2;0.8268106308031117;0.5916079783099544;1.5;4
54;2019;0;2.598076211353316;0;3;0.8703882797784891;1.7320508075688772;1.5;4
54;2020;1;2.598076211353316;0;4;0.8703882797784891;1.7320508075688772;1.5;4
54;2021;2;2.598076211353316;0;5;0.8703882797784891;1.7320508075688772;1.5;4
54;2022;3;2.598076211353316;0;6;0.8703882797784891;1.7320508075688772;1.5;4
54;2023;4;2.598076211353316;1;7;0.8703882797784891;1.7320508075688772;1.5;4
55;2019;3;5.21416340365353;0;8;-0.23904572186687875;2.085665361461412;2.5;4
55;2020;3;5.21416340365353;0;8;-0.23904572186687875;2.085665361461412;2.5;4
55;2021;3;5.21416340365353;0;9;-0.23904572186687875;2.085665361461412;2.5;4
55;2022;3;5.21416340365353;0;9;-0.23904572186687875;2.085665361461412;2.5;4
55;2023;4;5.21416340365353;0;9;-0.23904572186687875;2.085665361461412;2.5;4
56;2019;14;8.694826047712574;5;22;0.6032981537943642;4.347413023856287;2.0;4
56;2020;19;8.694826047712574;10;28;0.6032981537943642;4.347413023856287;2.0;4
56;2021;24;8.694826047712574;15;33;0.6032981537943642;4.347413023856287;2.0;4
56;2022;29;8.694826047712574;21;38;0.6032981537943642;4.347413023856287;2.0;4
56;2023;34;8.694826047712574;26;43;0.6032981537943642;4.347413023856287;2.0;4
57;2019;2;2.9580398915499524;0;5;0.42796049251091284;1.183215956619981;2.5;4
57;2020;1;2.9580398915499524;0;4;0.42796049251091284;1.183215956619981;2.5;4
57;2021;1;2.9580398915499524;0;4;0.42796049251091284;1.183215956619981;2.5;4
57;2022;0;2.9580398915499524;0;3;0.42796049251091284;1.183215956619981;2.5;4
57;2023;0;2.9580398915499524;0;2;0.42796049251091284;1.183215956619981;2.5;4
58;2019;49;48.50257725110914;0;97;-0.08176102583758701;19.401030900443654;2.5;4
58;2020;39;48.50257725110914;0;87;-0.08176102583758701;19.401030900443654;2.5;4
58;2021;28;48.50257725110914;0;77;-0.08176102583758701;19.401030900443654;2.5;4
58;2022;18;48.50257725110914;0;67;-0.08176102583758701;19.401030900443654;2.5;4
58;2023;8;48.50257725110914;0;57;-0.08176102583758701;19.401030900443654;2.5;4
59;2019;2;3.307189138830738;0;5;-0.20751433915982243;1.3228756555322954;2.5;4
59;2020;2;3.307189138830738;0;5;-0.20751433915982243;1.3228756555322954;2.5;4
59;2021;1;3.307189138830738;0;4;-0.20751433915982243;1.3228756555322954;2.5;4
59;2022;0;3.307189138830738;0;4;-0.20751433915982243;1.3228756555322954;2.5;4
59;2023;0;3.307189138830738;0;3;-0.20751433915982243;1.3228756555322954;2.5;4
60;2019;0;0.38729833462072705;0;0;1.0;0.38729833462072705;1.0;4
60;2020;0;0.38729833462072705;0;0;1.0;0.38729833462072705;1.0;4
60;2021;0;0.38729833462072705;0;1;1.0;0.38729833462072705;1.0;4
60;2022;1;0.38729833462072705;0;1;1.0;0.38729833462072705;1.0;4
60;2023;1;0.38729833462072705;1;1;1.0;0.38729833462072705;1.0;4
61;2019;4;0.8660254037844386;3;5;0.9710607611177227;0.8660254037844386;1.0;4
61;2020;4;0.8660254037844386;4;5;0.9710607611177227;0.8660254037844386;1.0;4
61;2021;5;0.8660254037844386;4;6;0.9710607611177227;0.8660254037844386;1.0;4
61;2022;6;0.8660254037844386;5;6;0.9710607611177227;0.8660254037844386;1.0;4
61;2023;6;0.8660254037844386;5;7;0.9710607611177227;0.8660254037844386;1.0;4
62;2019;1;3.549647869859827;0;5;-0.5773502691896257;1.7748239349299135;2.0;4
62;2020;1;3.549647869859827;0;4;-0.5773502691896257;1.7748239349299135;2.0;4
62;2021;1;3.549647869859827;0;4;-0.5773502691896257;1.7748239349299135;2.0;4
62;2022;0;3.549647869859827;0;4;-0.5773502691896257;1.7748239349299135;2.0;4
62;2023;0;3.549647869859827;0;4;-0.5773502691896257;1.7748239349299135;2.0;4
63;2019;4;8.087026647662034;0;12;0.5622535302317492;4.043513323831017;2.0;4
63;2020;3;8.087026647662034;0;11;0.5622535302317492;4.043513323831017;2.0;4
63;2021;2;8.087026647662034;0;10;0.5622535302317492;4.043513323831017;2.0;4
63;2022;1;8.087026647662034;0;9;0.5622535302317492;4.043513323831017;2.0;4
63;2023;0;8.087026647662034;0;8;0.5622535302317492;4.043513323831017;2.0;4
64;2019;1;2.8982753492378723;0;4;0.674199862463242;1.4491376746189362;2.0;4
64;2020;1;2.8982753492378723;0;4;0.674199862463242;1.4491376746189362;2.0;4
64;2021;2;2.8982753492378723;0;5;0.674199862463242;1.4491376746189362;2.0;4
64;2022;2;2.8982753492378723;0;5;0.674199862463242;1.4491376746189362;2.0;4
64;2023;2;2.8982753492378723;0;5;0.674199862463242;1.4491376746189362;2.0;4
65;2019;0;0.0;0;0;;0.0;2.5;4
65;2020;0;0.0;0;0;;0.0;2.5;4
65;2021;0;0.0;0;0;;0.0;2.5;4
65;2022;0;0.0;0;0;;0.0;2.5;4
65;2023;0;0.0;0;0;;0.0;2.5;4
66;2019;0;1.161895003862203;0;2;0.8046947447864907;0.7745966692414686;1.5;4
66;2020;1;1.161895003862203;0;2;0.8046947447864907;0.7745966692414686;1.5;4
66;2021;1;1.161895003862203;0;2;0.8046947447864907;0.7745966692414686;1.5;4
66;2022;2;1.161895003862203;0;3;0.8046947447864907;0.7745966692414686;1.5;4
66;2023;2;1.161895003862203;1;3;0.8046947447864907;0.7745966692414686;1.5;4
67;2019;0;2.3664319132398175;0;3;0.5773502691896257;1.1832159566199087;2.0;4
67;2020;0;2.3664319132398175;0;3;0.5773502691896257;1.1832159566199087;2.0;4
67;2021;1;2.3664319132398175;0;3;0.5773502691896257;1.1832159566199087;2.0;4
67;2022;1;2.3664319132398175;0;3;0.5773502691896257;1.1832159566199087;2.0;4
67;2023;1;2.3664319132398175;0;3;0.5773502691896257;1.1832159566199087;2.0;4
68;2019;50;102.55986056932939;0;153;0.8703020472246759;68.37324037955293;1.5;4
68;2020;38;102.55986056932939;0;141;0.8703020472246759;68.37324037955293;1.5;4
68;2021;26;102.55986056932939;0;128;0.8703020472246759;68.37324037955293;1.5;4
68;2022;14;102.55986056932939;0;116;0.8703020472246759;68.37324037955293;1.5;4
68;2023;2;102.55986056932939;0;104;0.8703020472246759;68.37324037955293;1.5;4
69;2019;0;1.479019945774886;0;2;0.3333333333333333;0.5916079783099544;2.5;4
69;2020;0;1.479019945774886;0;2;0.3333333333333333;0.5916079783099544;2.5;4
69;2021;0;1.479019945774886;0;2;0.3333333333333333;0.5916079783099544;2.5;4
69;2022;0;1.479019945774886;0;2;0.3333333333333333;0.5916079783099544;2.5;4
69;2023;0;1.479019945774886;0;2;0.3333333333333333;0.5916079783099544;2.5;4
70;2019;0;0.0;0;0;;0.0;2.5;4
70;2020;0;0.0;0;0;;0.0;2.5;4
70;2021;0;0.0;0;0;;0.0;2.5;4
70;2022;0;0.0;0;0;;0.0;2.5;4
70;2023;0;0.0;0;0;;0.0;2.5;4
71;2019;0;1.7320508075688772;0;2;0.5222329678670935;0.8660254037844386;2.0;4
71;2020;0;1.7320508075688772;0;2;0.5222329678670935;0.8660254037844386;2.0;4
71;2021;1;1.7320508075688772;0;3;0.5222329678670935;0.8660254037844386;2.0;4
71;2022;2;1.7320508075688772;0;3;0.5222329678670935;0.8660254037844386;2.0;4
71;2023;2;1.7320508075688772;0;4;0.5222329678670935;0.8660254037844386;2.0;4
72;2019;124;45.03998223801139;79;169;-0.6925343444590194;22.519991119005695;2.0;4
72;2020;100;45.03998223801139;55;145;-0.6925343444590194;22.519991119005695;2.0;4
72;2021;75;45.03998223801139;30;120;-0.6925343444590194;22.519991119005695;2.0;4
72;2022;50;45.03998223801139;5;95;-0.6925343444590194;22.519991119005695;2.0;4
72;2023;26;45.03998223801139;0;71;-0.6925343444590194;22.519991119005695;2.0;4
73;2019;0;4.575751304430689;0;3;-0.32368692037257424;1.8303005217722754;2.5;4
73;2020;1;4.575751304430689;0;5;-0.32368692037257424;1.8303005217722754;2.5;4
73;2021;3;4.575751304430689;0;7;-0.32368692037257424;1.8303005217722754;2.5;4
73;2022;5;4.575751304430689;0;9;-0.32368692037257424;1.8303005217722754;2.5;4
73;2023;6;4.575751304430689;2;11;-0.32368692037257424;1.8303005217722754;2.5;4
74;2019;0;1.479019945774886;0;2;-0.3333333333333333;0.5916079783099544;2.5;4
74;2020;0;1.479019945774886;0;2;-0.3333333333333333;0.5916079783099544;2.5;4
74;2021;0;1.479019945774886;0;2;-0.3333333333333333;0.5916079783099544;2.5;4
74;2022;0;1.479019945774886;0;2;-0.3333333333333333;0.5916079783099544;2.5;4
74;2023;0;1.479019945774886;0;2;-0.3333333333333333;0.5916079783099544;2.5;4
75;2019;0;1.479019945774886;0;2;-0.3333333333333333;0.5916079783099544;2.5;4
75;2020;0;1.479019945774886;0;2;-0.3333333333333333;0.5916079783099544;2.5;4
75;2021;0;1.479019945774886;0;2;-0.3333333333333333;0.5916079783099544;2.5;4
75;2022;0;1.479019945774886;0;2;-0.3333333333333333;0.5916079783099544;2.5;4
75;2023;0;1.479019945774886;0;2;-0.3333333333333333;0.5916079783099544;2.5;4
76;2019;4;3.5496478698596543;1;8;0.6197797868009122;1.7748239349298272;2.0;4
76;2020;4;3.5496478698596543;0;7;0.6197797868009122;1.7748239349298272;2.0;4
76;2021;3;3.5496478698596543;0;6;0.6197797868009122;1.7748239349298272;2.0;4
76;2022;2;3.5496478698596543;0;6;0.6197797868009122;1.7748239349298272;2.0;4
76;2023;2;3.5496478698596543;0;5;0.6197797868009122;1.7748239349298272;2.0;4
77;2019;1;4.437059837324783;0;6;-0.3333333333333333;1.7748239349299135;2.5;4
77;2020;1;4.437059837324783;0;5;-0.3333333333333333;1.7748239349299135;2.5;4
77;2021;1;4.437059837324783;0;5;-0.3333333333333333;1.7748239349299135;2.5;4
77;2022;0;4.437059837324783;0;5;-0.3333333333333333;1.7748239349299135;2.5;4
77;2023;0;4.437059837324783;0;4;-0.3333333333333333;1.7748239349299135;2.5;4
78;2019;0;1.479019945774886;0;2;;0.5916079783099544;2.5;4
78;2020;0;1.479019945774886;0;2;;0.5916079783099544;2.5;4
78;2021;0;1.479019945774886;0;2;;0.5916079783099544;2.5;4
78;2022;0;1.479019945774886;0;2;;0.5916079783099544;2.5;4
78;2023;0;1.479019945774886;0;1;;0.5916079783099544;2.5;4
79;2019;6;2.9325756597235944;3;9;0.6375767130633382;1.4662878298617972;2.0;4
79;2020;4;2.9325756597235944;1;7;0.6375767130633382;1.4662878298617972;2.0;4
79;2021;2;2.9325756597235944;0;5;0.6375767130633382;1.4662878298617972;2.0;4
79;2022;0;2.9325756597235944;0;2;0.6375767130633382;1.4662878298617972;2.0;4
79;2023;0;2.9325756597235944;0;0;0.6375767130633382;1.4662878298617972;2.0;4
80;2019;1;0.9682458365518176;0;2;-0.2656844656620286;0.38729833462072705;2.5;4
80;2020;0;0.9682458365518176;0;1;-0.2656844656620286;0.38729833462072705;2.5;4
80;2021;0;0.9682458365518176;0;1;-0.2656844656620286;0.38729833462072705;2.5;4
80;2022;0;0.9682458365518176;0;1;-0.2656844656620286;0.38729833462072705;2.5;4
80;2023;0;0.9682458365518176;0;0;-0.2656844656620286;0.38729833462072705;2.5;4
81;2019;2;6.48074069840786;0;9;0.6077897411180689;3.24037034920393;2.0;4
81;2020;2;6.48074069840786;0;9;0.6077897411180689;3.24037034920393;2.0;4
81;2021;2;6.48074069840786;0;9;0.6077897411180689;3.24037034920393;2.0;4
81;2022;2;6.48074069840786;0;9;0.6077897411180689;3.24037034920393;2.0;4
81;2023;2;6.48074069840786;0;9;0.6077897411180689;3.24037034920393;2.0;4
82;2019;11;5.0348783500695244;6;16;-0.939805565714371;5.0348783500695244;1.0;4
82;2020;8;5.0348783500695244;3;13;-0.939805565714371;5.0348783500695244;1.0;4
82;2021;5;5.0348783500695244;0;10;-0.939805565714371;5.0348783500695244;1.0;4
82;2022;2;5.0348783500695244;0;7;-0.939805565714371;5.0348783500695244;1.0;4
82;2023;0;5.0348783500695244;0;5;-0.939805565714371;5.0348783500695244;1.0;4
83;2019;1;0.5809475019310906;1;2;-0.816496580927726;0.38729833462072705;1.5;4
83;2020;1;0.5809475019310906;0;1;-0.816496580927726;0.38729833462072705;1.5;4
83;2021;1;0.5809475019310906;0;1;-0.816496580927726;0.38729833462072705;1.5;4
83;2022;0;0.5809475019310906;0;1;-0.816496580927726;0.38729833462072705;1.5;4
83;2023;0;0.5809475019310906;0;1;-0.816496580927726;0.38729833462072705;1.5;4
84;2019;5;1.549193338483084;3;6;0.5222329678670935;0.774596669241542;2.0;4
84;2020;3;1.549193338483084;2;5;0.5222329678670935;0.774596669241542;2.0;4
84;2021;2;1.549193338483084;0;3;0.5222329678670935;0.774596669241542;2.0;4
84;2022;0;1.549193338483084;0;2;0.5222329678670935;0.774596669241542;2.0;4
84;2023;0;1.549193338483084;0;1;0.5222329678670935;0.774596669241542;2.0;4
85;2019;2;1.264911064067208;1;3;-0.6666666666666666;0.632455532033604;2.0;4
85;2020;1;1.264911064067208;0;3;-0.6666666666666666;0.632455532033604;2.0;4
85;2021;1;1.264911064067208;0;2;-0.6666666666666666;0.632455532033604;2.0;4
85;2022;0;1.264911064067208;0;1;-0.6666666666666666;0.632455532033604;2.0;4
85;2023;0;1.264911064067208;0;0;-0.6666666666666666;0.632455532033604;2.0;4
86;2019;1;2.680951323690955;0;4;0.4075695729696112;1.072380529476382;2.5;4
86;2020;3;2.680951323690955;0;5;0.4075695729696112;1.072380529476382;2.5;4
86;2021;4;2.680951323690955;1;7;0.4075695729696112;1.072380529476382;2.5;4
86;2022;5;2.680951323690955;3;8;0.4075695729696112;1.072380529476382;2.5;4
86;2023;6;2.680951323690955;4;9;0.4075695729696112;1.072380529476382;2.5;4
87;2019;8;5.361902647381804;3;13;-0.9425691660283907;5.361902647381804;1.0;4
87;2020;8;5.361902647381804;3;14;-0.9425691660283907;5.361902647381804;1.0;4
87;2021;9;5.361902647381804;4;14;-0.9425691660283907;5.361902647381804;1.0;4
87;2022;10;5.361902647381804;4;15;-0.9425691660283907;5.361902647381804;1.0;4
87;2023;10;5.361902647381804;5;15;-0.9425691660283907;5.361902647381804;1.0;4
88;2019;15;9.404121436902171;5;24;0.3570429593154695;3.761648574760869;2.5;4
88;2020;14;9.404121436902171;5;24;0.3570429593154695;3.761648574760869;2.5;4
88;2021;13;9.404121436902171;4;23;0.3570429593154695;3.761648574760869;2.5;4
88;2022;13;9.404121436902171;3;22;0.3570429593154695;3.761648574760869;2.5;4
88;2023;12;9.404121436902171;3;21;0.3570429593154695;3.761648574760869;2.5;4
89;2019;1;0.7905694150420051;0;2;;0.316227766016802;2.5;4
89;2020;1;0.7905694150420051;0;1;;0.316227766016802;2.5;4
89;2021;0;0.7905694150420051;0;1;;0.316227766016802;2.5;4
89;2022;0;0.7905694150420051;0;1;;0.316227766016802;2.5;4
89;2023;0;0.7905694150420051;0;0;;0.316227766016802;2.5;4
90;2019;2;5.809475019311168;0;8;0.2075143391598224;2.323790007724467;2.5;4
90;2020;2;5.809475019311168;0;8;0.2075143391598224;2.323790007724467;2.5;4
90;2021;3;5.809475019311168;0;8;0.2075143391598224;2.323790007724467;2.5;4
90;2022;3;5.809475019311168;0;9;0.2075143391598224;2.323790007724467;2.5;4
90;2023;3;5.809475019311168;0;9;0.2075143391598224;2.323790007724467;2.5;4
91;2019;2;8.042853971072692;0;10;-0.4267315641981039;3.217141588429077;2.5;4
91;2020;2;8.042853971072692;0;10;-0.4267315641981039;3.217141588429077;2.5;4
91;2021;2;8.042853971072692;0;10;-0.4267315641981039;3.217141588429077;2.5;4
91;2022;2;8.042853971072692;0;10;-0.4267315641981039;3.217141588429077;2.5;4
91;2023;2;8.042853971072692;0;11;-0.4267315641981039;3.217141588429077;2.5;4
92;2019;1;5.782516753110168;0;7;0.44022545316281186;2.3130067012440674;2.5;4
92;2020;1;5.782516753110168;0;7;0.44022545316281186;2.3130067012440674;2.5;4
92;2021;1;5.782516753110168;0;7;0.44022545316281186;2.3130067012440674;2.5;4
92;2022;1;5.782516753110168;0;7;0.44022545316281186;2.3130067012440674;2.5;4
92;2023;1;5.782516753110168;0;7;0.44022545316281186;2.3130067012440674;2.5;4
94;2019;1;2.958039891549772;0;4;-0.3333333333333333;1.1832159566199087;2.5;4
94;2020;1;2.958039891549772;0;4;-0.3333333333333333;1.1832159566199087;2.5;4
94;2021;2;2.958039891549772;0;5;-0.3333333333333333;1.1832159566199087;2.5;4
94;2022;2;2.958039891549772;0;5;-0.3333333333333333;1.1832159566199087;2.5;4
94;2023;2;2.958039891549772;0;5;-0.3333333333333333;1.1832159566199087;2.5;4
95;2019;0;0.5916079783099544;0;1;0.9684959969581861;0.5916079783099544;1.0;4
95;2020;0;0.5916079783099544;0;1;0.9684959969581861;0.5916079783099544;1.0;4
95;2021;0;0.5916079783099544;0;1;0.9684959969581861;0.5916079783099544;1.0;4
95;2022;0;0.5916079783099544;0;1;0.9684959969581861;0.5916079783099544;1.0;4
95;2023;0;0.5916079783099544;0;1;0.9684959969581861;0.5916079783099544;1.0;4
96;2019;1;2.958039891549772;0;4;-0.3779644730092272;1.1832159566199087;2.5;4
96;2020;1;2.958039891549772;0;4;-0.3779644730092272;1.1832159566199087;2.5;4
96;2021;0;2.958039891549772;0;3;-0.3779644730092272;1.1832159566199087;2.5;4
96;2022;0;2.958039891549772;0;3;-0.3779644730092272;1.1832159566199087;2.5;4
96;2023;0;2.958039891549772;0;3;-0.3779644730092272;1.1832159566199087;2.5;4
97;2019;15;13.401492454201007;1;28;0.6786340300734183;6.700746227100503;2.0;4
97;2020;13;13.401492454201007;0;26;0.6786340300734183;6.700746227100503;2.0;4
97;2021;11;13.401492454201007;0;25;0.6786340300734183;6.700746227100503;2.0;4
97;2022;9;13.401492454201007;0;23;0.6786340300734183;6.700746227100503;2.0;4
97;2023;8;13.401492454201007;0;21;0.6786340300734183;6.700746227100503;2.0;4
98;2019;6;3.549647869859798;2;9;0.9352984077957243;3.549647869859798;1.0;4
98;2020;5;3.549647869859798;2;9;0.9352984077957243;3.549647869859798;1.0;4
98;2021;5;3.549647869859798;1;8;0.9352984077957243;3.549647869859798;1.0;4
98;2022;4;3.549647869859798;1;8;0.9352984077957243;3.549647869859798;1.0;4
98;2023;4;3.549647869859798;0;8;0.9352984077957243;3.549647869859798;1.0;4
99;2019;2;5.533985905294676;0;7;0.14142135623730953;2.2135943621178704;2.5;4
99;2020;2;5.533985905294676;0;7;0.14142135623730953;2.2135943621178704;2.5;4
99;2021;2;5.533985905294676;0;8;0.14142135623730953;2.2135943621178704;2.5;4
99;2022;2;5.533985905294676;0;8;0.14142135623730953;2.2135943621178704;2.5;4
99;2023;2;5.533985905294676;0;8;0.14142135623730953;2.2135943621178704;2.5;4
100;2019;1;3.549647869859827;0;5;-0.5773502691896257;1.7748239349299135;2.0;4
100;2020;1;3.549647869859827;0;4;-0.5773502691896257;1.7748239349299135;2.0;4
100;2021;1;3.549647869859827;0;4;-0.5773502691896257;1.7748239349299135;2.0;4
100;2022;0;3.549647869859827;0;4;-0.5773502691896257;1.7748239349299135;2.0;4
100;2023;0;3.549647869859827;0;4;-0.5773502691896257;1.7748239349299135;2.0;4
101;2019;3;1.9364916731036717;1;5;0.0;0.7745966692414686;2.5;4
101;2020;2;1.9364916731036717;0;4;0.0;0.7745966692414686;2.5;4
101;2021;2;1.9364916731036717;0;4;0.0;0.7745966692414686;2.5;4
101;2022;1;1.9364916731036717;0;3;0.0;0.7745966692414686;2.5;4
101;2023;1;1.9364916731036717;0;3;0.0;0.7745966692414686;2.5;4
102;2019;2;3.185906464414832;0;5;0.914702166580753;3.185906464414832;1.0;4
102;2020;2;3.185906464414832;0;5;0.914702166580753;3.185906464414832;1.0;4
102;2021;2;3.185906464414832;0;6;0.914702166580753;3.185906464414832;1.0;4
102;2022;3;3.185906464414832;0;6;0.914702166580753;3.185906464414832;1.0;4
102;2023;3;3.185906464414832;0;6;0.914702166580753;3.185906464414832;1.0;4
103;2019;2;7.115124735378792;0;9;-0.42008402520840293;2.846049894151517;2.5;4
103;2020;2;7.115124735378792;0;9;-0.42008402520840293;2.846049894151517;2.5;4
103;2021;1;7.115124735378792;0;8;-0.42008402520840293;2.846049894151517;2.5;4
103;2022;1;7.115124735378792;0;8;-0.42008402520840293;2.846049894151517;2.5;4
103;2023;0;7.115124735378792;0;8;-0.42008402520840293;2.846049894151517;2.5;4
104;2019;8;5.196152422706632;3;14;-0.6673083711820307;2.598076211353316;2.0;4
104;2020;8;5.196152422706632;3;13;-0.6673083711820307;2.598076211353316;2.0;4
104;2021;8;5.196152422706632;2;13;-0.6673083711820307;2.598076211353316;2.0;4
104;2022;7;5.196152422706632;2;12;-0.6673083711820307;2.598076211353316;2.0;4
104;2023;6;5.196152422706632;1;12;-0.6673083711820307;2.598076211353316;2.0;4
105;2019;0;0.8874119674647694;0;0;0.7777777777777777;0.5916079783098462;1.5;4
105;2020;1;0.8874119674647694;0;2;0.7777777777777777;0.5916079783098462;1.5;4
105;2021;2;0.8874119674647694;1;3;0.7777777777777777;0.5916079783098462;1.5;4
105;2022;3;0.8874119674647694;2;4;0.7777777777777777;0.5916079783098462;1.5;4
105;2023;4;0.8874119674647694;3;5;0.7777777777777777;0.5916079783098462;1.5;4
106;2019;4;11.65922381636102;0;15;;4.663689526544408;2.5;4
106;2020;4;11.65922381636102;0;16;;4.663689526544408;2.5;4
106;2021;4;11.65922381636102;0;16;;4.663689526544408;2.5;4
106;2022;5;11.65922381636102;0;17;;4.663689526544408;2.5;4
106;2023;6;11.65922381636102;0;17;;4.663689526544408;2.5;4
107;2019;1;0.9682458365518176;0;2;;0.38729833462072705;2.5;4
107;2020;0;0.9682458365518176;0;1;;0.38729833462072705;2.5;4
107;2021;0;0.9682458365518176;0;1;;0.38729833462072705;2.5;4
107;2022;0;0.9682458365518176;0;1;;0.38729833462072705;2.5;4
107;2023;0;0.9682458365518176;0;0;;0.38729833462072705;2.5;4
108;2019;0;0.0;0;0;;0.0;2.5;4
108;2020;0;0.0;0;0;;0.0;2.5;4
108;2021;0;0.0;0;0;;0.0;2.5;4
108;2022;0;0.0;0;0;;0.0;2.5;4
108;2023;0;0.0;0;0;;0.0;2.5;4
109;2019;12;10.852994978345635;1;23;-0.817275595421618;7.235329985563757;1.5;4
109;2020;11;10.852994978345635;0;22;-0.817275595421618;7.235329985563757;1.5;4
109;2021;10;10.852994978345635;0;21;-0.817275595421618;7.235329985563757;1.5;4
109;2022;9;10.852994978345635;0;19;-0.817275595421618;7.235329985563757;1.5;4
109;2023;8;10.852994978345635;0;18;-0.817275595421618;7.235329985563757;1.5;4
110;2019;9;7.091367992143789;2;16;-0.7693463333070651;4.727578661429193;1.5;4
110;2020;6;7.091367992143789;0;13;-0.7693463333070651;4.727578661429193;1.5;4
110;2021;3;7.091367992143789;0;10;-0.7693463333070651;4.727578661429193;1.5;4
110;2022;0;7.091367992143789;0;7;-0.7693463333070651;4.727578661429193;1.5;4
110;2023;0;7.091367992143789;0;4;-0.7693463333070651;4.727578661429193;1.5;4
111;2019;0;0.0;0;0;;0.0;2.5;4
111;2020;0;0.0;0;0;;0.0;2.5;4
111;2021;0;0.0;0;0;;0.0;2.5;4
111;2022;0;0.0;0;0;;0.0;2.5;4
111;2023;0;0.0;0;0;;0.0;2.5;4
112;2019;0;0.0;0;0;;0.0;2.5;3
112;2020;0;0.0;0;0;;0.0;2.5;3
112;2021;0;0.0;0;0;;0.0;2.5;3
112;2022;0;0.0;0;0;;0.0;2.5;3
113;2019;4;10.86853255964207;0;15;0.060508902081605156;4.347413023856828;2.5;4
113;2020;4;10.86853255964207;0;15;0.060508902081605156;4.347413023856828;2.5;4
113;2021;4;10.86853255964207;0;15;0.060508902081605156;4.347413023856828;2.5;4
113;2022;4;10.86853255964207;0;15;0.060508902081605156;4.347413023856828;2.5;4
113;2023;4;10.86853255964207;0;15;0.060508902081605156;4.347413023856828;2.5;4
114;2019;1;1.7428425057933323;0;3;-0.7385489458759963;1.1618950038622216;1.5;4
114;2020;1;1.7428425057933323;0;3;-0.7385489458759963;1.1618950038622216;1.5;4
114;2021;1;1.7428425057933323;0;2;-0.7385489458759963;1.1618950038622216;1.5;4
114;2022;1;1.7428425057933323;0;2;-0.7385489458759963;1.1618950038622216;1.5;4
114;2023;0;1.7428425057933323;0;2;-0.7385489458759963;1.1618950038622216;1.5;4
115;2019;0;3.307189138830738;0;4;0.16289141113091643;1.3228756555322954;2.5;4
115;2020;3;3.307189138830738;0;6;0.16289141113091643;1.3228756555322954;2.5;4
115;2021;6;3.307189138830738;2;9;0.16289141113091643;1.3228756555322954;2.5;4
115;2022;8;3.307189138830738;5;11;0.16289141113091643;1.3228756555322954;2.5;4
115;2023;10;3.307189138830738;7;14;0.16289141113091643;1.3228756555322954;2.5;4
116;2019;9;28.739128379267758;0;37;-0.35552390706571463;11.495651351707103;2.5;4
116;2020;6;28.739128379267758;0;35;-0.35552390706571463;11.495651351707103;2.5;4
116;2021;4;28.739128379267758;0;33;-0.35552390706571463;11.495651351707103;2.5;4
116;2022;2;28.739128379267758;0;31;-0.35552390706571463;11.495651351707103;2.5;4
116;2023;0;28.739128379267758;0;28;-0.35552390706571463;11.495651351707103;2.5;4
117;2019;2;5.809475019311272;0;8;0.0;2.323790007724509;2.5;4
117;2020;3;5.809475019311272;0;9;0.0;2.323790007724509;2.5;4
117;2021;5;5.809475019311272;0;10;0.0;2.323790007724509;2.5;4
117;2022;6;5.809475019311272;0;12;0.0;2.323790007724509;2.5;4
117;2023;7;5.809475019311272;1;13;0.0;2.323790007724509;2.5;4
118;2019;1;0.632455532033604;0;2;-0.5773502691896257;0.316227766016802;2.0;4
118;2020;1;0.632455532033604;0;1;-0.5773502691896257;0.316227766016802;2.0;4
118;2021;0;0.632455532033604;0;1;-0.5773502691896257;0.316227766016802;2.0;4
118;2022;0;0.632455532033604;0;1;-0.5773502691896257;0.316227766016802;2.0;4
118;2023;0;0.632455532033604;0;0;-0.5773502691896257;0.316227766016802;2.0;4
119;2019;0;0.0;0;0;;0.0;2.5;3
119;2021;0;0.0;0;0;;0.0;2.5;3
119;2022;0;0.0;0;0;;0.0;2.5;3
119;2023;0;0.0;0;0;;0.0;2.5;3
120;2019;5;5.039841267341607;0;10;-0.5198636331649534;2.5199206336708033;2.0;4
120;2020;3;5.039841267341607;0;8;-0.5198636331649534;2.5199206336708033;2.0;4
120;2021;1;5.039841267341607;0;6;-0.5198636331649534;2.5199206336708033;2.0;4
120;2022;0;5.039841267341607;0;4;-0.5198636331649534;2.5199206336708033;2.0;4
120;2023;0;5.039841267341607;0;3;-0.5198636331649534;2.5199206336708033;2.0;4
121;2019;8;5.7825167531103485;2;13;-0.45006251302384814;2.3130067012441393;2.5;4
121;2020;7;5.7825167531103485;1;12;-0.45006251302384814;2.3130067012441393;2.5;4
121;2021;6;5.7825167531103485;0;12;-0.45006251302384814;2.3130067012441393;2.5;4
121;2022;5;5.7825167531103485;0;11;-0.45006251302384814;2.3130067012441393;2.5;4
121;2023;4;5.7825167531103485;0;10;-0.45006251302384814;2.3130067012441393;2.5;4
122;2019;22;6.3560994328293114;16;28;0.6354023657851217;3.1780497164146557;2.0;4
122;2020;16;6.3560994328293114;9;22;0.6354023657851217;3.1780497164146557;2.0;4
122;2021;9;6.3560994328293114;3;16;0.6354023657851217;3.1780497164146557;2.0;4
122;2022;3;6.3560994328293114;0;9;0.6354023657851217;3.1780497164146557;2.0;4
122;2023;0;6.3560994328293114;0;3;0.6354023657851217;3.1780497164146557;2.0;4
123;2019;0;0.8874119674649316;0;1;-0.7302967433402215;0.5916079783099544;1.5;4
123;2020;0;0.8874119674649316;0;1;-0.7302967433402215;0.5916079783099544;1.5;4
123;2021;0;0.8874119674649316;0;1;-0.7302967433402215;0.5916079783099544;1.5;4
123;2022;0;0.8874119674649316;0;1;-0.7302967433402215;0.5916079783099544;1.5;4
123;2023;0;0.8874119674649316;0;1;-0.7302967433402215;0.5916079783099544;1.5;4
124;2019;1;5.062114182828978;0;6;0.316227766016838;2.0248456731315914;2.5;4
124;2020;2;5.062114182828978;0;7;0.316227766016838;2.0248456731315914;2.5;4
124;2021;2;5.062114182828978;0;7;0.316227766016838;2.0248456731315914;2.5;4
124;2022;3;5.062114182828978;0;8;0.316227766016838;2.0248456731315914;2.5;4
124;2023;4;5.062114182828978;0;9;0.316227766016838;2.0248456731315914;2.5;4
125;2019;7;7.439758060582374;0;15;0.7876971523390869;4.959838707054916;1.5;4
125;2020;11;7.439758060582374;3;18;0.7876971523390869;4.959838707054916;1.5;4
125;2021;14;7.439758060582374;7;22;0.7876971523390869;4.959838707054916;1.5;4
125;2022;18;7.439758060582374;10;25;0.7876971523390869;4.959838707054916;1.5;4
125;2023;21;7.439758060582374;14;28;0.7876971523390869;4.959838707054916;1.5;4
126;2019;1;1.5811388300842346;0;2;-0.19245008972987523;0.6324555320336939;2.5;4
126;2020;1;1.5811388300842346;0;2;-0.19245008972987523;0.6324555320336939;2.5;4
126;2021;0;1.5811388300842346;0;2;-0.19245008972987523;0.6324555320336939;2.5;4
126;2022;0;1.5811388300842346;0;2;-0.19245008972987523;0.6324555320336939;2.5;4
126;2023;0;1.5811388300842346;0;2;-0.19245008972987523;0.6324555320336939;2.5;4
127;2019;24;5.838450136808534;18;30;-0.8299328723907348;3.8923000912056893;1.5;4
127;2020;18;5.838450136808534;12;23;-0.8299328723907348;3.8923000912056893;1.5;4
127;2021;11;5.838450136808534;5;17;-0.8299328723907348;3.8923000912056893;1.5;4
127;2022;4;5.838450136808534;0;10;-0.8299328723907348;3.8923000912056893;1.5;4
127;2023;0;5.838450136808534;0;3;-0.8299328723907348;3.8923000912056893;1.5;4
128;2019;0;0.8874119674649316;0;1;0.816496580927726;0.5916079783099544;1.5;4
128;2020;0;0.8874119674649316;0;1;0.816496580927726;0.5916079783099544;1.5;4
128;2021;0;0.8874119674649316;0;1;0.816496580927726;0.5916079783099544;1.5;4
128;2022;0;0.8874119674649316;0;1;0.816496580927726;0.5916079783099544;1.5;4
128;2023;0;0.8874119674649316;0;1;0.816496580927726;0.5916079783099544;1.5;4
129;2019;9;6.564106946112171;2;15;-0.874562616362065;4.376071297408114;1.5;4
129;2020;7;6.564106946112171;1;14;-0.874562616362065;4.376071297408114;1.5;4
129;2021;6;6.564106946112171;0;13;-0.874562616362065;4.376071297408114;1.5;4
129;2022;5;6.564106946112171;0;11;-0.874562616362065;4.376071297408114;1.5;4
129;2023;4;6.564106946112171;0;10;-0.874562616362065;4.376071297408114;1.5;4
130;2019;2;0.632455532033604;1;3;0.5773502691896257;0.316227766016802;2.0;4
130;2020;2;0.632455532033604;2;3;0.5773502691896257;0.316227766016802;2.0;4
130;2021;3;0.632455532033604;2;3;0.5773502691896257;0.316227766016802;2.0;4
130;2022;3;0.632455532033604;2;4;0.5773502691896257;0.316227766016802;2.0;4
130;2023;4;0.632455532033604;3;4;0.5773502691896257;0.316227766016802;2.0;4
131;2019;0;0.0;0;0;;0.0;2.5;4
131;2020;0;0.0;0;0;;0.0;2.5;4
131;2021;0;0.0;0;0;;0.0;2.5;4
131;2022;0;0.0;0;0;;0.0;2.5;4
131;2023;0;0.0;0;0;;0.0;2.5;4
132;2019;3;10.031201323869567;0;13;-0.4010903143747116;4.012480529547827;2.5;4
132;2020;2;10.031201323869567;0;12;-0.4010903143747116;4.012480529547827;2.5;4
132;2021;2;10.031201323869567;0;12;-0.4010903143747116;4.012480529547827;2.5;4
132;2022;1;10.031201323869567;0;11;-0.4010903143747116;4.012480529547827;2.5;4
132;2023;0;10.031201323869567;0;11;-0.4010903143747116;4.012480529547827;2.5;4
133;2019;120;215.9622362821787;0;336;0.16207207341137667;86.38489451287148;2.5;4
133;2020;125;215.9622362821787;0;341;0.16207207341137667;86.38489451287148;2.5;4
133;2021;130;215.9622362821787;0;346;0.16207207341137667;86.38489451287148;2.5;4
133;2022;135;215.9622362821787;0;351;0.16207207341137667;86.38489451287148;2.5;4
133;2023;140;215.9622362821787;0;356;0.16207207341137667;86.38489451287148;2.5;4
134;2019;0;1.1832159566199087;0;2;0.5773502691896257;0.5916079783099544;2.0;4
134;2020;0;1.1832159566199087;0;1;0.5773502691896257;0.5916079783099544;2.0;4
134;2021;0;1.1832159566199087;0;1;0.5773502691896257;0.5916079783099544;2.0;4
134;2022;0;1.1832159566199087;0;1;0.5773502691896257;0.5916079783099544;2.0;4
134;2023;0;1.1832159566199087;0;1;0.5773502691896257;0.5916079783099544;2.0;4
135;2019;91;32.991476171884536;58;124;-0.4145913089607261;13.196590468753815;2.5;4
135;2020;77;32.991476171884536;44;110;-0.4145913089607261;13.196590468753815;2.5;4
135;2021;63;32.991476171884536;30;96;-0.4145913089607261;13.196590468753815;2.5;4
135;2022;48;32.991476171884536;15;81;-0.4145913089607261;13.196590468753815;2.5;4
135;2023;34;32.991476171884536;1;67;-0.4145913089607261;13.196590468753815;2.5;4
136;2019;0;1.479019945774886;0;2;-0.3333333333333333;0.5916079783099544;2.5;4
136;2020;0;1.479019945774886;0;2;-0.3333333333333333;0.5916079783099544;2.5;4
136;2021;0;1.479019945774886;0;2;-0.3333333333333333;0.5916079783099544;2.5;4
136;2022;0;1.479019945774886;0;2;-0.3333333333333333;0.5916079783099544;2.5;4
136;2023;0;1.479019945774886;0;2;-0.3333333333333333;0.5916079783099544;2.5;4
137;2019;1;4.626013402488135;0;6;-0.6125306510286749;2.3130067012440674;2.0;4
137;2020;1;4.626013402488135;0;6;-0.6125306510286749;2.3130067012440674;2.0;4
137;2021;1;4.626013402488135;0;6;-0.6125306510286749;2.3130067012440674;2.0;4
137;2022;1;4.626013402488135;0;6;-0.6125306510286749;2.3130067012440674;2.0;4
137;2023;2;4.626013402488135;0;6;-0.6125306510286749;2.3130067012440674;2.0;4
138;2019;0;1.264911064067208;0;1;-0.5773502691896257;0.632455532033604;2.0;4
138;2020;1;1.264911064067208;0;2;-0.5773502691896257;0.632455532033604;2.0;4
138;2021;1;1.264911064067208;0;3;-0.5773502691896257;0.632455532033604;2.0;4
138;2022;2;1.264911064067208;1;3;-0.5773502691896257;0.632455532033604;2.0;4
138;2023;3;1.264911064067208;2;4;-0.5773502691896257;0.632455532033604;2.0;4
139;2019;0;0.0;0;0;;0.0;2.5;4
139;2020;0;0.0;0;0;;0.0;2.5;4
139;2021;0;0.0;0;0;;0.0;2.5;4
139;2022;0;0.0;0;0;;0.0;2.5;4
139;2023;0;0.0;0;0;;0.0;2.5;4
140;2019;0;2.1650635094610964;0;2;0.3458572319330373;0.8660254037844386;2.5;4
140;2020;0;2.1650635094610964;0;3;0.3458572319330373;0.8660254037844386;2.5;4
140;2021;1;2.1650635094610964;0;3;0.3458572319330373;0.8660254037844386;2.5;4
140;2022;2;2.1650635094610964;0;4;0.3458572319330373;0.8660254037844386;2.5;4
140;2023;2;2.1650635094610964;0;4;0.3458572319330373;0.8660254037844386;2.5;4
141;2019;3;3.5968736424845393;0;7;0.781120952433023;2.3979157616563596;1.5;4
141;2020;4;3.5968736424845393;0;7;0.781120952433023;2.3979157616563596;1.5;4
141;2021;4;3.5968736424845393;0;8;0.781120952433023;2.3979157616563596;1.5;4
141;2022;4;3.5968736424845393;1;8;0.781120952433023;2.3979157616563596;1.5;4
141;2023;5;3.5968736424845393;1;9;0.781120952433023;2.3979157616563596;1.5;4
142;2019;0;0.9486832980502979;0;1;0.816496580927726;0.632455532033532;1.5;4
142;2020;1;0.9486832980502979;0;2;0.816496580927726;0.632455532033532;1.5;4
142;2021;3;0.9486832980502979;2;4;0.816496580927726;0.632455532033532;1.5;4
142;2022;4;0.9486832980502979;3;5;0.816496580927726;0.632455532033532;1.5;4
142;2023;5;0.9486832980502979;4;6;0.816496580927726;0.632455532033532;1.5;4
143;2019;11;10.709224995302666;0;21;-0.13964198316239154;4.2836899981210665;2.5;4
143;2020;13;10.709224995302666;2;23;-0.13964198316239154;4.2836899981210665;2.5;4
143;2021;15;10.709224995302666;4;26;-0.13964198316239154;4.2836899981210665;2.5;4
143;2022;17;10.709224995302666;6;28;-0.13964198316239154;4.2836899981210665;2.5;4
143;2023;19;10.709224995302666;8;30;-0.13964198316239154;4.2836899981210665;2.5;4
144;2019;2;0.8874119674649316;1;3;-0.7867957924694431;0.5916079783099544;1.5;4
144;2020;2;0.8874119674649316;1;3;-0.7867957924694431;0.5916079783099544;1.5;4
144;2021;2;0.8874119674649316;1;3;-0.7867957924694431;0.5916079783099544;1.5;4
144;2022;2;0.8874119674649316;1;2;-0.7867957924694431;0.5916079783099544;1.5;4
144;2023;2;0.8874119674649316;1;2;-0.7867957924694431;0.5916079783099544;1.5;4
145;2019;0;1.5811388300842346;0;2;0.0;0.6324555320336939;2.5;4
145;2020;0;1.5811388300842346;0;2;0.0;0.6324555320336939;2.5;4
145;2021;1;1.5811388300842346;0;2;0.0;0.6324555320336939;2.5;4
145;2022;1;1.5811388300842346;0;2;0.0;0.6324555320336939;2.5;4
145;2023;1;1.5811388300842346;0;3;0.0;0.6324555320336939;2.5;4
146;2019;0;0.5916079783099544;0;1;1.0;0.5916079783099544;1.0;4
146;2020;0;0.5916079783099544;0;1;1.0;0.5916079783099544;1.0;4
146;2021;0;0.5916079783099544;0;1;1.0;0.5916079783099544;1.0;4
146;2022;0;0.5916079783099544;0;1;1.0;0.5916079783099544;1.0;4
146;2023;0;0.5916079783099544;0;1;1.0;0.5916079783099544;1.0;4
147;2019;26;14.818906842274753;11;41;-0.6116372990006061;7.409453421137377;2.0;4
147;2020;21;14.818906842274753;6;36;-0.6116372990006061;7.409453421137377;2.0;4
147;2021;16;14.818906842274753;1;31;-0.6116372990006061;7.409453421137377;2.0;4
147;2022;11;14.818906842274753;0;26;-0.6116372990006061;7.409453421137377;2.0;4
147;2023;6;14.818906842274753;0;21;-0.6116372990006061;7.409453421137377;2.0;4
148;2019;0;0.0;0;0;;0.0;2.5;4
148;2020;0;0.0;0;0;;0.0;2.5;4
148;2021;0;0.0;0;0;;0.0;2.5;4
148;2022;0;0.0;0;0;;0.0;2.5;4
148;2023;0;0.0;0;0;;0.0;2.5;4
149;2019;0;1.1832159566199087;0;1;-0.5773502691896257;0.5916079783099544;2.0;4
149;2020;0;1.1832159566199087;0;1;-0.5773502691896257;0.5916079783099544;2.0;4
149;2021;0;1.1832159566199087;0;1;-0.5773502691896257;0.5916079783099544;2.0;4
149;2022;0;1.1832159566199087;0;2;-0.5773502691896257;0.5916079783099544;2.0;4
149;2023;0;1.1832159566199087;0;2;-0.5773502691896257;0.5916079783099544;2.0;4
150;2019;0;1.1832159566199087;0;1;0.5773502691896257;0.5916079783099544;2.0;4
150;2020;0;1.1832159566199087;0;1;0.5773502691896257;0.5916079783099544;2.0;4
150;2021;0;1.1832159566199087;0;1;0.5773502691896257;0.5916079783099544;2.0;4
150;2022;0;1.1832159566199087;0;2;0.5773502691896257;0.5916079783099544;2.0;4
150;2023;0;1.1832159566199087;0;2;0.5773502691896257;0.5916079783099544;2.0;4
151;2019;0;0.0;0;0;;0.0;2.5;4
151;2020;0;0.0;0;0;;0.0;2.5;4
151;2021;0;0.0;0;0;;0.0;2.5;4
151;2022;0;0.0;0;0;;0.0;2.5;4
151;2023;0;0.0;0;0;;0.0;2.5;4
152;2019;0;2.958039891549772;0;3;0.0;1.1832159566199087;2.5;4
152;2020;0;2.958039891549772;0;3;0.0;1.1832159566199087;2.5;4
152;2021;1;2.958039891549772;0;4;0.0;1.1832159566199087;2.5;4
152;2022;1;2.958039891549772;0;4;0.0;1.1832159566199087;2.5;4
152;2023;1;2.958039891549772;0;4;0.0;1.1832159566199087;2.5;4
153;2019;0;0.0;0;0;;0.0;2.5;3
153;2021;0;0.0;0;0;;0.0;2.5;3
153;2022;0;0.0;0;0;;0.0;2.5;3
153;2023;0;0.0;0;0;;0.0;2.5;3
154;2019;1;1.7677669529663689;0;2;0.0;0.7071067811865476;2.5;4
154;2020;0;1.7677669529663689;0;2;0.0;0.7071067811865476;2.5;4
154;2021;0;1.7677669529663689;0;2;0.0;0.7071067811865476;2.5;4
154;2022;0;1.7677669529663689;0;2;0.0;0.7071067811865476;2.5;4
154;2023;0;1.7677669529663689;0;2;0.0;0.7071067811865476;2.5;4
155;2019;3;11.832159566199088;0;15;0.0;4.732863826479635;2.5;4
155;2020;2;11.832159566199088;0;14;0.0;4.732863826479635;2.5;4
155;2021;2;11.832159566199088;0;13;0.0;4.732863826479635;2.5;4
155;2022;1;11.832159566199088;0;13;0.0;4.732863826479635;2.5;4
155;2023;0;11.832159566199088;0;12;0.0;4.732863826479635;2.5;4
156;2019;2;0.774596669241542;1;3;-0.5222329678670935;0.387298334620771;2.0;4
156;2020;1;0.774596669241542;0;2;-0.5222329678670935;0.387298334620771;2.0;4
156;2021;0;0.774596669241542;0;1;-0.5222329678670935;0.387298334620771;2.0;4
156;2022;0;0.774596669241542;0;0;-0.5222329678670935;0.387298334620771;2.0;4
156;2023;0;0.774596669241542;0;0;-0.5222329678670935;0.387298334620771;2.0;4
157;2019;1;3.549647869859827;0;5;0.5773502691896257;1.7748239349299135;2.0;4
157;2020;1;3.549647869859827;0;4;0.5773502691896257;1.7748239349299135;2.0;4
157;2021;1;3.549647869859827;0;4;0.5773502691896257;1.7748239349299135;2.0;4
157;2022;0;3.549647869859827;0;4;0.5773502691896257;1.7748239349299135;2.0;4
157;2023;0;3.549647869859827;0;4;0.5773502691896257;1.7748239349299135;2.0;4
158;2019;8;2.299456457513695;6;11;-0.8773734510810494;1.5329709716757967;1.5;4
158;2020;6;2.299456457513695;4;9;-0.8773734510810494;1.5329709716757967;1.5;4
158;2021;4;2.299456457513695;2;6;-0.8773734510810494;1.5329709716757967;1.5;4
158;2022;2;2.299456457513695;0;4;-0.8773734510810494;1.5329709716757967;1.5;4
158;2023;0;2.299456457513695;0;2;-0.8773734510810494;1.5329709716757967;1.5;4
159;2019;1;2.6809513236908886;0;4;-0.0909090909090909;1.0723805294763555;2.5;4
159;2020;2;2.6809513236908886;0;4;-0.0909090909090909;1.0723805294763555;2.5;4
159;2021;2;2.6809513236908886;0;5;-0.0909090909090909;1.0723805294763555;2.5;4
159;2022;2;2.6809513236908886;0;5;-0.0909090909090909;1.0723805294763555;2.5;4
159;2023;2;2.6809513236908886;0;5;-0.0909090909090909;1.0723805294763555;2.5;4
160;2019;0;0.7071067811865476;0;1;1.0;0.7071067811865476;1.0;4
160;2020;0;0.7071067811865476;0;1;1.0;0.7071067811865476;1.0;4
160;2021;0;0.7071067811865476;0;1;1.0;0.7071067811865476;1.0;4
160;2022;0;0.7071067811865476;0;1;1.0;0.7071067811865476;1.0;4
160;2023;0;0.7071067811865476;0;1;1.0;0.7071067811865476;1.0;4
161;2019;3;2.6809513236908886;1;6;-0.27914526311954124;1.0723805294763555;2.5;4
161;2020;3;2.6809513236908886;0;6;-0.27914526311954124;1.0723805294763555;2.5;4
161;2021;3;2.6809513236908886;0;5;-0.27914526311954124;1.0723805294763555;2.5;4
161;2022;2;2.6809513236908886;0;5;-0.27914526311954124;1.0723805294763555;2.5;4
161;2023;2;2.6809513236908886;0;5;-0.27914526311954124;1.0723805294763555;2.5;4
162;2019;33;1.4662878298620763;31;34;-0.9520247947591667;1.4662878298620763;1.0;4
162;2020;26;1.4662878298620763;25;28;-0.9520247947591667;1.4662878298620763;1.0;4
162;2021;19;1.4662878298620763;18;21;-0.9520247947591667;1.4662878298620763;1.0;4
162;2022;13;1.4662878298620763;11;14;-0.9520247947591667;1.4662878298620763;1.0;4
162;2023;6;1.4662878298620763;5;7;-0.9520247947591667;1.4662878298620763;1.0;4
163;2019;3;5.422176684690166;0;9;-0.6626506024096387;2.711088342345083;2.0;4
163;2020;4;5.422176684690166;0;10;-0.6626506024096387;2.711088342345083;2.0;4
163;2021;5;5.422176684690166;0;11;-0.6626506024096387;2.711088342345083;2.0;4
163;2022;6;5.422176684690166;1;12;-0.6626506024096387;2.711088342345083;2.0;4
163;2023;8;5.422176684690166;2;13;-0.6626506024096387;2.711088342345083;2.0;4
164;2019;7;15.155444566227676;0;22;0.06887078878762684;6.06217782649107;2.5;4
164;2020;6;15.155444566227676;0;22;0.06887078878762684;6.06217782649107;2.5;4
164;2021;6;15.155444566227676;0;21;0.06887078878762684;6.06217782649107;2.5;4
164;2022;6;15.155444566227676;0;21;0.06887078878762684;6.06217782649107;2.5;4
164;2023;5;15.155444566227676;0;20;0.06887078878762684;6.06217782649107;2.5;4
165;2019;6;6.566962768281886;0;12;0.11952286093343936;2.6267851073127546;2.5;4
165;2020;6;6.566962768281886;0;12;0.11952286093343936;2.6267851073127546;2.5;4
165;2021;6;6.566962768281886;0;13;0.11952286093343936;2.6267851073127546;2.5;4
165;2022;6;6.566962768281886;0;13;0.11952286093343936;2.6267851073127546;2.5;4
165;2023;6;6.566962768281886;0;13;0.11952286093343936;2.6267851073127546;2.5;4
166;2019;3;2.323790007724724;1;6;-0.6625413488689132;1.161895003862362;2.0;4
166;2020;2;2.323790007724724;0;5;-0.6625413488689132;1.161895003862362;2.0;4
166;2021;1;2.323790007724724;0;4;-0.6625413488689132;1.161895003862362;2.0;4
166;2022;0;2.323790007724724;0;2;-0.6625413488689132;1.161895003862362;2.0;4
166;2023;0;2.323790007724724;0;1;-0.6625413488689132;1.161895003862362;2.0;4
167;2019;0;0.8874119674649316;0;1;0.7745966692414834;0.5916079783099544;1.5;4
167;2020;0;0.8874119674649316;0;1;0.7745966692414834;0.5916079783099544;1.5;4
167;2021;0;0.8874119674649316;0;1;0.7745966692414834;0.5916079783099544;1.5;4
167;2022;0;0.8874119674649316;0;1;0.7745966692414834;0.5916079783099544;1.5;4
167;2023;0;0.8874119674649316;0;1;0.7745966692414834;0.5916079783099544;1.5;4
168;2019;0;0.0;0;0;;0.0;2.5;4
168;2020;0;0.0;0;0;;0.0;2.5;4
168;2021;0;0.0;0;0;;0.0;2.5;4
168;2022;0;0.0;0;0;;0.0;2.5;4
168;2023;0;0.0;0;0;;0.0;2.5;4
169;2019;2;2.3664319132398175;0;4;-1.0;2.3664319132398175;1.0;4
169;2020;1;2.3664319132398175;0;4;-1.0;2.3664319132398175;1.0;4
169;2021;1;2.3664319132398175;0;3;-1.0;2.3664319132398175;1.0;4
169;2022;0;2.3664319132398175;0;3;-1.0;2.3664319132398175;1.0;4
169;2023;0;2.3664319132398175;0;2;-1.0;2.3664319132398175;1.0;4
170;2019;0;0.0;0;0;;0.0;2.5;4
170;2020;0;0.0;0;0;;0.0;2.5;4
170;2021;0;0.0;0;0;;0.0;2.5;4
170;2022;0;0.0;0;0;;0.0;2.5;4
170;2023;0;0.0;0;0;;0.0;2.5;4
171;2019;2;6.928203230275509;0;9;-0.6804138174397716;3.4641016151377544;2.0;4
171;2020;2;6.928203230275509;0;9;-0.6804138174397716;3.4641016151377544;2.0;4
171;2021;2;6.928203230275509;0;9;-0.6804138174397716;3.4641016151377544;2.0;4
171;2022;2;6.928203230275509;0;9;-0.6804138174397716;3.4641016151377544;2.0;4
171;2023;2;6.928203230275509;0;9;-0.6804138174397716;3.4641016151377544;2.0;4
172;2019;0;0.0;0;0;;0.0;2.5;4
172;2020;0;0.0;0;0;;0.0;2.5;4
172;2021;0;0.0;0;0;;0.0;2.5;4
172;2022;0;0.0;0;0;;0.0;2.5;4
172;2023;0;0.0;0;0;;0.0;2.5;4
173;2019;0;0.0;0;0;;0.0;2.5;4
173;2020;0;0.0;0;0;;0.0;2.5;4
173;2021;0;0.0;0;0;;0.0;2.5;4
173;2022;0;0.0;0;0;;0.0;2.5;4
173;2023;0;0.0;0;0;;0.0;2.5;4
174;2019;0;1.479019945774886;0;2;;0.5916079783099544;2.5;4
174;2020;0;1.479019945774886;0;2;;0.5916079783099544;2.5;4
174;2021;0;1.479019945774886;0;2;;0.5916079783099544;2.5;4
174;2022;0;1.479019945774886;0;2;;0.5916079783099544;2.5;4
174;2023;0;1.479019945774886;0;1;;0.5916079783099544;2.5;4
175;2019;0;1.479019945774886;0;2;0.17407765595569782;0.5916079783099544;2.5;4
175;2020;0;1.479019945774886;0;2;0.17407765595569782;0.5916079783099544;2.5;4
175;2021;0;1.479019945774886;0;2;0.17407765595569782;0.5916079783099544;2.5;4
175;2022;0;1.479019945774886;0;2;0.17407765595569782;0.5916079783099544;2.5;4
175;2023;0;1.479019945774886;0;1;0.17407765595569782;0.5916079783099544;2.5;4
176;2019;6;4.743416490252329;1;10;0.2782074420373286;1.8973665961009318;2.5;4
176;2020;4;4.743416490252329;0;9;0.2782074420373286;1.8973665961009318;2.5;4
176;2021;3;4.743416490252329;0;8;0.2782074420373286;1.8973665961009318;2.5;4
176;2022;1;4.743416490252329;0;6;0.2782074420373286;1.8973665961009318;2.5;4
176;2023;0;4.743416490252329;0;5;0.2782074420373286;1.8973665961009318;2.5;4
177;2019;14;12.028611723719623;2;26;-0.4424888380212045;4.811444689487849;2.5;4
177;2020;11;12.028611723719623;0;23;-0.4424888380212045;4.811444689487849;2.5;4
177;2021;9;12.028611723719623;0;21;-0.4424888380212045;4.811444689487849;2.5;4
177;2022;7;12.028611723719623;0;19;-0.4424888380212045;4.811444689487849;2.5;4
177;2023;4;12.028611723719623;0;17;-0.4424888380212045;4.811444689487849;2.5;4
178;2019;1;3.549647869859827;0;5;0.5773502691896257;1.7748239349299135;2.0;4
178;2020;1;3.549647869859827;0;4;0.5773502691896257;1.7748239349299135;2.0;4
178;2021;1;3.549647869859827;0;4;0.5773502691896257;1.7748239349299135;2.0;4
178;2022;0;3.549647869859827;0;4;0.5773502691896257;1.7748239349299135;2.0;4
178;2023;0;3.549647869859827;0;4;0.5773502691896257;1.7748239349299135;2.0;4
179;2019;0;4.437059837324784;0;5;-0.38837866680189276;1.7748239349299137;2.5;4
179;2020;1;4.437059837324784;0;5;-0.38837866680189276;1.7748239349299137;2.5;4
179;2021;1;4.437059837324784;0;5;-0.38837866680189276;1.7748239349299137;2.5;4
179;2022;1;4.437059837324784;0;6;-0.38837866680189276;1.7748239349299137;2.5;4
179;2023;2;4.437059837324784;0;6;-0.38837866680189276;1.7748239349299137;2.5;4
180;2019;48;95.5353337776134;0;144;0.6153180086614635;47.7676668888067;2.0;4
180;2020;62;95.5353337776134;0;158;0.6153180086614635;47.7676668888067;2.0;4
180;2021;77;95.5353337776134;0;173;0.6153180086614635;47.7676668888067;2.0;4
180;2022;92;95.5353337776134;0;187;0.6153180086614635;47.7676668888067;2.0;4
180;2023;106;95.5353337776134;10;202;0.6153180086614635;47.7676668888067;2.0;4
181;2019;1;4.330127018922193;0;5;;1.7320508075688772;2.5;4
181;2020;1;4.330127018922193;0;5;;1.7320508075688772;2.5;4
181;2021;1;4.330127018922193;0;5;;1.7320508075688772;2.5;4
181;2022;1;4.330127018922193;0;5;;1.7320508075688772;2.5;4
181;2023;1;4.330127018922193;0;5;;1.7320508075688772;2.5;4
182;2019;15;24.571324750611193;0;40;0.16872762938008196;9.828529900244478;2.5;4
182;2020;16;24.571324750611193;0;40;0.16872762938008196;9.828529900244478;2.5;4
182;2021;16;24.571324750611193;0;41;0.16872762938008196;9.828529900244478;2.5;4
182;2022;17;24.571324750611193;0;41;0.16872762938008196;9.828529900244478;2.5;4
182;2023;17;24.571324750611193;0;42;0.16872762938008196;9.828529900244478;2.5;4
183;2019;30;67.44330952733633;0;98;0.8703882797784891;44.96220635155755;1.5;4
183;2020;23;67.44330952733633;0;90;0.8703882797784891;44.96220635155755;1.5;4
183;2021;15;67.44330952733633;0;83;0.8703882797784891;44.96220635155755;1.5;4
183;2022;8;67.44330952733633;0;75;0.8703882797784891;44.96220635155755;1.5;4
183;2023;0;67.44330952733633;0;67;0.8703882797784891;44.96220635155755;1.5;4
184;2019;5;1.4491376746188185;4;7;-0.9258200997725515;1.4491376746188185;1.0;4
184;2020;4;1.4491376746188185;2;5;-0.9258200997725515;1.4491376746188185;1.0;4
184;2021;2;1.4491376746188185;1;4;-0.9258200997725515;1.4491376746188185;1.0;4
184;2022;1;1.4491376746188185;0;2;-0.9258200997725515;1.4491376746188185;1.0;4
184;2023;0;1.4491376746188185;0;1;-0.9258200997725515;1.4491376746188185;1.0;4
185;2019;2;1.4142135623730951;0;3;-0.5547001962252291;0.7071067811865476;2.0;4
185;2020;2;1.4142135623730951;0;3;-0.5547001962252291;0.7071067811865476;2.0;4
185;2021;2;1.4142135623730951;0;3;-0.5547001962252291;0.7071067811865476;2.0;4
185;2022;2;1.4142135623730951;0;3;-0.5547001962252291;0.7071067811865476;2.0;4
185;2023;2;1.4142135623730951;0;3;-0.5547001962252291;0.7071067811865476;2.0;4
186;2019;0;1.479019945774886;0;2;0.3333333333333333;0.5916079783099544;2.5;4
186;2020;0;1.479019945774886;0;2;0.3333333333333333;0.5916079783099544;2.5;4
186;2021;0;1.479019945774886;0;2;0.3333333333333333;0.5916079783099544;2.5;4
186;2022;0;1.479019945774886;0;2;0.3333333333333333;0.5916079783099544;2.5;4
186;2023;0;1.479019945774886;0;2;0.3333333333333333;0.5916079783099544;2.5;4
187;2019;2;3.307189138830738;0;6;-0.3381383859576967;1.3228756555322954;2.5;4
187;2020;2;3.307189138830738;0;5;-0.3381383859576967;1.3228756555322954;2.5;4
187;2021;2;3.307189138830738;0;5;-0.3381383859576967;1.3228756555322954;2.5;4
187;2022;1;3.307189138830738;0;4;-0.3381383859576967;1.3228756555322954;2.5;4
187;2023;0;3.307189138830738;0;4;-0.3381383859576967;1.3228756555322954;2.5;4
188;2019;28;38.38538133196022;0;66;0.13122237307857174;15.354152532784088;2.5;4
188;2020;24;38.38538133196022;0;62;0.13122237307857174;15.354152532784088;2.5;4
188;2021;20;38.38538133196022;0;59;0.13122237307857174;15.354152532784088;2.5;4
188;2022;17;38.38538133196022;0;55;0.13122237307857174;15.354152532784088;2.5;4
188;2023;14;38.38538133196022;0;52;0.13122237307857174;15.354152532784088;2.5;4
189;2019;2;0.9682458365518176;1;3;0.32461722703211776;0.38729833462072705;2.5;4
189;2020;1;0.9682458365518176;0;2;0.32461722703211776;0.38729833462072705;2.5;4
189;2021;1;0.9682458365518176;0;2;0.32461722703211776;0.38729833462072705;2.5;4
189;2022;1;0.9682458365518176;0;2;0.32461722703211776;0.38729833462072705;2.5;4
189;2023;0;0.9682458365518176;0;1;0.32461722703211776;0.38729833462072705;2.5;4
190;2019;2;1.4491376746190066;0;3;-0.9858435728860859;1.4491376746190066;1.0;4
190;2020;1;1.4491376746190066;0;3;-0.9858435728860859;1.4491376746190066;1.0;4
190;2021;1;1.4491376746190066;0;2;-0.9858435728860859;1.4491376746190066;1.0;4
190;2022;0;1.4491376746190066;0;2;-0.9858435728860859;1.4491376746190066;1.0;4
190;2023;0;1.4491376746190066;0;1;-0.9858435728860859;1.4491376746190066;1.0;4
191;2019;4;9.921567416492215;0;14;-0.03471747880639605;3.968626966596886;2.5;4
191;2020;5;9.921567416492215;0;15;-0.03471747880639605;3.968626966596886;2.5;4
191;2021;6;9.921567416492215;0;15;-0.03471747880639605;3.968626966596886;2.5;4
191;2022;6;9.921567416492215;0;16;-0.03471747880639605;3.968626966596886;2.5;4
191;2023;6;9.921567416492215;0;16;-0.03471747880639605;3.968626966596886;2.5;4
192;2019;0;5.838450136808552;0;6;-0.8876618961497819;3.8923000912057013;1.5;4
192;2020;3;5.838450136808552;0;9;-0.8876618961497819;3.8923000912057013;1.5;4
192;2021;6;5.838450136808552;0;11;-0.8876618961497819;3.8923000912057013;1.5;4
192;2022;8;5.838450136808552;2;14;-0.8876618961497819;3.8923000912057013;1.5;4
192;2023;11;5.838450136808552;5;17;-0.8876618961497819;3.8923000912057013;1.5;4
194;2019;2;2.6809513236908886;0;4;0.23166618731252334;1.0723805294763555;2.5;4
194;2020;1;2.6809513236908886;0;4;0.23166618731252334;1.0723805294763555;2.5;4
194;2021;1;2.6809513236908886;0;4;0.23166618731252334;1.0723805294763555;2.5;4
194;2022;1;2.6809513236908886;0;3;0.23166618731252334;1.0723805294763555;2.5;4
194;2023;0;2.6809513236908886;0;3;0.23166618731252334;1.0723805294763555;2.5;4
195;2019;2;5.673402858955166;0;7;-0.45749571099781405;2.269361143582066;2.5;4
195;2020;1;5.673402858955166;0;7;-0.45749571099781405;2.269361143582066;2.5;4
195;2021;1;5.673402858955166;0;7;-0.45749571099781405;2.269361143582066;2.5;4
195;2022;1;5.673402858955166;0;6;-0.45749571099781405;2.269361143582066;2.5;4
195;2023;0;5.673402858955166;0;6;-0.45749571099781405;2.269361143582066;2.5;4
196;2019;1;0.9682458365518176;0;2;-0.3333333333333333;0.38729833462072705;2.5;4
196;2020;0;0.9682458365518176;0;1;-0.3333333333333333;0.38729833462072705;2.5;4
196;2021;0;0.9682458365518176;0;1;-0.3333333333333333;0.38729833462072705;2.5;4
196;2022;0;0.9682458365518176;0;1;-0.3333333333333333;0.38729833462072705;2.5;4
196;2023;0;0.9682458365518176;0;0;-0.3333333333333333;0.38729833462072705;2.5;4
197;2019;0;0.5916079783099544;0;1;1.0;0.5916079783099544;1.0;4
197;2020;0;0.5916079783099544;0;1;1.0;0.5916079783099544;1.0;4
197;2021;0;0.5916079783099544;0;1;1.0;0.5916079783099544;1.0;4
197;2022;0;0.5916079783099544;0;1;1.0;0.5916079783099544;1.0;4
197;2023;0;0.5916079783099544;0;1;1.0;0.5916079783099544;1.0;4
198;2019;5;5.809475019311199;0;11;-0.3223291856101521;2.3237900077244795;2.5;4
198;2020;4;5.809475019311199;0;10;-0.3223291856101521;2.3237900077244795;2.5;4
198;2021;4;5.809475019311199;0;9;-0.3223291856101521;2.3237900077244795;2.5;4
198;2022;3;5.809475019311199;0;9;-0.3223291856101521;2.3237900077244795;2.5;4
198;2023;2;5.809475019311199;0;8;-0.3223291856101521;2.3237900077244795;2.5;4
199;2019;5;0.9682458365518176;4;6;0.21576592600105152;0.38729833462072705;2.5;4
199;2020;6;0.9682458365518176;5;7;0.21576592600105152;0.38729833462072705;2.5;4
199;2021;6;0.9682458365518176;5;7;0.21576592600105152;0.38729833462072705;2.5;4
199;2022;6;0.9682458365518176;5;7;0.21576592600105152;0.38729833462072705;2.5;4
199;2023;6;0.9682458365518176;6;7;0.21576592600105152;0.38729833462072705;2.5;4
200;2019;5;6.06217782649107;0;11;0.9716254134469436;6.06217782649107;1.0;4
200;2020;8;6.06217782649107;2;15;0.9716254134469436;6.06217782649107;1.0;4
200;2021;12;6.06217782649107;6;18;0.9716254134469436;6.06217782649107;1.0;4
200;2022;16;6.06217782649107;9;22;0.9716254134469436;6.06217782649107;1.0;4
200;2023;19;6.06217782649107;13;25;0.9716254134469436;6.06217782649107;1.0;4
201;2019;2;1.7320508075688772;0;3;-0.5222329678670935;0.8660254037844386;2.0;4
201;2020;1;1.7320508075688772;0;3;-0.5222329678670935;0.8660254037844386;2.0;4
201;2021;0;1.7320508075688772;0;2;-0.5222329678670935;0.8660254037844386;2.0;4
201;2022;0;1.7320508075688772;0;2;-0.5222329678670935;0.8660254037844386;2.0;4
201;2023;0;1.7320508075688772;0;1;-0.5222329678670935;0.8660254037844386;2.0;4
202;2019;0;0.0;0;0;;0.0;2.5;4
202;2020;0;0.0;0;0;;0.0;2.5;4
202;2021;0;0.0;0;0;;0.0;2.5;4
202;2022;0;0.0;0;0;;0.0;2.5;4
202;2023;0;0.0;0;0;;0.0;2.5;4
203;2019;50;31.8345331362043;18;82;-0.032919723552950836;12.73381325448172;2.5;4
203;2020;43;31.8345331362043;11;74;-0.032919723552950836;12.73381325448172;2.5;4
203;2021;35;31.8345331362043;3;67;-0.032919723552950836;12.73381325448172;2.5;4
203;2022;27;31.8345331362043;0;59;-0.032919723552950836;12.73381325448172;2.5;4
203;2023;20;31.8345331362043;0;51;-0.032919723552950836;12.73381325448172;2.5;4
204;2019;4;1.7029386365926802;2;5;-0.9525793444156803;1.7029386365926802;1.0;4
204;2020;3;1.7029386365926802;1;5;-0.9525793444156803;1.7029386365926802;1.0;4
204;2021;2;1.7029386365926802;0;4;-0.9525793444156803;1.7029386365926802;1.0;4
204;2022;1;1.7029386365926802;0;3;-0.9525793444156803;1.7029386365926802;1.0;4
204;2023;0;1.7029386365926802;0;2;-0.9525793444156803;1.7029386365926802;1.0;4
205;2019;0;0.9682458365518176;0;1;;0.38729833462072705;2.5;4
205;2020;0;0.9682458365518176;0;1;;0.38729833462072705;2.5;4
205;2021;0;0.9682458365518176;0;1;;0.38729833462072705;2.5;4
205;2022;1;0.9682458365518176;0;2;;0.38729833462072705;2.5;4
205;2023;1;0.9682458365518176;0;2;;0.38729833462072705;2.5;4
206;2019;0;0.8660254037844386;0;1;-1.0;0.8660254037844386;1.0;4
206;2020;0;0.8660254037844386;0;1;-1.0;0.8660254037844386;1.0;4
206;2021;1;0.8660254037844386;0;2;-1.0;0.8660254037844386;1.0;4
206;2022;2;0.8660254037844386;1;2;-1.0;0.8660254037844386;1.0;4
206;2023;2;0.8660254037844386;1;3;-1.0;0.8660254037844386;1.0;4
207;2019;19;1.7748239349295392;17;21;0.8965707310791448;1.1832159566196927;1.5;4
207;2020;23;1.7748239349295392;21;24;0.8965707310791448;1.1832159566196927;1.5;4
207;2021;26;1.7748239349295392;25;28;0.8965707310791448;1.1832159566196927;1.5;4
207;2022;30;1.7748239349295392;28;32;0.8965707310791448;1.1832159566196927;1.5;4
207;2023;34;1.7748239349295392;32;36;0.8965707310791448;1.1832159566196927;1.5;4
208;2019;0;0.0;0;0;;0.0;2.5;4
208;2020;0;0.0;0;0;;0.0;2.5;4
208;2021;0;0.0;0;0;;0.0;2.5;4
208;2022;0;0.0;0;0;;0.0;2.5;4
208;2023;0;0.0;0;0;;0.0;2.5;4
209;2019;0;0.0;0;0;;0.0;2.5;4
209;2020;0;0.0;0;0;;0.0;2.5;4
209;2021;0;0.0;0;0;;0.0;2.5;4
209;2022;0;0.0;0;0;;0.0;2.5;4
209;2023;0;0.0;0;0;;0.0;2.5;4
210;2019;1;1.6085707942145333;0;3;0.8528028654224417;1.0723805294763555;1.5;4
210;2020;1;1.6085707942145333;0;3;0.8528028654224417;1.0723805294763555;1.5;4
210;2021;1;1.6085707942145333;0;2;0.8528028654224417;1.0723805294763555;1.5;4
210;2022;0;1.6085707942145333;0;2;0.8528028654224417;1.0723805294763555;1.5;4
210;2023;0;1.6085707942145333;0;2;0.8528028654224417;1.0723805294763555;1.5;4
211;2019;7;7.896201618499979;0;15;-0.9906156281956451;7.896201618499979;1.0;4
211;2020;9;7.896201618499979;1;17;-0.9906156281956451;7.896201618499979;1.0;4
211;2021;11;7.896201618499979;3;19;-0.9906156281956451;7.896201618499979;1.0;4
211;2022;13;7.896201618499979;5;20;-0.9906156281956451;7.896201618499979;1.0;4
211;2023;14;7.896201618499979;7;22;-0.9906156281956451;7.896201618499979;1.0;4
212;2019;18;24.76136102882859;0;43;0.006768276709701918;9.904544411531436;2.5;4
212;2020;17;24.76136102882859;0;42;0.006768276709701918;9.904544411531436;2.5;4
212;2021;17;24.76136102882859;0;41;0.006768276709701918;9.904544411531436;2.5;4
212;2022;16;24.76136102882859;0;41;0.006768276709701918;9.904544411531436;2.5;4
212;2023;16;24.76136102882859;0;40;0.006768276709701918;9.904544411531436;2.5;4
213;2019;0;0.0;0;0;;0.0;2.5;4
213;2020;0;0.0;0;0;;0.0;2.5;4
213;2021;0;0.0;0;0;;0.0;2.5;4
213;2022;0;0.0;0;0;;0.0;2.5;4
213;2023;0;0.0;0;0;;0.0;2.5;4
214;2019;0;0.0;0;0;;0.0;2.5;4
214;2020;0;0.0;0;0;;0.0;2.5;4
214;2021;0;0.0;0;0;;0.0;2.5;4
214;2022;0;0.0;0;0;;0.0;2.5;4
214;2023;0;0.0;0;0;;0.0;2.5;4
215;2019;2;6.777720855863002;0;9;-0.2679265684134639;2.711088342345201;2.5;4
215;2020;2;6.777720855863002;0;9;-0.2679265684134639;2.711088342345201;2.5;4
215;2021;2;6.777720855863002;0;9;-0.2679265684134639;2.711088342345201;2.5;4
215;2022;2;6.777720855863002;0;9;-0.2679265684134639;2.711088342345201;2.5;4
215;2023;2;6.777720855863002;0;9;-0.2679265684134639;2.711088342345201;2.5;4
216;2019;1;0.47434164902520304;1;2;-0.7071067811865475;0.316227766016802;1.5;4
216;2020;1;0.47434164902520304;0;1;-0.7071067811865475;0.316227766016802;1.5;4
216;2021;0;0.47434164902520304;0;1;-0.7071067811865475;0.316227766016802;1.5;4
216;2022;0;0.47434164902520304;0;0;-0.7071067811865475;0.316227766016802;1.5;4
216;2023;0;0.47434164902520304;0;0;-0.7071067811865475;0.316227766016802;1.5;4
217;2019;3;2.7110883423453345;0;5;0.9326733179802504;2.7110883423453345;1.0;4
217;2020;4;2.7110883423453345;1;6;0.9326733179802504;2.7110883423453345;1.0;4
217;2021;5;2.7110883423453345;2;8;0.9326733179802504;2.7110883423453345;1.0;4
217;2022;6;2.7110883423453345;3;9;0.9326733179802504;2.7110883423453345;1.0;4
217;2023;7;2.7110883423453345;4;10;0.9326733179802504;2.7110883423453345;1.0;4
218;2019;0;1.4142135623730951;0;2;0.5773502691896257;0.7071067811865476;2.0;4
218;2020;0;1.4142135623730951;0;2;0.5773502691896257;0.7071067811865476;2.0;4
218;2021;0;1.4142135623730951;0;2;0.5773502691896257;0.7071067811865476;2.0;4
218;2022;0;1.4142135623730951;0;2;0.5773502691896257;0.7071067811865476;2.0;4
218;2023;0;1.4142135623730951;0;2;0.5773502691896257;0.7071067811865476;2.0;4
219;2019;5;5.994789404140899;0;11;-0.19517369225309714;2.3979157616563596;2.5;4
219;2020;4;5.994789404140899;0;10;-0.19517369225309714;2.3979157616563596;2.5;4
219;2021;4;5.994789404140899;0;10;-0.19517369225309714;2.3979157616563596;2.5;4
219;2022;4;5.994789404140899;0;9;-0.19517369225309714;2.3979157616563596;2.5;4
219;2023;3;5.994789404140899;0;9;-0.19517369225309714;2.3979157616563596;2.5;4
220;2019;0;0.8874119674649316;0;1;-0.7777777777777777;0.5916079783099544;1.5;4
220;2020;0;0.8874119674649316;0;1;-0.7777777777777777;0.5916079783099544;1.5;4
220;2021;0;0.8874119674649316;0;1;-0.7777777777777777;0.5916079783099544;1.5;4
220;2022;0;0.8874119674649316;0;1;-0.7777777777777777;0.5916079783099544;1.5;4
220;2023;0;0.8874119674649316;0;1;-0.7777777777777777;0.5916079783099544;1.5;4
221;2019;0;0.9682458365519275;0;1;0.0;0.387298334620771;2.5;4
221;2020;0;0.9682458365519275;0;1;0.0;0.387298334620771;2.5;4
221;2021;1;0.9682458365519275;0;2;0.0;0.387298334620771;2.5;4
221;2022;2;0.9682458365519275;1;3;0.0;0.387298334620771;2.5;4
221;2023;2;0.9682458365519275;2;3;0.0;0.387298334620771;2.5;4
222;2019;5;6.566962768281886;0;12;-0.36140316116210053;2.6267851073127546;2.5;4
222;2020;5;6.566962768281886;0;12;-0.36140316116210053;2.6267851073127546;2.5;4
222;2021;5;6.566962768281886;0;11;-0.36140316116210053;2.6267851073127546;2.5;4
222;2022;5;6.566962768281886;0;11;-0.36140316116210053;2.6267851073127546;2.5;4
222;2023;4;6.566962768281886;0;11;-0.36140316116210053;2.6267851073127546;2.5;4
223;2019;0;1.5491933384829082;0;1;-0.5222329678670935;0.7745966692414541;2.0;4
223;2020;0;1.5491933384829082;0;2;-0.5222329678670935;0.7745966692414541;2.0;4
223;2021;1;1.5491933384829082;0;2;-0.5222329678670935;0.7745966692414541;2.0;4
223;2022;1;1.5491933384829082;0;3;-0.5222329678670935;0.7745966692414541;2.0;4
223;2023;2;1.5491933384829082;0;4;-0.5222329678670935;0.7745966692414541;2.0;4
224;2019;0;0.5809475019310906;0;0;0.8703882797784891;0.38729833462072705;1.5;4
224;2020;0;0.5809475019310906;0;1;0.8703882797784891;0.38729833462072705;1.5;4
224;2021;0;0.5809475019310906;0;1;0.8703882797784891;0.38729833462072705;1.5;4
224;2022;1;0.5809475019310906;0;1;0.8703882797784891;0.38729833462072705;1.5;4
224;2023;1;0.5809475019310906;0;2;0.8703882797784891;0.38729833462072705;1.5;4
225;2019;0;0.9682458365519275;0;1;0.25482359571881275;0.387298334620771;2.5;4
225;2020;0;0.9682458365519275;0;1;0.25482359571881275;0.387298334620771;2.5;4
225;2021;1;0.9682458365519275;0;2;0.25482359571881275;0.387298334620771;2.5;4
225;2022;2;0.9682458365519275;1;3;0.25482359571881275;0.387298334620771;2.5;4
225;2023;2;0.9682458365519275;2;3;0.25482359571881275;0.387298334620771;2.5;4
226;2019;0;1.264911064067208;0;1;0.6509445549041193;0.632455532033604;2.0;4
226;2020;1;1.264911064067208;0;2;0.6509445549041193;0.632455532033604;2.0;4
226;2021;1;1.264911064067208;0;3;0.6509445549041193;0.632455532033604;2.0;4
226;2022;2;1.264911064067208;1;3;0.6509445549041193;0.632455532033604;2.0;4
226;2023;3;1.264911064067208;2;4;0.6509445549041193;0.632455532033604;2.0;4
227;2019;0;5.916079783099544;0;6;0.29277002188455997;2.3664319132398175;2.5;4
227;2020;1;5.916079783099544;0;7;0.29277002188455997;2.3664319132398175;2.5;4
227;2021;1;5.916079783099544;0;7;0.29277002188455997;2.3664319132398175;2.5;4
227;2022;2;5.916079783099544;0;8;0.29277002188455997;2.3664319132398175;2.5;4
227;2023;2;5.916079783099544;0;8;0.29277002188455997;2.3664319132398175;2.5;4
228;2019;1;0.9486832980505409;0;2;-0.8392543274162825;0.6324555320336939;1.5;4
228;2020;1;0.9486832980505409;0;2;-0.8392543274162825;0.6324555320336939;1.5;4
228;2021;2;0.9486832980505409;1;3;-0.8392543274162825;0.6324555320336939;1.5;4
228;2022;2;0.9486832980505409;1;3;-0.8392543274162825;0.6324555320336939;1.5;4
228;2023;2;0.9486832980505409;1;3;-0.8392543274162825;0.6324555320336939;1.5;4
229;2019;5;1.4790199457750484;3;6;0.16198197978825213;0.5916079783100193;2.5;4
229;2020;4;1.4790199457750484;2;5;0.16198197978825213;0.5916079783100193;2.5;4
229;2021;3;1.4790199457750484;1;4;0.16198197978825213;0.5916079783100193;2.5;4
229;2022;2;1.4790199457750484;0;3;0.16198197978825213;0.5916079783100193;2.5;4
229;2023;1;1.4790199457750484;0;2;0.16198197978825213;0.5916079783100193;2.5;4
230;2019;15;2.3237900077249978;13;17;-0.6185914505191472;1.1618950038624989;2.0;4
230;2020;13;2.3237900077249978;10;15;-0.6185914505191472;1.1618950038624989;2.0;4
230;2021;11;2.3237900077249978;8;13;-0.6185914505191472;1.1618950038624989;2.0;4
230;2022;9;2.3237900077249978;6;11;-0.6185914505191472;1.1618950038624989;2.0;4
230;2023;6;2.3237900077249978;4;9;-0.6185914505191472;1.1618950038624989;2.0;4
231;2019;7;1.5491933384829082;5;8;-0.9709195467257716;1.5491933384829082;1.0;4
231;2020;6;1.5491933384829082;4;7;-0.9709195467257716;1.5491933384829082;1.0;4
231;2021;4;1.5491933384829082;3;6;-0.9709195467257716;1.5491933384829082;1.0;4
231;2022;3;1.5491933384829082;2;5;-0.9709195467257716;1.5491933384829082;1.0;4
231;2023;2;1.5491933384829082;0;4;-0.9709195467257716;1.5491933384829082;1.0;4
232;2019;2;1.7677669529663689;1;4;0.16666666666666663;0.7071067811865476;2.5;4
232;2020;2;1.7677669529663689;0;3;0.16666666666666663;0.7071067811865476;2.5;4
232;2021;0;1.7677669529663689;0;2;0.16666666666666663;0.7071067811865476;2.5;4
232;2022;0;1.7677669529663689;0;1;0.16666666666666663;0.7071067811865476;2.5;4
232;2023;0;1.7677669529663689;0;0;0.16666666666666663;0.7071067811865476;2.5;4
233;2019;0;0.0;0;0;;0.0;2.5;4
233;2020;0;0.0;0;0;;0.0;2.5;4
233;2021;0;0.0;0;0;;0.0;2.5;4
233;2022;0;0.0;0;0;;0.0;2.5;4
233;2023;0;0.0;0;0;;0.0;2.5;4
234;2019;41;8.071554992688258;33;49;-0.9866564041907604;8.071554992688258;1.0;4
234;2020;36;8.071554992688258;28;44;-0.9866564041907604;8.071554992688258;1.0;4
234;2021;31;8.071554992688258;23;39;-0.9866564041907604;8.071554992688258;1.0;4
234;2022;27;8.071554992688258;19;35;-0.9866564041907604;8.071554992688258;1.0;4
234;2023;22;8.071554992688258;14;30;-0.9866564041907604;8.071554992688258;1.0;4
235;2019;1;2.121320343559643;0;3;0.8451542547285166;1.4142135623730951;1.5;4
235;2020;1;2.121320343559643;0;3;0.8451542547285166;1.4142135623730951;1.5;4
235;2021;1;2.121320343559643;0;3;0.8451542547285166;1.4142135623730951;1.5;4
235;2022;1;2.121320343559643;0;3;0.8451542547285166;1.4142135623730951;1.5;4
235;2023;1;2.121320343559643;0;3;0.8451542547285166;1.4142135623730951;1.5;4
236;2019;0;2.904737509655563;0;2;0.8703882797784891;1.9364916731037085;1.5;4
236;2020;0;2.904737509655563;0;3;0.8703882797784891;1.9364916731037085;1.5;4
236;2021;2;2.904737509655563;0;5;0.8703882797784891;1.9364916731037085;1.5;4
236;2022;4;2.904737509655563;1;6;0.8703882797784891;1.9364916731037085;1.5;4
236;2023;5;2.904737509655563;2;8;0.8703882797784891;1.9364916731037085;1.5;4
237;2019;9;13.311179511974045;0;22;0.4310445430246989;5.324471804789618;2.5;4
237;2020;8;13.311179511974045;0;21;0.4310445430246989;5.324471804789618;2.5;4
237;2021;7;13.311179511974045;0;20;0.4310445430246989;5.324471804789618;2.5;4
237;2022;6;13.311179511974045;0;19;0.4310445430246989;5.324471804789618;2.5;4
237;2023;5;13.311179511974045;0;18;0.4310445430246989;5.324471804789618;2.5;4
238;2019;0;1.479019945774886;0;2;-0.36514837167011077;0.5916079783099544;2.5;4
238;2020;0;1.479019945774886;0;2;-0.36514837167011077;0.5916079783099544;2.5;4
238;2021;0;1.479019945774886;0;2;-0.36514837167011077;0.5916079783099544;2.5;4
238;2022;0;1.479019945774886;0;2;-0.36514837167011077;0.5916079783099544;2.5;4
238;2023;0;1.479019945774886;0;2;-0.36514837167011077;0.5916079783099544;2.5;4
239;2019;0;1.479019945774886;0;2;0.17025130615174972;0.5916079783099544;2.5;4
239;2020;0;1.479019945774886;0;2;0.17025130615174972;0.5916079783099544;2.5;4
239;2021;0;1.479019945774886;0;2;0.17025130615174972;0.5916079783099544;2.5;4
239;2022;0;1.479019945774886;0;2;0.17025130615174972;0.5916079783099544;2.5;4
239;2023;0;1.479019945774886;0;1;0.17025130615174972;0.5916079783099544;2.5;4
240;2019;3;4.620606020859167;0;8;0.986040754703977;4.620606020859167;1.0;4
240;2020;3;4.620606020859167;0;8;0.986040754703977;4.620606020859167;1.0;4
240;2021;3;4.620606020859167;0;8;0.986040754703977;4.620606020859167;1.0;4
240;2022;3;4.620606020859167;0;8;0.986040754703977;4.620606020859167;1.0;4
240;2023;4;4.620606020859167;0;8;0.986040754703977;4.620606020859167;1.0;4
241;2019;0;0.7745966692414541;0;1;-0.5773502691896257;0.38729833462072705;2.0;4
241;2020;1;0.7745966692414541;0;1;-0.5773502691896257;0.38729833462072705;2.0;4
241;2021;1;0.7745966692414541;0;2;-0.5773502691896257;0.38729833462072705;2.0;4
241;2022;1;0.7745966692414541;0;2;-0.5773502691896257;0.38729833462072705;2.0;4
241;2023;2;0.7745966692414541;1;2;-0.5773502691896257;0.38729833462072705;2.0;4
242;2019;2;1.9364916731036352;0;4;-0.34752402342845795;0.7745966692414541;2.5;4
242;2020;2;1.9364916731036352;0;4;-0.34752402342845795;0.7745966692414541;2.5;4
242;2021;1;1.9364916731036352;0;3;-0.34752402342845795;0.7745966692414541;2.5;4
242;2022;1;1.9364916731036352;0;3;-0.34752402342845795;0.7745966692414541;2.5;4
242;2023;0;1.9364916731036352;0;2;-0.34752402342845795;0.7745966692414541;2.5;4
243;2019;0;1.1832159566199087;0;1;-0.5922200922639821;0.5916079783099544;2.0;4
243;2020;0;1.1832159566199087;0;1;-0.5922200922639821;0.5916079783099544;2.0;4
243;2021;0;1.1832159566199087;0;1;-0.5922200922639821;0.5916079783099544;2.0;4
243;2022;0;1.1832159566199087;0;2;-0.5922200922639821;0.5916079783099544;2.0;4
243;2023;0;1.1832159566199087;0;2;-0.5922200922639821;0.5916079783099544;2.0;4
244;2019;0;3.1622776601683795;0;4;0.6135719910778964;1.5811388300841898;2.0;4
244;2020;2;3.1622776601683795;0;5;0.6135719910778964;1.5811388300841898;2.0;4
244;2021;2;3.1622776601683795;0;6;0.6135719910778964;1.5811388300841898;2.0;4
244;2022;4;3.1622776601683795;0;7;0.6135719910778964;1.5811388300841898;2.0;4
244;2023;4;3.1622776601683795;1;8;0.6135719910778964;1.5811388300841898;2.0;4
245;2019;0;0.9682458365518176;0;1;0.06337242505244779;0.38729833462072705;2.5;4
245;2020;0;0.9682458365518176;0;1;0.06337242505244779;0.38729833462072705;2.5;4
245;2021;0;0.9682458365518176;0;1;0.06337242505244779;0.38729833462072705;2.5;4
245;2022;1;0.9682458365518176;0;2;0.06337242505244779;0.38729833462072705;2.5;4
245;2023;1;0.9682458365518176;0;2;0.06337242505244779;0.38729833462072705;2.5;4
246;2019;3;1.5491933384829373;1;4;-0.5669467095138409;0.7745966692414686;2.0;4
246;2020;2;1.5491933384829373;1;4;-0.5669467095138409;0.7745966692414686;2.0;4
246;2021;2;1.5491933384829373;0;3;-0.5669467095138409;0.7745966692414686;2.0;4
246;2022;1;1.5491933384829373;0;3;-0.5669467095138409;0.7745966692414686;2.0;4
246;2023;1;1.5491933384829373;0;3;-0.5669467095138409;0.7745966692414686;2.0;4
247;2019;0;8.75214259481682;0;8;-0.581526699393698;4.37607129740841;2.0;4
247;2020;3;8.75214259481682;0;12;-0.581526699393698;4.37607129740841;2.0;4
247;2021;7;8.75214259481682;0;16;-0.581526699393698;4.37607129740841;2.0;4
247;2022;11;8.75214259481682;2;20;-0.581526699393698;4.37607129740841;2.0;4
247;2023;14;8.75214259481682;6;23;-0.581526699393698;4.37607129740841;2.0;4
248;2019;0;0.0;0;0;;0.0;2.5;4
248;2020;0;0.0;0;0;;0.0;2.5;4
248;2021;0;0.0;0;0;;0.0;2.5;4
248;2022;0;0.0;0;0;;0.0;2.5;4
248;2023;0;0.0;0;0;;0.0;2.5;4
249;2019;0;1.479019945774886;0;2;0.17407765595569782;0.5916079783099544;2.5;4
249;2020;0;1.479019945774886;0;2;0.17407765595569782;0.5916079783099544;2.5;4
249;2021;0;1.479019945774886;0;2;0.17407765595569782;0.5916079783099544;2.5;4
249;2022;0;1.479019945774886;0;2;0.17407765595569782;0.5916079783099544;2.5;4
249;2023;0;1.479019945774886;0;2;0.17407765595569782;0.5916079783099544;2.5;4
250;2019;0;1.479019945774886;0;2;0.17407765595569782;0.5916079783099544;2.5;4
250;2020;0;1.479019945774886;0;2;0.17407765595569782;0.5916079783099544;2.5;4
250;2021;0;1.479019945774886;0;2;0.17407765595569782;0.5916079783099544;2.5;4
250;2022;0;1.479019945774886;0;2;0.17407765595569782;0.5916079783099544;2.5;4
250;2023;0;1.479019945774886;0;2;0.17407765595569782;0.5916079783099544;2.5;4
251;2019;2;5.673402858955166;0;7;;2.269361143582066;2.5;4
251;2020;1;5.673402858955166;0;7;;2.269361143582066;2.5;4
251;2021;1;5.673402858955166;0;7;;2.269361143582066;2.5;4
251;2022;1;5.673402858955166;0;6;;2.269361143582066;2.5;4
251;2023;0;5.673402858955166;0;6;;2.269361143582066;2.5;4
252;2019;0;0.5916079783099544;0;1;0.986440050415621;0.5916079783099544;1.0;4
252;2020;0;0.5916079783099544;0;1;0.986440050415621;0.5916079783099544;1.0;4
252;2021;0;0.5916079783099544;0;1;0.986440050415621;0.5916079783099544;1.0;4
252;2022;0;0.5916079783099544;0;1;0.986440050415621;0.5916079783099544;1.0;4
252;2023;0;0.5916079783099544;0;1;0.986440050415621;0.5916079783099544;1.0;4
253;2019;0;0.0;0;0;;0.0;2.5;4
253;2020;0;0.0;0;0;;0.0;2.5;4
253;2021;0;0.0;0;0;;0.0;2.5;4
253;2022;0;0.0;0;0;;0.0;2.5;4
253;2023;0;0.0;0;0;;0.0;2.5;4
254;2019;34;20.968726713849854;13;55;-0.4164270737805961;8.387490685539941;2.5;4
254;2020;25;20.968726713849854;4;46;-0.4164270737805961;8.387490685539941;2.5;4
254;2021;16;20.968726713849854;0;37;-0.4164270737805961;8.387490685539941;2.5;4
254;2022;7;20.968726713849854;0;28;-0.4164270737805961;8.387490685539941;2.5;4
254;2023;0;20.968726713849854;0;19;-0.4164270737805961;8.387490685539941;2.5;4
255;2019;2;0.47434164902514897;1;2;-0.7071067811865476;0.316227766016766;1.5;4
255;2020;1;0.47434164902514897;1;2;-0.7071067811865476;0.316227766016766;1.5;4
255;2021;1;0.47434164902514897;0;1;-0.7071067811865476;0.316227766016766;1.5;4
255;2022;0;0.47434164902514897;0;1;-0.7071067811865476;0.316227766016766;1.5;4
255;2023;0;0.47434164902514897;0;0;-0.7071067811865476;0.316227766016766;1.5;4
256;2019;1;2.3717082451262392;0;4;;0.9486832980504958;2.5;4
256;2020;1;2.3717082451262392;0;3;;0.9486832980504958;2.5;4
256;2021;1;2.3717082451262392;0;3;;0.9486832980504958;2.5;4
256;2022;1;2.3717082451262392;0;3;;0.9486832980504958;2.5;4
256;2023;0;2.3717082451262392;0;3;;0.9486832980504958;2.5;4
257;2019;0;0.0;0;0;;0.0;2.5;4
257;2020;0;0.0;0;0;;0.0;2.5;4
257;2021;0;0.0;0;0;;0.0;2.5;4
257;2022;0;0.0;0;0;;0.0;2.5;4
257;2023;0;0.0;0;0;;0.0;2.5;4
258;2019;0;1.1832159566199087;0;1;0.5773502691896257;0.5916079783099544;2.0;4
258;2020;0;1.1832159566199087;0;1;0.5773502691896257;0.5916079783099544;2.0;4
258;2021;0;1.1832159566199087;0;1;0.5773502691896257;0.5916079783099544;2.0;4
258;2022;0;1.1832159566199087;0;2;0.5773502691896257;0.5916079783099544;2.0;4
258;2023;0;1.1832159566199087;0;2;0.5773502691896257;0.5916079783099544;2.0;4
259;2019;0;0.9486832980505409;0;1;-0.7071067811865475;0.6324555320336939;1.5;4
259;2020;0;0.9486832980505409;0;1;-0.7071067811865475;0.6324555320336939;1.5;4
259;2021;1;0.9486832980505409;0;2;-0.7071067811865475;0.6324555320336939;1.5;4
259;2022;1;0.9486832980505409;0;2;-0.7071067811865475;0.6324555320336939;1.5;4
259;2023;1;0.9486832980505409;0;2;-0.7071067811865475;0.6324555320336939;1.5;4
260;2019;1;1.4790199457746156;0;2;-0.31426968052735443;0.5916079783098462;2.5;4
260;2020;2;1.4790199457746156;0;3;-0.31426968052735443;0.5916079783098462;2.5;4
260;2021;3;1.4790199457746156;1;4;-0.31426968052735443;0.5916079783098462;2.5;4
260;2022;4;1.4790199457746156;2;5;-0.31426968052735443;0.5916079783098462;2.5;4
260;2023;5;1.4790199457746156;4;6;-0.31426968052735443;0.5916079783098462;2.5;4
261;2019;0;0.0;0;0;;0.0;2.5;3
261;2020;0;0.0;0;0;;0.0;2.5;3
261;2022;0;0.0;0;0;;0.0;2.5;3
261;2023;0;0.0;0;0;;0.0;2.5;3
262;2019;9;7.371397425182939;1;16;0.8322668262577114;4.914264950121959;1.5;4
262;2020;11;7.371397425182939;4;18;0.8322668262577114;4.914264950121959;1.5;4
262;2021;13;7.371397425182939;6;21;0.8322668262577114;4.914264950121959;1.5;4
262;2022;16;7.371397425182939;8;23;0.8322668262577114;4.914264950121959;1.5;4
262;2023;18;7.371397425182939;11;25;0.8322668262577114;4.914264950121959;1.5;4
263;2019;3;2.9832867780352434;0;6;-0.9819462590915449;2.9832867780352434;1.0;4
263;2020;3;2.9832867780352434;0;6;-0.9819462590915449;2.9832867780352434;1.0;4
263;2021;3;2.9832867780352434;0;6;-0.9819462590915449;2.9832867780352434;1.0;4
263;2022;3;2.9832867780352434;0;6;-0.9819462590915449;2.9832867780352434;1.0;4
263;2023;2;2.9832867780352434;0;5;-0.9819462590915449;2.9832867780352434;1.0;4
264;2019;1;2.958039891549772;0;4;-0.3333333333333333;1.1832159566199087;2.5;4
264;2020;1;2.958039891549772;0;4;-0.3333333333333333;1.1832159566199087;2.5;4
264;2021;0;2.958039891549772;0;3;-0.3333333333333333;1.1832159566199087;2.5;4
264;2022;0;2.958039891549772;0;3;-0.3333333333333333;1.1832159566199087;2.5;4
264;2023;0;2.958039891549772;0;3;-0.3333333333333333;1.1832159566199087;2.5;4
265;2020;2;0.816496580927726;1;2;-0.9449111825230683;0.816496580927726;1.0;3
265;2021;1;0.816496580927726;0;1;-0.9449111825230683;0.816496580927726;1.0;3
265;2022;0;0.816496580927726;0;0;-0.9449111825230683;0.816496580927726;1.0;3
265;2023;0;0.816496580927726;0;0;-0.9449111825230683;0.816496580927726;1.0;3
266;2019;0;1.161895003862203;0;2;0.8528028654224418;0.7745966692414686;1.5;4
266;2020;1;1.161895003862203;0;2;0.8528028654224418;0.7745966692414686;1.5;4
266;2021;1;1.161895003862203;0;2;0.8528028654224418;0.7745966692414686;1.5;4
266;2022;2;1.161895003862203;0;3;0.8528028654224418;0.7745966692414686;1.5;4
266;2023;2;1.161895003862203;1;3;0.8528028654224418;0.7745966692414686;1.5;4
267;2019;0;2.6809513236908886;0;3;;1.0723805294763555;2.5;4
267;2020;1;2.6809513236908886;0;3;;1.0723805294763555;2.5;4
267;2021;1;2.6809513236908886;0;4;;1.0723805294763555;2.5;4
267;2022;1;2.6809513236908886;0;4;;1.0723805294763555;2.5;4
267;2023;2;2.6809513236908886;0;4;;1.0723805294763555;2.5;4
268;2019;9;0.5809475019309365;8;9;-0.7297211359952456;0.3872983346206243;1.5;4
268;2020;6;0.5809475019309365;6;7;-0.7297211359952456;0.3872983346206243;1.5;4
268;2021;4;0.5809475019309365;4;5;-0.7297211359952456;0.3872983346206243;1.5;4
268;2022;2;0.5809475019309365;1;2;-0.7297211359952456;0.3872983346206243;1.5;4
268;2023;0;0.5809475019309365;0;0;-0.7297211359952456;0.3872983346206243;1.5;4
269;2019;0;1.479019945774886;0;2;0.17407765595569782;0.5916079783099544;2.5;4
269;2020;0;1.479019945774886;0;2;0.17407765595569782;0.5916079783099544;2.5;4
269;2021;0;1.479019945774886;0;2;0.17407765595569782;0.5916079783099544;2.5;4
269;2022;0;1.479019945774886;0;2;0.17407765595569782;0.5916079783099544;2.5;4
269;2023;0;1.479019945774886;0;2;0.17407765595569782;0.5916079783099544;2.5;4
270;2019;36;4.398863489585092;32;40;-0.9401226596046351;4.398863489585092;1.0;4
270;2020;25;4.398863489585092;20;29;-0.9401226596046351;4.398863489585092;1.0;4
270;2021;14;4.398863489585092;9;18;-0.9401226596046351;4.398863489585092;1.0;4
270;2022;3;4.398863489585092;0;7;-0.9401226596046351;4.398863489585092;1.0;4
270;2023;0;4.398863489585092;0;0;-0.9401226596046351;4.398863489585092;1.0;4
271;2019;8;10.392304845413264;0;18;-0.6352581116749016;5.196152422706632;2.0;4
271;2020;7;10.392304845413264;0;17;-0.6352581116749016;5.196152422706632;2.0;4
271;2021;6;10.392304845413264;0;16;-0.6352581116749016;5.196152422706632;2.0;4
271;2022;5;10.392304845413264;0;15;-0.6352581116749016;5.196152422706632;2.0;4
271;2023;4;10.392304845413264;0;14;-0.6352581116749016;5.196152422706632;2.0;4
272;2019;1;1.1832159566199087;0;2;1.0;1.1832159566199087;1.0;4
272;2020;1;1.1832159566199087;0;2;1.0;1.1832159566199087;1.0;4
272;2021;0;1.1832159566199087;0;2;1.0;1.1832159566199087;1.0;4
272;2022;0;1.1832159566199087;0;1;1.0;1.1832159566199087;1.0;4
272;2023;0;1.1832159566199087;0;1;1.0;1.1832159566199087;1.0;4
273;2019;0;0.9682458365518176;0;1;-0.13245323570650439;0.38729833462072705;2.5;4
273;2020;0;0.9682458365518176;0;1;-0.13245323570650439;0.38729833462072705;2.5;4
273;2021;0;0.9682458365518176;0;1;-0.13245323570650439;0.38729833462072705;2.5;4
273;2022;1;0.9682458365518176;0;2;-0.13245323570650439;0.38729833462072705;2.5;4
273;2023;1;0.9682458365518176;0;2;-0.13245323570650439;0.38729833462072705;2.5;4
274;2019;1;3.6606010435446206;0;5;0.5555555555555555;1.8303005217723103;2.0;4
274;2020;1;3.6606010435446206;0;5;0.5555555555555555;1.8303005217723103;2.0;4
274;2021;1;3.6606010435446206;0;5;0.5555555555555555;1.8303005217723103;2.0;4
274;2022;1;3.6606010435446206;0;5;0.5555555555555555;1.8303005217723103;2.0;4
274;2023;1;3.6606010435446206;0;5;0.5555555555555555;1.8303005217723103;2.0;4
275;2019;0;1.479019945774886;0;2;-0.3333333333333333;0.5916079783099544;2.5;4
275;2020;0;1.479019945774886;0;2;-0.3333333333333333;0.5916079783099544;2.5;4
275;2021;0;1.479019945774886;0;2;-0.3333333333333333;0.5916079783099544;2.5;4
275;2022;0;1.479019945774886;0;2;-0.3333333333333333;0.5916079783099544;2.5;4
275;2023;0;1.479019945774886;0;2;-0.3333333333333333;0.5916079783099544;2.5;4
276;2019;15;8.006247560499222;7;23;0.9253472327917674;8.006247560499222;1.0;4
276;2020;14;8.006247560499222;6;22;0.9253472327917674;8.006247560499222;1.0;4
276;2021;14;8.006247560499222;6;22;0.9253472327917674;8.006247560499222;1.0;4
276;2022;13;8.006247560499222;5;21;0.9253472327917674;8.006247560499222;1.0;4
276;2023;12;8.006247560499222;4;21;0.9253472327917674;8.006247560499222;1.0;4
277;2019;1;10.868532559641766;0;12;0.26886642896893254;4.347413023856706;2.5;4
277;2020;3;10.868532559641766;0;14;0.26886642896893254;4.347413023856706;2.5;4
277;2021;5;10.868532559641766;0;16;0.26886642896893254;4.347413023856706;2.5;4
277;2022;7;10.868532559641766;0;18;0.26886642896893254;4.347413023856706;2.5;4
277;2023;8;10.868532559641766;0;19;0.26886642896893254;4.347413023856706;2.5;4
278;2019;5;8.694826047713935;0;14;-0.6535373831014651;4.3474130238569675;2.0;4
278;2020;4;8.694826047713935;0;13;-0.6535373831014651;4.3474130238569675;2.0;4
278;2021;3;8.694826047713935;0;12;-0.6535373831014651;4.3474130238569675;2.0;4
278;2022;2;8.694826047713935;0;10;-0.6535373831014651;4.3474130238569675;2.0;4
278;2023;0;8.694826047713935;0;9;-0.6535373831014651;4.3474130238569675;2.0;4
279;2019;0;1.7748239349299713;0;2;0.8834522085987723;1.183215956619981;1.5;4
279;2020;1;1.7748239349299713;0;2;0.8834522085987723;1.183215956619981;1.5;4
279;2021;1;1.7748239349299713;0;3;0.8834522085987723;1.183215956619981;1.5;4
279;2022;2;1.7748239349299713;0;4;0.8834522085987723;1.183215956619981;1.5;4
279;2023;3;1.7748239349299713;1;5;0.8834522085987723;1.183215956619981;1.5;4
280;2019;2;5.916079783099544;0;8;-0.3960590171906697;2.3664319132398175;2.5;4
280;2020;1;5.916079783099544;0;7;-0.3960590171906697;2.3664319132398175;2.5;4
280;2021;1;5.916079783099544;0;7;-0.3960590171906697;2.3664319132398175;2.5;4
280;2022;0;5.916079783099544;0;6;-0.3960590171906697;2.3664319132398175;2.5;4
280;2023;0;5.916079783099544;0;6;-0.3960590171906697;2.3664319132398175;2.5;4
281;2019;2;0.9682458365519275;1;3;-0.0909090909090909;0.387298334620771;2.5;4
281;2020;2;0.9682458365519275;1;3;-0.0909090909090909;0.387298334620771;2.5;4
281;2021;1;0.9682458365519275;0;2;-0.0909090909090909;0.387298334620771;2.5;4
281;2022;0;0.9682458365519275;0;1;-0.0909090909090909;0.387298334620771;2.5;4
281;2023;0;0.9682458365519275;0;0;-0.0909090909090909;0.387298334620771;2.5;4
282;2019;15;18.303005217723218;0;34;0.2971210086023033;7.321202087089287;2.5;4
282;2020;14;18.303005217723218;0;32;0.2971210086023033;7.321202087089287;2.5;4
282;2021;12;18.303005217723218;0;31;0.2971210086023033;7.321202087089287;2.5;4
282;2022;11;18.303005217723218;0;29;0.2971210086023033;7.321202087089287;2.5;4
282;2023;9;18.303005217723218;0;27;0.2971210086023033;7.321202087089287;2.5;4
283;2019;6;0.9486832980504659;5;7;0.9485550542786468;0.9486832980504659;1.0;4
283;2020;7;0.9486832980504659;6;8;0.9485550542786468;0.9486832980504659;1.0;4
283;2021;8;0.9486832980504659;7;9;0.9485550542786468;0.9486832980504659;1.0;4
283;2022;9;0.9486832980504659;8;10;0.9485550542786468;0.9486832980504659;1.0;4
283;2023;10;0.9486832980504659;9;10;0.9485550542786468;0.9486832980504659;1.0;4
284;2019;0;0.0;0;0;;0.0;2.5;4
284;2020;0;0.0;0;0;;0.0;2.5;4
284;2021;0;0.0;0;0;;0.0;2.5;4
284;2022;0;0.0;0;0;;0.0;2.5;4
284;2023;0;0.0;0;0;;0.0;2.5;4
285;2019;0;0.5809475019311565;0;0;0.8703882797784891;0.387298334620771;1.5;4
285;2020;0;0.5809475019311565;0;1;0.8703882797784891;0.387298334620771;1.5;4
285;2021;1;0.5809475019311565;1;2;0.8703882797784891;0.387298334620771;1.5;4
285;2022;2;0.5809475019311565;1;2;0.8703882797784891;0.387298334620771;1.5;4
285;2023;2;0.5809475019311565;2;3;0.8703882797784891;0.387298334620771;1.5;4
286;2019;1;9.730750228014296;0;11;-0.25721005548644515;3.8923000912057186;2.5;4
286;2020;3;9.730750228014296;0;13;-0.25721005548644515;3.8923000912057186;2.5;4
286;2021;5;9.730750228014296;0;14;-0.25721005548644515;3.8923000912057186;2.5;4
286;2022;6;9.730750228014296;0;16;-0.25721005548644515;3.8923000912057186;2.5;4
286;2023;8;9.730750228014296;0;18;-0.25721005548644515;3.8923000912057186;2.5;4
287;2019;0;0.0;0;0;;0.0;2.5;4
287;2020;0;0.0;0;0;;0.0;2.5;4
287;2021;0;0.0;0;0;;0.0;2.5;4
287;2022;0;0.0;0;0;;0.0;2.5;4
287;2023;0;0.0;0;0;;0.0;2.5;4
288;2019;0;2.3664319132398175;0;3;0.5773502691896257;1.1832159566199087;2.0;4
288;2020;0;2.3664319132398175;0;3;0.5773502691896257;1.1832159566199087;2.0;4
288;2021;1;2.3664319132398175;0;3;0.5773502691896257;1.1832159566199087;2.0;4
288;2022;1;2.3664319132398175;0;3;0.5773502691896257;1.1832159566199087;2.0;4
288;2023;1;2.3664319132398175;0;3;0.5773502691896257;1.1832159566199087;2.0;4
289;2019;37;50.4915834570468;0;88;0.5011168354143866;25.2457917285234;2.0;4
289;2020;44;50.4915834570468;0;95;0.5011168354143866;25.2457917285234;2.0;4
289;2021;51;50.4915834570468;1;102;0.5011168354143866;25.2457917285234;2.0;4
289;2022;58;50.4915834570468;8;109;0.5011168354143866;25.2457917285234;2.0;4
289;2023;65;50.4915834570468;15;115;0.5011168354143866;25.2457917285234;2.0;4
290;2019;8;2.3237900077242153;6;10;0.649881811343481;1.1618950038621076;2.0;4
290;2020;12;2.3237900077242153;9;14;0.649881811343481;1.1618950038621076;2.0;4
290;2021;16;2.3237900077242153;13;18;0.649881811343481;1.1618950038621076;2.0;4
290;2022;20;2.3237900077242153;17;22;0.649881811343481;1.1618950038621076;2.0;4
290;2023;24;2.3237900077242153;21;26;0.649881811343481;1.1618950038621076;2.0;4
291;2019;1;3.8324274291889475;0;5;-0.4071710579125875;1.532970971675579;2.5;4
291;2020;1;3.8324274291889475;0;5;-0.4071710579125875;1.532970971675579;2.5;4
291;2021;1;3.8324274291889475;0;5;-0.4071710579125875;1.532970971675579;2.5;4
291;2022;1;3.8324274291889475;0;5;-0.4071710579125875;1.532970971675579;2.5;4
291;2023;2;3.8324274291889475;0;5;-0.4071710579125875;1.532970971675579;2.5;4
292;2019;0;0.0;0;0;;0.0;2.5;4
292;2020;0;0.0;0;0;;0.0;2.5;4
292;2021;0;0.0;0;0;;0.0;2.5;4
292;2022;0;0.0;0;0;;0.0;2.5;4
292;2023;0;0.0;0;0;;0.0;2.5;4
293;2019;1;0.5809475019311565;0;1;-0.7385489458759963;0.387298334620771;1.5;4
293;2020;1;0.5809475019311565;1;2;-0.7385489458759963;0.387298334620771;1.5;4
293;2021;2;0.5809475019311565;2;3;-0.7385489458759963;0.387298334620771;1.5;4
293;2022;3;0.5809475019311565;2;3;-0.7385489458759963;0.387298334620771;1.5;4
293;2023;4;0.5809475019311565;3;4;-0.7385489458759963;0.387298334620771;1.5;4
294;2019;0;0.0;0;0;;0.0;2.5;4
294;2020;0;0.0;0;0;;0.0;2.5;4
294;2021;0;0.0;0;0;;0.0;2.5;4
294;2022;0;0.0;0;0;;0.0;2.5;4
294;2023;0;0.0;0;0;;0.0;2.5;4
295;2019;5;2.6622359023946545;3;8;-0.8213259226314732;1.7748239349297696;1.5;4
295;2020;4;2.6622359023946545;1;7;-0.8213259226314732;1.7748239349297696;1.5;4
295;2021;3;2.6622359023946545;0;5;-0.8213259226314732;1.7748239349297696;1.5;4
295;2022;1;2.6622359023946545;0;4;-0.8213259226314732;1.7748239349297696;1.5;4
295;2023;0;2.6622359023946545;0;3;-0.8213259226314732;1.7748239349297696;1.5;4
296;2019;2;1.8973665961010817;0;3;-0.8451542547285166;1.2649110640673877;1.5;4
296;2020;1;1.8973665961010817;0;3;-0.8451542547285166;1.2649110640673877;1.5;4
296;2021;1;1.8973665961010817;0;3;-0.8451542547285166;1.2649110640673877;1.5;4
296;2022;0;1.8973665961010817;0;2;-0.8451542547285166;1.2649110640673877;1.5;4
296;2023;0;1.8973665961010817;0;2;-0.8451542547285166;1.2649110640673877;1.5;4
297;2019;1;0.9682458365518176;0;2;-0.17407765595569782;0.38729833462072705;2.5;4
297;2020;1;0.9682458365518176;0;2;-0.17407765595569782;0.38729833462072705;2.5;4
297;2021;1;0.9682458365518176;0;2;-0.17407765595569782;0.38729833462072705;2.5;4
297;2022;0;0.9682458365518176;0;1;-0.17407765595569782;0.38729833462072705;2.5;4
297;2023;0;0.9682458365518176;0;1;-0.17407765595569782;0.38729833462072705;2.5;4
298;2019;11;19.096792924467692;0;30;0.24270412689448803;7.6387171697870775;2.5;4
298;2020;11;19.096792924467692;0;30;0.24270412689448803;7.6387171697870775;2.5;4
298;2021;11;19.096792924467692;0;30;0.24270412689448803;7.6387171697870775;2.5;4
298;2022;11;19.096792924467692;0;30;0.24270412689448803;7.6387171697870775;2.5;4
298;2023;11;19.096792924467692;0;30;0.24270412689448803;7.6387171697870775;2.5;4
299;2019;3;3.622844186547438;0;7;0.39999999999999997;1.4491376746189752;2.5;4
299;2020;3;3.622844186547438;0;6;0.39999999999999997;1.4491376746189752;2.5;4
299;2021;2;3.622844186547438;0;6;0.39999999999999997;1.4491376746189752;2.5;4
299;2022;2;3.622844186547438;0;6;0.39999999999999997;1.4491376746189752;2.5;4
299;2023;2;3.622844186547438;0;5;0.39999999999999997;1.4491376746189752;2.5;4
300;2019;33;52.33008217077312;0;85;-0.1271360390158732;20.932032868309246;2.5;4
300;2020;24;52.33008217077312;0;76;-0.1271360390158732;20.932032868309246;2.5;4
300;2021;15;52.33008217077312;0;68;-0.1271360390158732;20.932032868309246;2.5;4
300;2022;7;52.33008217077312;0;59;-0.1271360390158732;20.932032868309246;2.5;4
300;2023;0;52.33008217077312;0;50;-0.1271360390158732;20.932032868309246;2.5;4
301;2019;3;6.199798383818559;0;9;-0.46442036401282394;2.4799193535274235;2.5;4
301;2020;2;6.199798383818559;0;9;-0.46442036401282394;2.4799193535274235;2.5;4
301;2021;2;6.199798383818559;0;8;-0.46442036401282394;2.4799193535274235;2.5;4
301;2022;2;6.199798383818559;0;8;-0.46442036401282394;2.4799193535274235;2.5;4
301;2023;2;6.199798383818559;0;8;-0.46442036401282394;2.4799193535274235;2.5;4
302;2019;1;4.257346591481576;0;5;-0.4980582450917522;1.7029386365926302;2.5;4
302;2020;1;4.257346591481576;0;5;-0.4980582450917522;1.7029386365926302;2.5;4
302;2021;1;4.257346591481576;0;5;-0.4980582450917522;1.7029386365926302;2.5;4
302;2022;1;4.257346591481576;0;6;-0.4980582450917522;1.7029386365926302;2.5;4
302;2023;2;4.257346591481576;0;6;-0.4980582450917522;1.7029386365926302;2.5;4
303;2019;1;2.6809513236908886;0;4;;1.0723805294763555;2.5;4
303;2020;1;2.6809513236908886;0;4;;1.0723805294763555;2.5;4
303;2021;1;2.6809513236908886;0;3;;1.0723805294763555;2.5;4
303;2022;0;2.6809513236908886;0;3;;1.0723805294763555;2.5;4
303;2023;0;2.6809513236908886;0;3;;1.0723805294763555;2.5;4
304;2019;18;11.558546621440982;7;30;0.5298782701026948;5.779273310720491;2.0;4
304;2020;22;11.558546621440982;11;34;0.5298782701026948;5.779273310720491;2.0;4
304;2021;27;11.558546621440982;15;38;0.5298782701026948;5.779273310720491;2.0;4
304;2022;31;11.558546621440982;19;42;0.5298782701026948;5.779273310720491;2.0;4
304;2023;35;11.558546621440982;23;47;0.5298782701026948;5.779273310720491;2.0;4
305;2019;15;4.398863489584487;10;19;0.9551803696148703;4.398863489584487;1.0;4
305;2020;16;4.398863489584487;11;20;0.9551803696148703;4.398863489584487;1.0;4
305;2021;17;4.398863489584487;12;21;0.9551803696148703;4.398863489584487;1.0;4
305;2022;18;4.398863489584487;14;22;0.9551803696148703;4.398863489584487;1.0;4
305;2023;19;4.398863489584487;15;23;0.9551803696148703;4.398863489584487;1.0;4
306;2019;0;2.958039891549772;0;3;-0.3333333333333333;1.1832159566199087;2.5;4
306;2020;0;2.958039891549772;0;3;-0.3333333333333333;1.1832159566199087;2.5;4
306;2021;1;2.958039891549772;0;4;-0.3333333333333333;1.1832159566199087;2.5;4
306;2022;1;2.958039891549772;0;4;-0.3333333333333333;1.1832159566199087;2.5;4
306;2023;1;2.958039891549772;0;4;-0.3333333333333333;1.1832159566199087;2.5;4
307;2019;8;9.134412953223084;0;18;0.45853725067480644;3.6537651812892338;2.5;4
307;2020;6;9.134412953223084;0;15;0.45853725067480644;3.6537651812892338;2.5;4
307;2021;4;9.134412953223084;0;13;0.45853725067480644;3.6537651812892338;2.5;4
307;2022;2;9.134412953223084;0;11;0.45853725067480644;3.6537651812892338;2.5;4
307;2023;0;9.134412953223084;0;9;0.45853725067480644;3.6537651812892338;2.5;4
308;2019;6;1.608570794214573;5;8;-0.7038847673124389;1.072380529476382;1.5;4
308;2020;5;1.608570794214573;3;6;-0.7038847673124389;1.072380529476382;1.5;4
308;2021;3;1.608570794214573;1;5;-0.7038847673124389;1.072380529476382;1.5;4
308;2022;1;1.608570794214573;0;3;-0.7038847673124389;1.072380529476382;1.5;4
308;2023;0;1.608570794214573;0;1;-0.7038847673124389;1.072380529476382;1.5;4
309;2019;113;418.56264465429325;0;532;-0.3333333333333333;167.4250578617173;2.5;4
309;2020;85;418.56264465429325;0;503;-0.3333333333333333;167.4250578617173;2.5;4
309;2021;57;418.56264465429325;0;475;-0.3333333333333333;167.4250578617173;2.5;4
309;2022;28;418.56264465429325;0;447;-0.3333333333333333;167.4250578617173;2.5;4
309;2023;0;418.56264465429325;0;419;-0.3333333333333333;167.4250578617173;2.5;4
310;2019;8;12.649110640674238;0;21;-0.20304328555556647;5.059644256269695;2.5;4
310;2020;11;12.649110640674238;0;23;-0.20304328555556647;5.059644256269695;2.5;4
310;2021;13;12.649110640674238;1;26;-0.20304328555556647;5.059644256269695;2.5;4
310;2022;16;12.649110640674238;3;28;-0.20304328555556647;5.059644256269695;2.5;4
310;2023;18;12.649110640674238;5;31;-0.20304328555556647;5.059644256269695;2.5;4
312;2019;0;0.0;0;0;;0.0;2.5;4
312;2020;0;0.0;0;0;;0.0;2.5;4
312;2021;0;0.0;0;0;;0.0;2.5;4
312;2022;0;0.0;0;0;;0.0;2.5;4
312;2023;0;0.0;0;0;;0.0;2.5;4
313;2019;4;3.4641016151377544;1;7;-0.6605782590758164;1.7320508075688772;2.0;4
313;2020;3;3.4641016151377544;0;6;-0.6605782590758164;1.7320508075688772;2.0;4
313;2021;2;3.4641016151377544;0;5;-0.6605782590758164;1.7320508075688772;2.0;4
313;2022;1;3.4641016151377544;0;4;-0.6605782590758164;1.7320508075688772;2.0;4
313;2023;0;3.4641016151377544;0;3;-0.6605782590758164;1.7320508075688772;2.0;4
314;2019;1;4.437059837324783;0;6;0.0;1.7748239349299135;2.5;4
314;2020;1;4.437059837324783;0;5;0.0;1.7748239349299135;2.5;4
314;2021;1;4.437059837324783;0;5;0.0;1.7748239349299135;2.5;4
314;2022;0;4.437059837324783;0;5;0.0;1.7748239349299135;2.5;4
314;2023;0;4.437059837324783;0;4;0.0;1.7748239349299135;2.5;4
315;2019;0;0.7905694150420051;0;1;0.2621112169983114;0.316227766016802;2.5;4
315;2020;0;0.7905694150420051;0;1;0.2621112169983114;0.316227766016802;2.5;4
315;2021;1;0.7905694150420051;0;1;0.2621112169983114;0.316227766016802;2.5;4
315;2022;1;0.7905694150420051;0;2;0.2621112169983114;0.316227766016802;2.5;4
315;2023;2;0.7905694150420051;1;2;0.2621112169983114;0.316227766016802;2.5;4
316;2019;4;5.994789404140899;0;9;-0.23402293537155472;2.3979157616563596;2.5;4
316;2020;3;5.994789404140899;0;9;-0.23402293537155472;2.3979157616563596;2.5;4
316;2021;2;5.994789404140899;0;8;-0.23402293537155472;2.3979157616563596;2.5;4
316;2022;2;5.994789404140899;0;8;-0.23402293537155472;2.3979157616563596;2.5;4
316;2023;2;5.994789404140899;0;7;-0.23402293537155472;2.3979157616563596;2.5;4
317;2019;3;3.128498042192118;0;6;-0.7644707871564383;2.085665361461412;1.5;4
317;2020;3;3.128498042192118;0;6;-0.7644707871564383;2.085665361461412;1.5;4
317;2021;3;3.128498042192118;0;6;-0.7644707871564383;2.085665361461412;1.5;4
317;2022;3;3.128498042192118;0;7;-0.7644707871564383;2.085665361461412;1.5;4
317;2023;4;3.128498042192118;0;7;-0.7644707871564383;2.085665361461412;1.5;4
318;2019;0;0.0;0;0;;0.0;2.5;4
318;2020;0;0.0;0;0;;0.0;2.5;4
318;2021;0;0.0;0;0;;0.0;2.5;4
318;2022;0;0.0;0;0;;0.0;2.5;4
318;2023;0;0.0;0;0;;0.0;2.5;4
319;2019;0;0.0;0;0;;0.0;2.5;4
319;2020;0;0.0;0;0;;0.0;2.5;4
319;2021;0;0.0;0;0;;0.0;2.5;4
319;2022;0;0.0;0;0;;0.0;2.5;4
319;2023;0;0.0;0;0;;0.0;2.5;4
320;2019;3;8.714212528966724;0;12;0.11826247919781654;3.48568501158669;2.5;4
320;2020;3;8.714212528966724;0;12;0.11826247919781654;3.48568501158669;2.5;4
320;2021;3;8.714212528966724;0;12;0.11826247919781654;3.48568501158669;2.5;4
320;2022;4;8.714212528966724;0;12;0.11826247919781654;3.48568501158669;2.5;4
320;2023;4;8.714212528966724;0;13;0.11826247919781654;3.48568501158669;2.5;4
321;2020;0;1.0206207261596576;0;1;;0.408248290463863;2.5;3
321;2021;1;1.0206207261596576;0;2;;0.408248290463863;2.5;3
321;2022;1;1.0206207261596576;0;2;;0.408248290463863;2.5;3
321;2023;2;1.0206207261596576;1;3;;0.408248290463863;2.5;3
322;2019;0;0.0;0;0;;0.0;2.5;4
322;2020;0;0.0;0;0;;0.0;2.5;4
322;2021;0;0.0;0;0;;0.0;2.5;4
322;2022;0;0.0;0;0;;0.0;2.5;4
322;2023;0;0.0;0;0;;0.0;2.5;4
323;2019;2;1.7677669529663689;1;4;0.2581988897471611;0.7071067811865476;2.5;4
323;2020;2;1.7677669529663689;0;3;0.2581988897471611;0.7071067811865476;2.5;4
323;2021;0;1.7677669529663689;0;2;0.2581988897471611;0.7071067811865476;2.5;4
323;2022;0;1.7677669529663689;0;1;0.2581988897471611;0.7071067811865476;2.5;4
323;2023;0;1.7677669529663689;0;0;0.2581988897471611;0.7071067811865476;2.5;4
324;2019;4;0.7071067811865476;4;5;-0.9882475831724361;0.7071067811865476;1.0;4
324;2020;4;0.7071067811865476;3;4;-0.9882475831724361;0.7071067811865476;1.0;4
324;2021;2;0.7071067811865476;2;3;-0.9882475831724361;0.7071067811865476;1.0;4
324;2022;2;0.7071067811865476;1;2;-0.9882475831724361;0.7071067811865476;1.0;4
324;2023;0;0.7071067811865476;0;1;-0.9882475831724361;0.7071067811865476;1.0;4
326;2019;6;7.115124735378494;0;13;-0.3774256780481986;2.8460498941513976;2.5;4
326;2020;5;7.115124735378494;0;12;-0.3774256780481986;2.8460498941513976;2.5;4
326;2021;3;7.115124735378494;0;10;-0.3774256780481986;2.8460498941513976;2.5;4
326;2022;2;7.115124735378494;0;9;-0.3774256780481986;2.8460498941513976;2.5;4
326;2023;0;7.115124735378494;0;8;-0.3774256780481986;2.8460498941513976;2.5;4
327;2019;4;11.832159566199232;0;16;0.5222329678670935;5.916079783099616;2.0;4
327;2020;3;11.832159566199232;0;15;0.5222329678670935;5.916079783099616;2.0;4
327;2021;2;11.832159566199232;0;14;0.5222329678670935;5.916079783099616;2.0;4
327;2022;1;11.832159566199232;0;13;0.5222329678670935;5.916079783099616;2.0;4
327;2023;0;11.832159566199232;0;12;0.5222329678670935;5.916079783099616;2.0;4
328;2019;0;1.1832159566199087;0;2;0.5555555555555555;0.5916079783099544;2.0;4
328;2020;0;1.1832159566199087;0;1;0.5555555555555555;0.5916079783099544;2.0;4
328;2021;0;1.1832159566199087;0;1;0.5555555555555555;0.5916079783099544;2.0;4
328;2022;0;1.1832159566199087;0;1;0.5555555555555555;0.5916079783099544;2.0;4
328;2023;0;1.1832159566199087;0;1;0.5555555555555555;0.5916079783099544;2.0;4
329;2019;0;1.479019945774886;0;2;0.17407765595569782;0.5916079783099544;2.5;4
329;2020;0;1.479019945774886;0;2;0.17407765595569782;0.5916079783099544;2.5;4
329;2021;0;1.479019945774886;0;2;0.17407765595569782;0.5916079783099544;2.5;4
329;2022;0;1.479019945774886;0;2;0.17407765595569782;0.5916079783099544;2.5;4
329;2023;0;1.479019945774886;0;1;0.17407765595569782;0.5916079783099544;2.5;4
330;2019;0;0.6324555320336939;0;1;0.9045340337332909;0.6324555320336939;1.0;4
330;2020;0;0.6324555320336939;0;1;0.9045340337332909;0.6324555320336939;1.0;4
330;2021;1;0.6324555320336939;0;1;0.9045340337332909;0.6324555320336939;1.0;4
330;2022;1;0.6324555320336939;0;1;0.9045340337332909;0.6324555320336939;1.0;4
330;2023;1;0.6324555320336939;0;2;0.9045340337332909;0.6324555320336939;1.0;4
331;2019;0;0.0;0;0;;0.0;2.5;4
331;2020;0;0.0;0;0;;0.0;2.5;4
331;2021;0;0.0;0;0;;0.0;2.5;4
331;2022;0;0.0;0;0;;0.0;2.5;4
331;2023;0;0.0;0;0;;0.0;2.5;4
332;2019;1;1.8973665961009916;0;3;-0.6324555320336759;0.9486832980504958;2.0;4
332;2020;1;1.8973665961009916;0;3;-0.6324555320336759;0.9486832980504958;2.0;4
332;2021;1;1.8973665961009916;0;3;-0.6324555320336759;0.9486832980504958;2.0;4
332;2022;1;1.8973665961009916;0;3;-0.6324555320336759;0.9486832980504958;2.0;4
332;2023;0;1.8973665961009916;0;2;-0.6324555320336759;0.9486832980504958;2.0;4
333;2019;10;13.12821389222449;0;24;-0.8802996427582676;8.752142594816327;1.5;4
333;2020;9;13.12821389222449;0;22;-0.8802996427582676;8.752142594816327;1.5;4
333;2021;7;13.12821389222449;0;20;-0.8802996427582676;8.752142594816327;1.5;4
333;2022;6;13.12821389222449;0;19;-0.8802996427582676;8.752142594816327;1.5;4
333;2023;4;13.12821389222449;0;17;-0.8802996427582676;8.752142594816327;1.5;4
334;2019;9;4.795831523312719;4;14;0.9839281214964968;4.795831523312719;1.0;4
334;2020;10;4.795831523312719;5;15;0.9839281214964968;4.795831523312719;1.0;4
334;2021;11;4.795831523312719;6;16;0.9839281214964968;4.795831523312719;1.0;4
334;2022;12;4.795831523312719;7;17;0.9839281214964968;4.795831523312719;1.0;4
334;2023;13;4.795831523312719;8;18;0.9839281214964968;4.795831523312719;1.0;4
335;2019;0;2.598076211353316;0;3;0.8528028654224417;1.7320508075688772;1.5;4
335;2020;1;2.598076211353316;0;4;0.8528028654224417;1.7320508075688772;1.5;4
335;2021;2;2.598076211353316;0;5;0.8528028654224417;1.7320508075688772;1.5;4
335;2022;3;2.598076211353316;0;6;0.8528028654224417;1.7320508075688772;1.5;4
335;2023;4;2.598076211353316;1;7;0.8528028654224417;1.7320508075688772;1.5;4
336;2019;2;1.7320508075688772;0;3;-0.6363636363636364;0.8660254037844386;2.0;4
336;2020;1;1.7320508075688772;0;3;-0.6363636363636364;0.8660254037844386;2.0;4
336;2021;0;1.7320508075688772;0;2;-0.6363636363636364;0.8660254037844386;2.0;4
336;2022;0;1.7320508075688772;0;2;-0.6363636363636364;0.8660254037844386;2.0;4
336;2023;0;1.7320508075688772;0;1;-0.6363636363636364;0.8660254037844386;2.0;4
337;2019;24;6.0652699857463315;18;30;-0.8649695316609476;4.043513323830887;1.5;4
337;2020;22;6.0652699857463315;16;28;-0.8649695316609476;4.043513323830887;1.5;4
337;2021;20;6.0652699857463315;14;26;-0.8649695316609476;4.043513323830887;1.5;4
337;2022;18;6.0652699857463315;12;24;-0.8649695316609476;4.043513323830887;1.5;4
337;2023;16;6.0652699857463315;10;22;-0.8649695316609476;4.043513323830887;1.5;4
338;2019;0;0.0;0;0;;0.0;2.5;4
338;2020;0;0.0;0;0;;0.0;2.5;4
338;2021;0;0.0;0;0;;0.0;2.5;4
338;2022;0;0.0;0;0;;0.0;2.5;4
338;2023;0;0.0;0;0;;0.0;2.5;4
339;2019;0;0.7745966692414541;0;1;-0.5773502691896257;0.38729833462072705;2.0;4
339;2020;0;0.7745966692414541;0;1;-0.5773502691896257;0.38729833462072705;2.0;4
339;2021;0;0.7745966692414541;0;1;-0.5773502691896257;0.38729833462072705;2.0;4
339;2022;1;0.7745966692414541;0;1;-0.5773502691896257;0.38729833462072705;2.0;4
339;2023;1;0.7745966692414541;0;2;-0.5773502691896257;0.38729833462072705;2.0;4
340;2019;8;7.664854858378465;1;16;0.3515167471629261;3.065941943351386;2.5;4
340;2020;10;7.664854858378465;3;18;0.3515167471629261;3.065941943351386;2.5;4
340;2021;13;7.664854858378465;5;20;0.3515167471629261;3.065941943351386;2.5;4
340;2022;15;7.664854858378465;7;22;0.3515167471629261;3.065941943351386;2.5;4
340;2023;17;7.664854858378465;9;25;0.3515167471629261;3.065941943351386;2.5;4
341;2019;1;2.3717082451262392;0;3;-0.47809144373375745;0.9486832980504958;2.5;4
341;2020;1;2.3717082451262392;0;3;-0.47809144373375745;0.9486832980504958;2.5;4
341;2021;1;2.3717082451262392;0;3;-0.47809144373375745;0.9486832980504958;2.5;4
341;2022;1;2.3717082451262392;0;4;-0.47809144373375745;0.9486832980504958;2.5;4
341;2023;2;2.3717082451262392;0;4;-0.47809144373375745;0.9486832980504958;2.5;4
342;2019;24;22.463303408002442;1;46;0.5561638796421864;11.231651704001221;2.0;4
342;2020;26;22.463303408002442;4;49;0.5561638796421864;11.231651704001221;2.0;4
342;2021;29;22.463303408002442;7;52;0.5561638796421864;11.231651704001221;2.0;4
342;2022;32;22.463303408002442;9;54;0.5561638796421864;11.231651704001221;2.0;4
342;2023;34;22.463303408002442;12;57;0.5561638796421864;11.231651704001221;2.0;4
343;2019;0;1.264911064067208;0;1;0.6882472016116854;0.632455532033604;2.0;4
343;2020;1;1.264911064067208;0;2;0.6882472016116854;0.632455532033604;2.0;4
343;2021;1;1.264911064067208;0;3;0.6882472016116854;0.632455532033604;2.0;4
343;2022;2;1.264911064067208;1;3;0.6882472016116854;0.632455532033604;2.0;4
343;2023;3;1.264911064067208;2;4;0.6882472016116854;0.632455532033604;2.0;4
344;2019;29;18.388175548432997;11;47;-0.1652395573363543;7.355270219373199;2.5;4
344;2020;27;18.388175548432997;9;46;-0.1652395573363543;7.355270219373199;2.5;4
344;2021;26;18.388175548432997;7;44;-0.1652395573363543;7.355270219373199;2.5;4
344;2022;24;18.388175548432997;6;42;-0.1652395573363543;7.355270219373199;2.5;4
344;2023;22;18.388175548432997;4;41;-0.1652395573363543;7.355270219373199;2.5;4
345;2019;0;0.0;0;0;;0.0;2.5;4
345;2020;0;0.0;0;0;;0.0;2.5;4
345;2021;0;0.0;0;0;;0.0;2.5;4
345;2022;0;0.0;0;0;;0.0;2.5;4
345;2023;0;0.0;0;0;;0.0;2.5;4
346;2019;15;15.95893166850463;0;31;-0.14078085258336312;6.383572667401852;2.5;4
346;2020;14;15.95893166850463;0;29;-0.14078085258336312;6.383572667401852;2.5;4
346;2021;12;15.95893166850463;0;28;-0.14078085258336312;6.383572667401852;2.5;4
346;2022;10;15.95893166850463;0;26;-0.14078085258336312;6.383572667401852;2.5;4
346;2023;9;15.95893166850463;0;25;-0.14078085258336312;6.383572667401852;2.5;4
347;2019;1;2.598076211353316;0;4;0.7385489458759963;1.7320508075688772;1.5;4
347;2020;1;2.598076211353316;0;4;0.7385489458759963;1.7320508075688772;1.5;4
347;2021;1;2.598076211353316;0;4;0.7385489458759963;1.7320508075688772;1.5;4
347;2022;1;2.598076211353316;0;4;0.7385489458759963;1.7320508075688772;1.5;4
347;2023;1;2.598076211353316;0;4;0.7385489458759963;1.7320508075688772;1.5;4
348;2019;3;8.338165265812169;0;12;0.7878502585944167;5.55877684387478;1.5;4
348;2020;5;8.338165265812169;0;13;0.7878502585944167;5.55877684387478;1.5;4
348;2021;7;8.338165265812169;0;15;0.7878502585944167;5.55877684387478;1.5;4
348;2022;9;8.338165265812169;0;17;0.7878502585944167;5.55877684387478;1.5;4
348;2023;10;8.338165265812169;2;19;0.7878502585944167;5.55877684387478;1.5;4
349;2019;6;18.77764628487796;0;25;0.6253551088610532;9.38882314243898;2.0;4
349;2020;5;18.77764628487796;0;24;0.6253551088610532;9.38882314243898;2.0;4
349;2021;4;18.77764628487796;0;22;0.6253551088610532;9.38882314243898;2.0;4
349;2022;2;18.77764628487796;0;21;0.6253551088610532;9.38882314243898;2.0;4
349;2023;1;18.77764628487796;0;20;0.6253551088610532;9.38882314243898;2.0;4
350;2019;60;44.59189948858438;15;104;-0.3861998351577815;17.836759795433753;2.5;4
350;2020;58;44.59189948858438;14;103;-0.3861998351577815;17.836759795433753;2.5;4
350;2021;56;44.59189948858438;12;101;-0.3861998351577815;17.836759795433753;2.5;4
350;2022;55;44.59189948858438;10;99;-0.3861998351577815;17.836759795433753;2.5;4
350;2023;53;44.59189948858438;8;98;-0.3861998351577815;17.836759795433753;2.5;4
351;2020;0;0.0;0;0;;0.0;2.5;3
351;2021;0;0.0;0;0;;0.0;2.5;3
351;2022;0;0.0;0;0;;0.0;2.5;3
351;2023;0;0.0;0;0;;0.0;2.5;3
352;2019;24;5.952940449895329;18;30;-0.8693521072896031;3.968626966596886;1.5;4
352;2020;16;5.952940449895329;11;22;-0.8693521072896031;3.968626966596886;1.5;4
352;2021;9;5.952940449895329;3;15;-0.8693521072896031;3.968626966596886;1.5;4
352;2022;2;5.952940449895329;0;7;-0.8693521072896031;3.968626966596886;1.5;4
352;2023;0;5.952940449895329;0;0;-0.8693521072896031;3.968626966596886;1.5;4
353;2019;1;0.9682458365518176;0;2;0.19245008972987526;0.38729833462072705;2.5;4
353;2020;1;0.9682458365518176;0;2;0.19245008972987526;0.38729833462072705;2.5;4
353;2021;1;0.9682458365518176;0;2;0.19245008972987526;0.38729833462072705;2.5;4
353;2022;0;0.9682458365518176;0;1;0.19245008972987526;0.38729833462072705;2.5;4
353;2023;0;0.9682458365518176;0;1;0.19245008972987526;0.38729833462072705;2.5;4
354;2019;1;3.0659419433511914;0;4;-0.6734444562176619;1.5329709716755957;2.0;4
354;2020;1;3.0659419433511914;0;4;-0.6734444562176619;1.5329709716755957;2.0;4
354;2021;1;3.0659419433511914;0;4;-0.6734444562176619;1.5329709716755957;2.0;4
354;2022;1;3.0659419433511914;0;4;-0.6734444562176619;1.5329709716755957;2.0;4
354;2023;1;3.0659419433511914;0;4;-0.6734444562176619;1.5329709716755957;2.0;4
355;2019;0;2.6809513236907963;0;2;0.45689359062661433;1.0723805294763185;2.5;4
355;2020;2;2.6809513236907963;0;4;0.45689359062661433;1.0723805294763185;2.5;4
355;2021;4;2.6809513236907963;1;7;0.45689359062661433;1.0723805294763185;2.5;4
355;2022;6;2.6809513236907963;4;9;0.45689359062661433;1.0723805294763185;2.5;4
355;2023;8;2.6809513236907963;6;11;0.45689359062661433;1.0723805294763185;2.5;4
356;2019;0;1.1832159566199087;0;2;0.5703518254720302;0.5916079783099544;2.0;4
356;2020;0;1.1832159566199087;0;1;0.5703518254720302;0.5916079783099544;2.0;4
356;2021;0;1.1832159566199087;0;1;0.5703518254720302;0.5916079783099544;2.0;4
356;2022;0;1.1832159566199087;0;1;0.5703518254720302;0.5916079783099544;2.0;4
356;2023;0;1.1832159566199087;0;1;0.5703518254720302;0.5916079783099544;2.0;4
357;2019;13;9.404121436902171;4;23;0.06584863977663931;3.761648574760869;2.5;4
357;2020;14;9.404121436902171;4;23;0.06584863977663931;3.761648574760869;2.5;4
357;2021;15;9.404121436902171;5;24;0.06584863977663931;3.761648574760869;2.5;4
357;2022;15;9.404121436902171;6;25;0.06584863977663931;3.761648574760869;2.5;4
357;2023;16;9.404121436902171;7;25;0.06584863977663931;3.761648574760869;2.5;4
358;2019;0;1.479019945774886;0;2;-0.3333333333333333;0.5916079783099544;2.5;4
358;2020;0;1.479019945774886;0;2;-0.3333333333333333;0.5916079783099544;2.5;4
358;2021;0;1.479019945774886;0;2;-0.3333333333333333;0.5916079783099544;2.5;4
358;2022;0;1.479019945774886;0;2;-0.3333333333333333;0.5916079783099544;2.5;4
358;2023;0;1.479019945774886;0;1;-0.3333333333333333;0.5916079783099544;2.5;4
359;2019;0;0.0;0;0;;0.0;2.5;4
359;2020;0;0.0;0;0;;0.0;2.5;4
359;2021;0;0.0;0;0;;0.0;2.5;4
359;2022;0;0.0;0;0;;0.0;2.5;4
359;2023;0;0.0;0;0;;0.0;2.5;4
360;2019;1;4.257346591481576;0;5;-0.3188964020716403;1.7029386365926302;2.5;4
360;2020;1;4.257346591481576;0;5;-0.3188964020716403;1.7029386365926302;2.5;4
360;2021;1;4.257346591481576;0;5;-0.3188964020716403;1.7029386365926302;2.5;4
360;2022;1;4.257346591481576;0;6;-0.3188964020716403;1.7029386365926302;2.5;4
360;2023;2;4.257346591481576;0;6;-0.3188964020716403;1.7029386365926302;2.5;4
361;2019;6;22.18529918662356;0;28;;8.874119674649425;2.5;4
361;2020;4;22.18529918662356;0;27;;8.874119674649425;2.5;4
361;2021;3;22.18529918662356;0;25;;8.874119674649425;2.5;4
361;2022;2;22.18529918662356;0;24;;8.874119674649425;2.5;4
361;2023;0;22.18529918662356;0;22;;8.874119674649425;2.5;4
362;2019;4;5.809475019311272;0;10;-0.4714045207910316;2.323790007724509;2.5;4
362;2020;2;5.809475019311272;0;8;-0.4714045207910316;2.323790007724509;2.5;4
362;2021;1;5.809475019311272;0;6;-0.4714045207910316;2.323790007724509;2.5;4
362;2022;0;5.809475019311272;0;5;-0.4714045207910316;2.323790007724509;2.5;4
362;2023;0;5.809475019311272;0;3;-0.4714045207910316;2.323790007724509;2.5;4
363;2019;1;1.5491933384829082;0;3;-0.5773502691896257;0.7745966692414541;2.0;4
363;2020;1;1.5491933384829082;0;2;-0.5773502691896257;0.7745966692414541;2.0;4
363;2021;0;1.5491933384829082;0;2;-0.5773502691896257;0.7745966692414541;2.0;4
363;2022;0;1.5491933384829082;0;1;-0.5773502691896257;0.7745966692414541;2.0;4
363;2023;0;1.5491933384829082;0;1;-0.5773502691896257;0.7745966692414541;2.0;4
364;2019;0;0.0;0;0;;0.0;2.5;4
364;2020;0;0.0;0;0;;0.0;2.5;4
364;2021;0;0.0;0;0;;0.0;2.5;4
364;2022;0;0.0;0;0;;0.0;2.5;4
364;2023;0;0.0;0;0;;0.0;2.5;4
365;2019;0;1.1832159566199087;0;1;-0.5773502691896257;0.5916079783099544;2.0;4
365;2020;0;1.1832159566199087;0;1;-0.5773502691896257;0.5916079783099544;2.0;4
365;2021;0;1.1832159566199087;0;1;-0.5773502691896257;0.5916079783099544;2.0;4
365;2022;0;1.1832159566199087;0;2;-0.5773502691896257;0.5916079783099544;2.0;4
365;2023;0;1.1832159566199087;0;2;-0.5773502691896257;0.5916079783099544;2.0;4
366;2019;0;0.0;0;0;;0.0;2.5;4
366;2020;0;0.0;0;0;;0.0;2.5;4
366;2021;0;0.0;0;0;;0.0;2.5;4
366;2022;0;0.0;0;0;;0.0;2.5;4
366;2023;0;0.0;0;0;;0.0;2.5;4
367;2019;3;1.7748239349298272;2;5;0.9694584179118516;1.7748239349298272;1.0;4
367;2020;3;1.7748239349298272;1;4;0.9694584179118516;1.7748239349298272;1.0;4
367;2021;2;1.7748239349298272;0;4;0.9694584179118516;1.7748239349298272;1.0;4
367;2022;1;1.7748239349298272;0;3;0.9694584179118516;1.7748239349298272;1.0;4
367;2023;0;1.7748239349298272;0;2;0.9694584179118516;1.7748239349298272;1.0;4
368;2019;1;0.38729833462072705;0;1;0.9271726499455306;0.38729833462072705;1.0;4
368;2020;0;0.38729833462072705;0;1;0.9271726499455306;0.38729833462072705;1.0;4
368;2021;0;0.38729833462072705;0;0;0.9271726499455306;0.38729833462072705;1.0;4
368;2022;0;0.38729833462072705;0;0;0.9271726499455306;0.38729833462072705;1.0;4
368;2023;0;0.38729833462072705;0;0;0.9271726499455306;0.38729833462072705;1.0;4
369;2019;11;32.34095700501205;0;43;;12.93638280200482;2.5;4
369;2020;8;32.34095700501205;0;40;;12.93638280200482;2.5;4
369;2021;5;32.34095700501205;0;37;;12.93638280200482;2.5;4
369;2022;2;32.34095700501205;0;34;;12.93638280200482;2.5;4
369;2023;0;32.34095700501205;0;31;;12.93638280200482;2.5;4
370;2019;5;9.730750228014278;0;14;-0.006895240031534343;3.892300091205711;2.5;4
370;2020;4;9.730750228014278;0;14;-0.006895240031534343;3.892300091205711;2.5;4
370;2021;4;9.730750228014278;0;14;-0.006895240031534343;3.892300091205711;2.5;4
370;2022;4;9.730750228014278;0;14;-0.006895240031534343;3.892300091205711;2.5;4
370;2023;4;9.730750228014278;0;13;-0.006895240031534343;3.892300091205711;2.5;4
371;2019;8;18.774983355518707;0;27;0.22689215826037593;7.509993342207483;2.5;4
371;2020;9;18.774983355518707;0;28;0.22689215826037593;7.509993342207483;2.5;4
371;2021;11;18.774983355518707;0;29;0.22689215826037593;7.509993342207483;2.5;4
371;2022;12;18.774983355518707;0;31;0.22689215826037593;7.509993342207483;2.5;4
371;2023;13;18.774983355518707;0;32;0.22689215826037593;7.509993342207483;2.5;4
372;2019;0;0.0;0;0;;0.0;2.5;4
372;2020;0;0.0;0;0;;0.0;2.5;4
372;2021;0;0.0;0;0;;0.0;2.5;4
372;2022;0;0.0;0;0;;0.0;2.5;4
372;2023;0;0.0;0;0;;0.0;2.5;4
373;2019;1;0.316227766016802;1;1;-0.9045340337332909;0.316227766016802;1.0;4
373;2020;1;0.316227766016802;0;1;-0.9045340337332909;0.316227766016802;1.0;4
373;2021;0;0.316227766016802;0;1;-0.9045340337332909;0.316227766016802;1.0;4
373;2022;0;0.316227766016802;0;0;-0.9045340337332909;0.316227766016802;1.0;4
373;2023;0;0.316227766016802;0;0;-0.9045340337332909;0.316227766016802;1.0;4
374;2019;5;9.404121436901935;0;14;0.06050890208160516;3.7616485747607737;2.5;4
374;2020;4;9.404121436901935;0;14;0.06050890208160516;3.7616485747607737;2.5;4
374;2021;4;9.404121436901935;0;14;0.06050890208160516;3.7616485747607737;2.5;4
374;2022;4;9.404121436901935;0;13;0.06050890208160516;3.7616485747607737;2.5;4
374;2023;4;9.404121436901935;0;13;0.06050890208160516;3.7616485747607737;2.5;4
375;2019;0;1.1832159566199087;0;1;0.5773502691896257;0.5916079783099544;2.0;4
375;2020;0;1.1832159566199087;0;1;0.5773502691896257;0.5916079783099544;2.0;4
375;2021;0;1.1832159566199087;0;1;0.5773502691896257;0.5916079783099544;2.0;4
375;2022;0;1.1832159566199087;0;2;0.5773502691896257;0.5916079783099544;2.0;4
375;2023;0;1.1832159566199087;0;2;0.5773502691896257;0.5916079783099544;2.0;4
376;2019;6;1.7428425057932497;4;8;-0.871695457833102;1.1618950038621665;1.5;4
376;2020;4;1.7428425057932497;2;6;-0.871695457833102;1.1618950038621665;1.5;4
376;2021;2;1.7428425057932497;1;4;-0.871695457833102;1.1618950038621665;1.5;4
376;2022;0;1.7428425057932497;0;2;-0.871695457833102;1.1618950038621665;1.5;4
376;2023;0;1.7428425057932497;0;0;-0.871695457833102;1.1618950038621665;1.5;4
377;2019;1;4.074309757492795;0;5;0.6998594287682192;2.0371548787463976;2.0;4
377;2020;2;4.074309757492795;0;6;0.6998594287682192;2.0371548787463976;2.0;4
377;2021;3;4.074309757492795;0;7;0.6998594287682192;2.0371548787463976;2.0;4
377;2022;3;4.074309757492795;0;7;0.6998594287682192;2.0371548787463976;2.0;4
377;2023;4;4.074309757492795;0;8;0.6998594287682192;2.0371548787463976;2.0;4
378;2019;0;2.1650635094610964;0;2;0.17407765595569782;0.8660254037844386;2.5;4
378;2020;0;2.1650635094610964;0;3;0.17407765595569782;0.8660254037844386;2.5;4
378;2021;1;2.1650635094610964;0;3;0.17407765595569782;0.8660254037844386;2.5;4
378;2022;2;2.1650635094610964;0;4;0.17407765595569782;0.8660254037844386;2.5;4
378;2023;2;2.1650635094610964;0;4;0.17407765595569782;0.8660254037844386;2.5;4
379;2019;11;7.224091638399965;4;18;0.3070541356723744;2.889636655359986;2.5;4
379;2020;11;7.224091638399965;4;18;0.3070541356723744;2.889636655359986;2.5;4
379;2021;11;7.224091638399965;4;19;0.3070541356723744;2.889636655359986;2.5;4
379;2022;11;7.224091638399965;4;19;0.3070541356723744;2.889636655359986;2.5;4
379;2023;12;7.224091638399965;4;19;0.3070541356723744;2.889636655359986;2.5;4
380;2019;32;70.00428558309747;0;102;-0.6226874756759626;35.002142791548735;2.0;4
380;2020;25;70.00428558309747;0;95;-0.6226874756759626;35.002142791548735;2.0;4
380;2021;17;70.00428558309747;0;87;-0.6226874756759626;35.002142791548735;2.0;4
380;2022;9;70.00428558309747;0;79;-0.6226874756759626;35.002142791548735;2.0;4
380;2023;2;70.00428558309747;0;72;-0.6226874756759626;35.002142791548735;2.0;4
381;2019;1;2.958039891549772;0;4;0.17407765595569782;1.1832159566199087;2.5;4
381;2020;1;2.958039891549772;0;4;0.17407765595569782;1.1832159566199087;2.5;4
381;2021;0;2.958039891549772;0;3;0.17407765595569782;1.1832159566199087;2.5;4
381;2022;0;2.958039891549772;0;3;0.17407765595569782;1.1832159566199087;2.5;4
381;2023;0;2.958039891549772;0;3;0.17407765595569782;1.1832159566199087;2.5;4
382;2019;1;6.199798383818749;0;7;-0.37582301400141443;2.4799193535274995;2.5;4
382;2020;1;6.199798383818749;0;8;-0.37582301400141443;2.4799193535274995;2.5;4
382;2021;2;6.199798383818749;0;8;-0.37582301400141443;2.4799193535274995;2.5;4
382;2022;3;6.199798383818749;0;9;-0.37582301400141443;2.4799193535274995;2.5;4
382;2023;4;6.199798383818749;0;10;-0.37582301400141443;2.4799193535274995;2.5;4
383;2019;0;1.479019945774886;0;2;-0.4714045207910316;0.5916079783099544;2.5;4
383;2020;0;1.479019945774886;0;2;-0.4714045207910316;0.5916079783099544;2.5;4
383;2021;0;1.479019945774886;0;2;-0.4714045207910316;0.5916079783099544;2.5;4
383;2022;0;1.479019945774886;0;2;-0.4714045207910316;0.5916079783099544;2.5;4
383;2023;0;1.479019945774886;0;2;-0.4714045207910316;0.5916079783099544;2.5;4
384;2019;2;1.299038105676658;0;3;-0.8703882797784891;0.8660254037844386;1.5;4
384;2020;1;1.299038105676658;0;2;-0.8703882797784891;0.8660254037844386;1.5;4
384;2021;0;1.299038105676658;0;2;-0.8703882797784891;0.8660254037844386;1.5;4
384;2022;0;1.299038105676658;0;1;-0.8703882797784891;0.8660254037844386;1.5;4
384;2023;0;1.299038105676658;0;1;-0.8703882797784891;0.8660254037844386;1.5;4
385;2019;1;2.3717082451263143;0;3;0.0;0.9486832980505256;2.5;4
385;2020;1;2.3717082451263143;0;3;0.0;0.9486832980505256;2.5;4
385;2021;1;2.3717082451263143;0;3;0.0;0.9486832980505256;2.5;4
385;2022;1;2.3717082451263143;0;4;0.0;0.9486832980505256;2.5;4
385;2023;2;2.3717082451263143;0;4;0.0;0.9486832980505256;2.5;4
386;2019;0;0.0;0;0;;0.0;2.5;4
386;2020;0;0.0;0;0;;0.0;2.5;4
386;2021;0;0.0;0;0;;0.0;2.5;4
386;2022;0;0.0;0;0;;0.0;2.5;4
386;2023;0;0.0;0;0;;0.0;2.5;4
387;2019;14;3.4856850115864013;10;17;-0.9735454092337176;3.4856850115864013;1.0;4
387;2020;11;3.4856850115864013;8;15;-0.9735454092337176;3.4856850115864013;1.0;4
387;2021;8;3.4856850115864013;5;12;-0.9735454092337176;3.4856850115864013;1.0;4
387;2022;6;3.4856850115864013;2;9;-0.9735454092337176;3.4856850115864013;1.0;4
387;2023;3;3.4856850115864013;0;6;-0.9735454092337176;3.4856850115864013;1.0;4
388;2019;7;3.9401776609689274;3;11;-0.7093269021319086;2.6267851073126183;1.5;4
388;2020;5;3.9401776609689274;1;9;-0.7093269021319086;2.6267851073126183;1.5;4
388;2021;3;3.9401776609689274;0;7;-0.7093269021319086;2.6267851073126183;1.5;4
388;2022;1;3.9401776609689274;0;5;-0.7093269021319086;2.6267851073126183;1.5;4
388;2023;0;3.9401776609689274;0;3;-0.7093269021319086;2.6267851073126183;1.5;4
389;2019;0;1.936491673103855;0;1;0.1348399724926484;0.774596669241542;2.5;4
389;2020;1;1.936491673103855;0;3;0.1348399724926484;0.774596669241542;2.5;4
389;2021;2;1.936491673103855;0;4;0.1348399724926484;0.774596669241542;2.5;4
389;2022;4;1.936491673103855;2;6;0.1348399724926484;0.774596669241542;2.5;4
389;2023;5;1.936491673103855;3;7;0.1348399724926484;0.774596669241542;2.5;4
390;2019;0;1.1832159566199087;0;1;-0.5773502691896257;0.5916079783099544;2.0;4
390;2020;0;1.1832159566199087;0;1;-0.5773502691896257;0.5916079783099544;2.0;4
390;2021;0;1.1832159566199087;0;1;-0.5773502691896257;0.5916079783099544;2.0;4
390;2022;0;1.1832159566199087;0;2;-0.5773502691896257;0.5916079783099544;2.0;4
390;2023;0;1.1832159566199087;0;2;-0.5773502691896257;0.5916079783099544;2.0;4
391;2019;1;2.904737509655554;0;4;-0.30151134457776363;1.1618950038622216;2.5;4
391;2020;1;2.904737509655554;0;4;-0.30151134457776363;1.1618950038622216;2.5;4
391;2021;1;2.904737509655554;0;4;-0.30151134457776363;1.1618950038622216;2.5;4
391;2022;1;2.904737509655554;0;4;-0.30151134457776363;1.1618950038622216;2.5;4
391;2023;0;2.904737509655554;0;3;-0.30151134457776363;1.1618950038622216;2.5;4
392;2019;6;17.74823934929885;0;24;-0.5222329678670935;8.874119674649425;2.0;4
392;2020;4;17.74823934929885;0;22;-0.5222329678670935;8.874119674649425;2.0;4
392;2021;3;17.74823934929885;0;21;-0.5222329678670935;8.874119674649425;2.0;4
392;2022;2;17.74823934929885;0;19;-0.5222329678670935;8.874119674649425;2.0;4
392;2023;0;17.74823934929885;0;18;-0.5222329678670935;8.874119674649425;2.0;4
393;2019;4;10.825317547305485;0;14;-0.15774914461488565;4.330127018922194;2.5;4
393;2020;3;10.825317547305485;0;14;-0.15774914461488565;4.330127018922194;2.5;4
393;2021;2;10.825317547305485;0;13;-0.15774914461488565;4.330127018922194;2.5;4
393;2022;2;10.825317547305485;0;13;-0.15774914461488565;4.330127018922194;2.5;4
393;2023;2;10.825317547305485;0;12;-0.15774914461488565;4.330127018922194;2.5;4
394;2019;10;4.959838707054861;5;15;0.6235946801817739;2.4799193535274306;2.0;4
394;2020;13;4.959838707054861;8;18;0.6235946801817739;2.4799193535274306;2.0;4
394;2021;15;4.959838707054861;10;20;0.6235946801817739;2.4799193535274306;2.0;4
394;2022;17;4.959838707054861;12;22;0.6235946801817739;2.4799193535274306;2.0;4
394;2023;20;4.959838707054861;15;24;0.6235946801817739;2.4799193535274306;2.0;4
395;2019;16;21.737065119284157;0;38;-0.7031273424504927;14.491376746189438;1.5;4
395;2020;12;21.737065119284157;0;34;-0.7031273424504927;14.491376746189438;1.5;4
395;2021;8;21.737065119284157;0;30;-0.7031273424504927;14.491376746189438;1.5;4
395;2022;4;21.737065119284157;0;26;-0.7031273424504927;14.491376746189438;1.5;4
395;2023;0;21.737065119284157;0;22;-0.7031273424504927;14.491376746189438;1.5;4
396;2019;1;0.9486832980505409;0;2;-0.727606875108999;0.6324555320336939;1.5;4
396;2020;1;0.9486832980505409;0;2;-0.727606875108999;0.6324555320336939;1.5;4
396;2021;0;0.9486832980505409;0;1;-0.727606875108999;0.6324555320336939;1.5;4
396;2022;0;0.9486832980505409;0;1;-0.727606875108999;0.6324555320336939;1.5;4
396;2023;0;0.9486832980505409;0;1;-0.727606875108999;0.6324555320336939;1.5;4
397;2019;0;0.9486832980504061;0;1;0.8451542547285166;0.632455532033604;1.5;4
397;2020;1;0.9486832980504061;0;2;0.8451542547285166;0.632455532033604;1.5;4
397;2021;1;0.9486832980504061;0;2;0.8451542547285166;0.632455532033604;1.5;4
397;2022;2;0.9486832980504061;1;3;0.8451542547285166;0.632455532033604;1.5;4
397;2023;3;0.9486832980504061;2;4;0.8451542547285166;0.632455532033604;1.5;4
398;2019;0;1.479019945774886;0;2;-0.29277002188455997;0.5916079783099544;2.5;4
398;2020;0;1.479019945774886;0;2;-0.29277002188455997;0.5916079783099544;2.5;4
398;2021;0;1.479019945774886;0;2;-0.29277002188455997;0.5916079783099544;2.5;4
398;2022;0;1.479019945774886;0;2;-0.29277002188455997;0.5916079783099544;2.5;4
398;2023;0;1.479019945774886;0;1;-0.29277002188455997;0.5916079783099544;2.5;4
399;2019;2;0.774596669241542;1;3;0.5222329678670935;0.387298334620771;2.0;4
399;2020;1;0.774596669241542;0;2;0.5222329678670935;0.387298334620771;2.0;4
399;2021;0;0.774596669241542;0;1;0.5222329678670935;0.387298334620771;2.0;4
399;2022;0;0.774596669241542;0;0;0.5222329678670935;0.387298334620771;2.0;4
399;2023;0;0.774596669241542;0;0;0.5222329678670935;0.387298334620771;2.0;4
400;2019;0;0.0;0;0;;0.0;2.5;4
400;2020;0;0.0;0;0;;0.0;2.5;4
400;2021;0;0.0;0;0;;0.0;2.5;4
400;2022;0;0.0;0;0;;0.0;2.5;4
400;2023;0;0.0;0;0;;0.0;2.5;4
401;2019;6;7.522466350871848;0;13;-0.8430320812480595;5.0149775672478984;1.5;4
401;2020;6;7.522466350871848;0;14;-0.8430320812480595;5.0149775672478984;1.5;4
401;2021;6;7.522466350871848;0;14;-0.8430320812480595;5.0149775672478984;1.5;4
401;2022;7;7.522466350871848;0;14;-0.8430320812480595;5.0149775672478984;1.5;4
401;2023;7;7.522466350871848;0;15;-0.8430320812480595;5.0149775672478984;1.5;4
402;2019;0;1.479019945774886;0;2;-0.3333333333333333;0.5916079783099544;2.5;4
402;2020;0;1.479019945774886;0;2;-0.3333333333333333;0.5916079783099544;2.5;4
402;2021;0;1.479019945774886;0;2;-0.3333333333333333;0.5916079783099544;2.5;4
402;2022;0;1.479019945774886;0;2;-0.3333333333333333;0.5916079783099544;2.5;4
402;2023;0;1.479019945774886;0;1;-0.3333333333333333;0.5916079783099544;2.5;4
403;2019;1;3.8729833462074352;0;5;-0.3853373177942262;1.5491933384829741;2.5;4
403;2020;1;3.8729833462074352;0;5;-0.3853373177942262;1.5491933384829741;2.5;4
403;2021;2;3.8729833462074352;0;5;-0.3853373177942262;1.5491933384829741;2.5;4
403;2022;2;3.8729833462074352;0;6;-0.3853373177942262;1.5491933384829741;2.5;4
403;2023;2;3.8729833462074352;0;6;-0.3853373177942262;1.5491933384829741;2.5;4
404;2019;31;18.82551460119959;13;50;-0.6488348994712375;9.412757300599795;2.0;4
404;2020;28;18.82551460119959;9;47;-0.6488348994712375;9.412757300599795;2.0;4
404;2021;24;18.82551460119959;5;43;-0.6488348994712375;9.412757300599795;2.0;4
404;2022;21;18.82551460119959;2;39;-0.6488348994712375;9.412757300599795;2.0;4
404;2023;17;18.82551460119959;0;36;-0.6488348994712375;9.412757300599795;2.0;4
405;2019;1;0.9682458365518176;0;2;-0.4714045207910316;0.38729833462072705;2.5;4
405;2020;0;0.9682458365518176;0;1;-0.4714045207910316;0.38729833462072705;2.5;4
405;2021;0;0.9682458365518176;0;1;-0.4714045207910316;0.38729833462072705;2.5;4
405;2022;0;0.9682458365518176;0;1;-0.4714045207910316;0.38729833462072705;2.5;4
405;2023;0;0.9682458365518176;0;0;-0.4714045207910316;0.38729833462072705;2.5;4
406;2019;0;2.1650635094610964;0;2;-0.17407765595569782;0.8660254037844386;2.5;4
406;2020;0;2.1650635094610964;0;3;-0.17407765595569782;0.8660254037844386;2.5;4
406;2021;1;2.1650635094610964;0;3;-0.17407765595569782;0.8660254037844386;2.5;4
406;2022;2;2.1650635094610964;0;4;-0.17407765595569782;0.8660254037844386;2.5;4
406;2023;2;2.1650635094610964;0;4;-0.17407765595569782;0.8660254037844386;2.5;4
407;2019;0;0.0;0;0;;0.0;2.5;4
407;2020;0;0.0;0;0;;0.0;2.5;4
407;2021;0;0.0;0;0;;0.0;2.5;4
407;2022;0;0.0;0;0;;0.0;2.5;4
407;2023;0;0.0;0;0;;0.0;2.5;4
408;2019;10;1.4491376746186928;8;11;-0.9782319760890369;1.4491376746186928;1.0;4
408;2020;7;1.4491376746186928;6;9;-0.9782319760890369;1.4491376746186928;1.0;4
408;2021;5;1.4491376746186928;3;6;-0.9782319760890369;1.4491376746186928;1.0;4
408;2022;2;1.4491376746186928;1;4;-0.9782319760890369;1.4491376746186928;1.0;4
408;2023;0;1.4491376746186928;0;1;-0.9782319760890369;1.4491376746186928;1.0;4
409;2019;0;0.6681531047810609;0;1;;0.2672612419124244;2.5;3
409;2020;1;0.6681531047810609;0;1;;0.2672612419124244;2.5;3
409;2022;2;0.6681531047810609;1;3;;0.2672612419124244;2.5;3
409;2023;3;0.6681531047810609;2;3;;0.2672612419124244;2.5;3
410;2019;0;0.5809475019310906;0;1;0.7867957924694431;0.38729833462072705;1.5;4
410;2020;1;0.5809475019310906;0;1;0.7867957924694431;0.38729833462072705;1.5;4
410;2021;1;0.5809475019310906;0;1;0.7867957924694431;0.38729833462072705;1.5;4
410;2022;1;0.5809475019310906;1;2;0.7867957924694431;0.38729833462072705;1.5;4
410;2023;2;0.5809475019310906;1;2;0.7867957924694431;0.38729833462072705;1.5;4
411;2019;1;1.2649110640673877;0;2;0.5050762722761054;0.6324555320336939;2.0;4
411;2020;1;1.2649110640673877;0;3;0.5050762722761054;0.6324555320336939;2.0;4
411;2021;2;1.2649110640673877;0;3;0.5050762722761054;0.6324555320336939;2.0;4
411;2022;2;1.2649110640673877;1;3;0.5050762722761054;0.6324555320336939;2.0;4
411;2023;2;1.2649110640673877;1;3;0.5050762722761054;0.6324555320336939;2.0;4
412;2019;0;1.479019945774886;0;2;-0.3333333333333333;0.5916079783099544;2.5;4
412;2020;0;1.479019945774886;0;2;-0.3333333333333333;0.5916079783099544;2.5;4
412;2021;0;1.479019945774886;0;2;-0.3333333333333333;0.5916079783099544;2.5;4
412;2022;0;1.479019945774886;0;2;-0.3333333333333333;0.5916079783099544;2.5;4
412;2023;0;1.479019945774886;0;1;-0.3333333333333333;0.5916079783099544;2.5;4
413;2019;6;3.181980515339464;2;9;-0.7119666788018509;2.1213203435596424;1.5;4
413;2020;4;3.181980515339464;0;7;-0.7119666788018509;2.1213203435596424;1.5;4
413;2021;2;3.181980515339464;0;5;-0.7119666788018509;2.1213203435596424;1.5;4
413;2022;0;3.181980515339464;0;3;-0.7119666788018509;2.1213203435596424;1.5;4
413;2023;0;3.181980515339464;0;1;-0.7119666788018509;2.1213203435596424;1.5;4
414;2019;4;2.3237900077243623;1;6;0.7745966692414834;1.5491933384829082;1.5;4
414;2020;3;2.3237900077243623;0;5;0.7745966692414834;1.5491933384829082;1.5;4
414;2021;1;2.3237900077243623;0;4;0.7745966692414834;1.5491933384829082;1.5;4
414;2022;0;2.3237900077243623;0;3;0.7745966692414834;1.5491933384829082;1.5;4
414;2023;0;2.3237900077243623;0;1;0.7745966692414834;1.5491933384829082;1.5;4
415;2019;3;10.353139620424471;0;13;0.17407765595569782;4.141255848169789;2.5;4
415;2020;2;10.353139620424471;0;12;0.17407765595569782;4.141255848169789;2.5;4
415;2021;1;10.353139620424471;0;12;0.17407765595569782;4.141255848169789;2.5;4
415;2022;1;10.353139620424471;0;11;0.17407765595569782;4.141255848169789;2.5;4
415;2023;0;10.353139620424471;0;10;0.17407765595569782;4.141255848169789;2.5;4
416;2019;27;102.93657027509826;0;130;-0.4827667331804723;41.17462811003931;2.5;4
416;2020;21;102.93657027509826;0;124;-0.4827667331804723;41.17462811003931;2.5;4
416;2021;15;102.93657027509826;0;118;-0.4827667331804723;41.17462811003931;2.5;4
416;2022;9;102.93657027509826;0;112;-0.4827667331804723;41.17462811003931;2.5;4
416;2023;3;102.93657027509826;0;106;-0.4827667331804723;41.17462811003931;2.5;4
417;2019;0;0.0;0;0;;0.0;2.5;4
417;2020;0;0.0;0;0;;0.0;2.5;4
417;2021;0;0.0;0;0;;0.0;2.5;4
417;2022;0;0.0;0;0;;0.0;2.5;4
417;2023;0;0.0;0;0;;0.0;2.5;4
418;2019;1;1.9364916731036352;0;3;-0.49236596391733095;0.7745966692414541;2.5;4
418;2020;1;1.9364916731036352;0;3;-0.49236596391733095;0.7745966692414541;2.5;4
418;2021;0;1.9364916731036352;0;2;-0.49236596391733095;0.7745966692414541;2.5;4
418;2022;0;1.9364916731036352;0;2;-0.49236596391733095;0.7745966692414541;2.5;4
418;2023;0;1.9364916731036352;0;1;-0.49236596391733095;0.7745966692414541;2.5;4
419;2019;0;0.0;0;0;;0.0;2.5;4
419;2020;0;0.0;0;0;;0.0;2.5;4
419;2021;0;0.0;0;0;;0.0;2.5;4
419;2022;0;0.0;0;0;;0.0;2.5;4
419;2023;0;0.0;0;0;;0.0;2.5;4
420;2019;1;0.7905694150420051;0;2;;0.316227766016802;2.5;4
420;2020;1;0.7905694150420051;0;1;;0.316227766016802;2.5;4
420;2021;0;0.7905694150420051;0;1;;0.316227766016802;2.5;4
420;2022;0;0.7905694150420051;0;1;;0.316227766016802;2.5;4
420;2023;0;0.7905694150420051;0;0;;0.316227766016802;2.5;4
421;2019;0;0.6324555320336939;0;1;-1.0;0.6324555320336939;1.0;4
421;2020;0;0.6324555320336939;0;1;-1.0;0.6324555320336939;1.0;4
421;2021;1;0.6324555320336939;0;1;-1.0;0.6324555320336939;1.0;4
421;2022;1;0.6324555320336939;0;1;-1.0;0.6324555320336939;1.0;4
421;2023;1;0.6324555320336939;0;2;-1.0;0.6324555320336939;1.0;4
422;2020;3;2.449489742783178;0;5;0.7559289460184544;1.632993161855452;1.5;3
422;2021;2;2.449489742783178;0;4;0.7559289460184544;1.632993161855452;1.5;3
422;2022;1;2.449489742783178;0;3;0.7559289460184544;1.632993161855452;1.5;3
422;2023;0;2.449489742783178;0;2;0.7559289460184544;1.632993161855452;1.5;3
423;2019;3;4.743416490252689;0;7;0.08737040566610381;1.8973665961010755;2.5;4
423;2020;3;4.743416490252689;0;8;0.08737040566610381;1.8973665961010755;2.5;4
423;2021;4;4.743416490252689;0;9;0.08737040566610381;1.8973665961010755;2.5;4
423;2022;4;4.743416490252689;0;9;0.08737040566610381;1.8973665961010755;2.5;4
423;2023;5;4.743416490252689;0;10;0.08737040566610381;1.8973665961010755;2.5;4
424;2019;4;3.665719574653882;0;7;-0.16692446522239718;1.4662878298615527;2.5;4
424;2020;4;3.665719574653882;0;8;-0.16692446522239718;1.4662878298615527;2.5;4
424;2021;4;3.665719574653882;1;8;-0.16692446522239718;1.4662878298615527;2.5;4
424;2022;5;3.665719574653882;1;8;-0.16692446522239718;1.4662878298615527;2.5;4
424;2023;5;3.665719574653882;1;9;-0.16692446522239718;1.4662878298615527;2.5;4
425;2019;13;8.330666239863783;5;21;-0.512562339785422;4.1653331199318915;2.0;4
425;2020;11;8.330666239863783;2;19;-0.512562339785422;4.1653331199318915;2.0;4
425;2021;9;8.330666239863783;0;17;-0.512562339785422;4.1653331199318915;2.0;4
425;2022;7;8.330666239863783;0;15;-0.512562339785422;4.1653331199318915;2.0;4
425;2023;4;8.330666239863783;0;13;-0.512562339785422;4.1653331199318915;2.0;4
426;2019;1;4.437059837324783;0;6;-0.3333333333333333;1.7748239349299135;2.5;4
426;2020;1;4.437059837324783;0;5;-0.3333333333333333;1.7748239349299135;2.5;4
426;2021;1;4.437059837324783;0;5;-0.3333333333333333;1.7748239349299135;2.5;4
426;2022;0;4.437059837324783;0;5;-0.3333333333333333;1.7748239349299135;2.5;4
426;2023;0;4.437059837324783;0;4;-0.3333333333333333;1.7748239349299135;2.5;4
427;2019;0;1.479019945774886;0;2;0.3333333333333333;0.5916079783099544;2.5;4
427;2020;0;1.479019945774886;0;2;0.3333333333333333;0.5916079783099544;2.5;4
427;2021;0;1.479019945774886;0;2;0.3333333333333333;0.5916079783099544;2.5;4
427;2022;0;1.479019945774886;0;2;0.3333333333333333;0.5916079783099544;2.5;4
427;2023;0;1.479019945774886;0;1;0.3333333333333333;0.5916079783099544;2.5;4
428;2019;0;1.7428425057931616;0;1;0.762770071396474;1.1618950038621076;1.5;4
428;2020;1;1.7428425057931616;0;3;0.762770071396474;1.1618950038621076;1.5;4
428;2021;3;1.7428425057931616;2;5;0.762770071396474;1.1618950038621076;1.5;4
428;2022;5;1.7428425057931616;4;7;0.762770071396474;1.1618950038621076;1.5;4
428;2023;8;1.7428425057931616;6;9;0.762770071396474;1.1618950038621076;1.5;4
429;2019;0;0.8874119674649316;0;1;-0.7011695914588868;0.5916079783099544;1.5;4
429;2020;0;0.8874119674649316;0;1;-0.7011695914588868;0.5916079783099544;1.5;4
429;2021;0;0.8874119674649316;0;1;-0.7011695914588868;0.5916079783099544;1.5;4
429;2022;0;0.8874119674649316;0;1;-0.7011695914588868;0.5916079783099544;1.5;4
429;2023;0;0.8874119674649316;0;1;-0.7011695914588868;0.5916079783099544;1.5;4
430;2019;0;1.161895003862313;0;1;0.7385489458759963;0.774596669241542;1.5;4
430;2020;1;1.161895003862313;0;2;0.7385489458759963;0.774596669241542;1.5;4
430;2021;2;1.161895003862313;1;3;0.7385489458759963;0.774596669241542;1.5;4
430;2022;4;1.161895003862313;2;5;0.7385489458759963;0.774596669241542;1.5;4
430;2023;5;1.161895003862313;4;6;0.7385489458759963;0.774596669241542;1.5;4
431;2019;1;1.1618950038622213;0;2;-0.9045340337332909;1.1618950038622213;1.0;4
431;2020;1;1.1618950038622213;0;2;-0.9045340337332909;1.1618950038622213;1.0;4
431;2021;1;1.1618950038622213;0;2;-0.9045340337332909;1.1618950038622213;1.0;4
431;2022;1;1.1618950038622213;0;2;-0.9045340337332909;1.1618950038622213;1.0;4
431;2023;1;1.1618950038622213;0;2;-0.9045340337332909;1.1618950038622213;1.0;4
432;2019;2;0.5809475019311565;1;2;0.8703882797784891;0.387298334620771;1.5;4
432;2020;1;0.5809475019311565;1;2;0.8703882797784891;0.387298334620771;1.5;4
432;2021;0;0.5809475019311565;0;1;0.8703882797784891;0.387298334620771;1.5;4
432;2022;0;0.5809475019311565;0;0;0.8703882797784891;0.387298334620771;1.5;4
432;2023;0;0.5809475019311565;0;0;0.8703882797784891;0.387298334620771;1.5;4
433;2019;3;7.331439149307677;0;11;-0.4160251471689219;2.9325756597230708;2.5;4
433;2020;4;7.331439149307677;0;11;-0.4160251471689219;2.9325756597230708;2.5;4
433;2021;4;7.331439149307677;0;12;-0.4160251471689219;2.9325756597230708;2.5;4
433;2022;5;7.331439149307677;0;12;-0.4160251471689219;2.9325756597230708;2.5;4
433;2023;5;7.331439149307677;0;12;-0.4160251471689219;2.9325756597230708;2.5;4
434;2019;0;0.0;0;0;;0.0;2.5;4
434;2020;0;0.0;0;0;;0.0;2.5;4
434;2021;0;0.0;0;0;;0.0;2.5;4
434;2022;0;0.0;0;0;;0.0;2.5;4
434;2023;0;0.0;0;0;;0.0;2.5;4
435;2019;0;0.0;0;0;;0.0;2.5;4
435;2020;0;0.0;0;0;;0.0;2.5;4
435;2021;0;0.0;0;0;;0.0;2.5;4
435;2022;0;0.0;0;0;;0.0;2.5;4
435;2023;0;0.0;0;0;;0.0;2.5;4
436;2019;1;2.1650635094610964;0;3;-0.1405803892788833;0.8660254037844386;2.5;4
436;2020;2;2.1650635094610964;0;4;-0.1405803892788833;0.8660254037844386;2.5;4
436;2021;2;2.1650635094610964;0;4;-0.1405803892788833;0.8660254037844386;2.5;4
436;2022;2;2.1650635094610964;0;5;-0.1405803892788833;0.8660254037844386;2.5;4
436;2023;3;2.1650635094610964;1;5;-0.1405803892788833;0.8660254037844386;2.5;4
437;2019;1;0.9682458365518176;0;2;-0.17407765595569782;0.38729833462072705;2.5;4
437;2020;0;0.9682458365518176;0;1;-0.17407765595569782;0.38729833462072705;2.5;4
437;2021;0;0.9682458365518176;0;1;-0.17407765595569782;0.38729833462072705;2.5;4
437;2022;0;0.9682458365518176;0;1;-0.17407765595569782;0.38729833462072705;2.5;4
437;2023;0;0.9682458365518176;0;0;-0.17407765595569782;0.38729833462072705;2.5;4
438;2019;0;0.0;0;0;;0.0;2.5;3
438;2021;0;0.0;0;0;;0.0;2.5;3
438;2022;0;0.0;0;0;;0.0;2.5;3
438;2023;0;0.0;0;0;;0.0;2.5;3
439;2019;8;7.183313998427162;1;15;0.5265086839766735;3.591656999213581;2.0;4
439;2020;9;7.183313998427162;2;16;0.5265086839766735;3.591656999213581;2.0;4
439;2021;10;7.183313998427162;3;17;0.5265086839766735;3.591656999213581;2.0;4
439;2022;11;7.183313998427162;4;18;0.5265086839766735;3.591656999213581;2.0;4
439;2023;12;7.183313998427162;4;19;0.5265086839766735;3.591656999213581;2.0;4
440;2019;0;0.0;0;0;;0.0;2.5;4
440;2020;0;0.0;0;0;;0.0;2.5;4
440;2021;0;0.0;0;0;;0.0;2.5;4
440;2022;0;0.0;0;0;;0.0;2.5;4
440;2023;0;0.0;0;0;;0.0;2.5;4
441;2019;2;2.1650635094610964;0;5;-0.30151134457776363;0.8660254037844386;2.5;4
441;2020;2;2.1650635094610964;0;4;-0.30151134457776363;0.8660254037844386;2.5;4
441;2021;2;2.1650635094610964;0;4;-0.30151134457776363;0.8660254037844386;2.5;4
441;2022;1;2.1650635094610964;0;3;-0.30151134457776363;0.8660254037844386;2.5;4
441;2023;0;2.1650635094610964;0;3;-0.30151134457776363;0.8660254037844386;2.5;4
442;2019;4;1.1618950038621663;3;6;-0.9022436386781061;1.1618950038621663;1.0;4
442;2020;3;1.1618950038621663;2;4;-0.9022436386781061;1.1618950038621663;1.0;4
442;2021;2;1.1618950038621663;1;3;-0.9022436386781061;1.1618950038621663;1.0;4
442;2022;1;1.1618950038621663;0;2;-0.9022436386781061;1.1618950038621663;1.0;4
442;2023;0;1.1618950038621663;0;1;-0.9022436386781061;1.1618950038621663;1.0;4
443;2019;0;4.437059837325065;0;5;;1.7748239349300259;2.5;4
443;2020;2;4.437059837325065;0;6;;1.7748239349300259;2.5;4
443;2021;3;4.437059837325065;0;7;;1.7748239349300259;2.5;4
443;2022;4;4.437059837325065;0;9;;1.7748239349300259;2.5;4
443;2023;6;4.437059837325065;1;10;;1.7748239349300259;2.5;4
444;2019;2;3.6228441865473204;0;6;0.0;1.4491376746189282;2.5;4
444;2020;1;3.6228441865473204;0;5;0.0;1.4491376746189282;2.5;4
444;2021;1;3.6228441865473204;0;4;0.0;1.4491376746189282;2.5;4
444;2022;0;3.6228441865473204;0;4;0.0;1.4491376746189282;2.5;4
444;2023;0;3.6228441865473204;0;3;0.0;1.4491376746189282;2.5;4
445;2019;0;0.0;0;0;;0.0;2.5;4
445;2020;0;0.0;0;0;;0.0;2.5;4
445;2021;0;0.0;0;0;;0.0;2.5;4
445;2022;0;0.0;0;0;;0.0;2.5;4
445;2023;0;0.0;0;0;;0.0;2.5;4
446;2019;2;4.437059837324712;0;6;-0.816496580927726;2.958039891549808;1.5;4
446;2020;2;4.437059837324712;0;6;-0.816496580927726;2.958039891549808;1.5;4
446;2021;1;4.437059837324712;0;5;-0.816496580927726;2.958039891549808;1.5;4
446;2022;0;4.437059837324712;0;5;-0.816496580927726;2.958039891549808;1.5;4
446;2023;0;4.437059837324712;0;4;-0.816496580927726;2.958039891549808;1.5;4
447;2019;2;3.307189138830738;0;5;0.3504383220252312;1.3228756555322954;2.5;4
447;2020;2;3.307189138830738;0;6;0.3504383220252312;1.3228756555322954;2.5;4
447;2021;3;3.307189138830738;0;6;0.3504383220252312;1.3228756555322954;2.5;4
447;2022;4;3.307189138830738;0;7;0.3504383220252312;1.3228756555322954;2.5;4
447;2023;4;3.307189138830738;1;7;0.3504383220252312;1.3228756555322954;2.5;4
448;2019;2;3.7798809505062048;0;6;0.7437279832918169;2.5199206336708033;1.5;4
448;2020;3;3.7798809505062048;0;7;0.7437279832918169;2.5199206336708033;1.5;4
448;2021;4;3.7798809505062048;1;8;0.7437279832918169;2.5199206336708033;1.5;4
448;2022;5;3.7798809505062048;2;9;0.7437279832918169;2.5199206336708033;1.5;4
448;2023;6;3.7798809505062048;3;10;0.7437279832918169;2.5199206336708033;1.5;4
449;2019;1;2.3717082451263143;0;3;0.0;0.9486832980505256;2.5;4
449;2020;1;2.3717082451263143;0;3;0.0;0.9486832980505256;2.5;4
449;2021;1;2.3717082451263143;0;3;0.0;0.9486832980505256;2.5;4
449;2022;1;2.3717082451263143;0;4;0.0;0.9486832980505256;2.5;4
449;2023;2;2.3717082451263143;0;4;0.0;0.9486832980505256;2.5;4
450;2019;9;10.031201323869185;0;19;0.059914468951527806;4.012480529547674;2.5;4
450;2020;8;10.031201323869185;0;18;0.059914468951527806;4.012480529547674;2.5;4
450;2021;6;10.031201323869185;0;16;0.059914468951527806;4.012480529547674;2.5;4
450;2022;5;10.031201323869185;0;15;0.059914468951527806;4.012480529547674;2.5;4
450;2023;4;10.031201323869185;0;14;0.059914468951527806;4.012480529547674;2.5;4
451;2019;3;7.099295739719526;0;10;-0.5555555555555555;3.549647869859763;2.0;4
451;2020;3;7.099295739719526;0;10;-0.5555555555555555;3.549647869859763;2.0;4
451;2021;2;7.099295739719526;0;9;-0.5555555555555555;3.549647869859763;2.0;4
451;2022;2;7.099295739719526;0;9;-0.5555555555555555;3.549647869859763;2.0;4
451;2023;1;7.099295739719526;0;8;-0.5555555555555555;3.549647869859763;2.0;4
452;2019;1;4.330127018922193;0;5;0.4714045207910316;1.7320508075688772;2.5;4
452;2020;1;4.330127018922193;0;5;0.4714045207910316;1.7320508075688772;2.5;4
452;2021;1;4.330127018922193;0;5;0.4714045207910316;1.7320508075688772;2.5;4
452;2022;1;4.330127018922193;0;5;0.4714045207910316;1.7320508075688772;2.5;4
452;2023;1;4.330127018922193;0;5;0.4714045207910316;1.7320508075688772;2.5;4
453;2019;2;7.115124735378792;0;9;0.48507125007266594;2.846049894151517;2.5;4
453;2020;2;7.115124735378792;0;9;0.48507125007266594;2.846049894151517;2.5;4
453;2021;1;7.115124735378792;0;8;0.48507125007266594;2.846049894151517;2.5;4
453;2022;1;7.115124735378792;0;8;0.48507125007266594;2.846049894151517;2.5;4
453;2023;0;7.115124735378792;0;8;0.48507125007266594;2.846049894151517;2.5;4
454;2019;1;0.7905694150420051;0;2;-0.4472135954999579;0.316227766016802;2.5;4
454;2020;1;0.7905694150420051;0;1;-0.4472135954999579;0.316227766016802;2.5;4
454;2021;0;0.7905694150420051;0;1;-0.4472135954999579;0.316227766016802;2.5;4
454;2022;0;0.7905694150420051;0;1;-0.4472135954999579;0.316227766016802;2.5;4
454;2023;0;0.7905694150420051;0;0;-0.4472135954999579;0.316227766016802;2.5;4
455;2019;17;22.206417991203324;0;40;-0.17963548525562872;8.882567196481329;2.5;4
455;2020;11;22.206417991203324;0;33;-0.17963548525562872;8.882567196481329;2.5;4
455;2021;5;22.206417991203324;0;27;-0.17963548525562872;8.882567196481329;2.5;4
455;2022;0;22.206417991203324;0;21;-0.17963548525562872;8.882567196481329;2.5;4
455;2023;0;22.206417991203324;0;15;-0.17963548525562872;8.882567196481329;2.5;4
456;2019;0;0.0;0;0;;0.0;2.5;4
456;2020;0;0.0;0;0;;0.0;2.5;4
456;2021;0;0.0;0;0;;0.0;2.5;4
456;2022;0;0.0;0;0;;0.0;2.5;4
456;2023;0;0.0;0;0;;0.0;2.5;4
457;2019;0;0.0;0;0;;0.0;2.5;4
457;2020;0;0.0;0;0;;0.0;2.5;4
457;2021;0;0.0;0;0;;0.0;2.5;4
457;2022;0;0.0;0;0;;0.0;2.5;4
457;2023;0;0.0;0;0;;0.0;2.5;4
458;2019;4;6.49519052838329;0;10;0.42614324229535205;2.598076211353316;2.5;4
458;2020;3;6.49519052838329;0;9;0.42614324229535205;2.598076211353316;2.5;4
458;2021;2;6.49519052838329;0;9;0.42614324229535205;2.598076211353316;2.5;4
458;2022;2;6.49519052838329;0;8;0.42614324229535205;2.598076211353316;2.5;4
458;2023;2;6.49519052838329;0;8;0.42614324229535205;2.598076211353316;2.5;4
459;2019;0;0.0;0;0;;0.0;2.5;3
459;2020;0;0.0;0;0;;0.0;2.5;3
459;2022;0;0.0;0;0;;0.0;2.5;3
459;2023;0;0.0;0;0;;0.0;2.5;3
460;2019;0;0.0;0;0;;0.0;2.5;4
460;2020;0;0.0;0;0;;0.0;2.5;4
460;2021;0;0.0;0;0;;0.0;2.5;4
460;2022;0;0.0;0;0;;0.0;2.5;4
460;2023;0;0.0;0;0;;0.0;2.5;4
461;2019;5;7.321202087089287;0;13;0.5352643613280604;3.6606010435446437;2.0;4
461;2020;4;7.321202087089287;0;12;0.5352643613280604;3.6606010435446437;2.0;4
461;2021;4;7.321202087089287;0;11;0.5352643613280604;3.6606010435446437;2.0;4
461;2022;3;7.321202087089287;0;10;0.5352643613280604;3.6606010435446437;2.0;4
461;2023;2;7.321202087089287;0;9;0.5352643613280604;3.6606010435446437;2.0;4
463;2019;0;0.0;0;0;;0.0;2.5;4
463;2020;0;0.0;0;0;;0.0;2.5;4
463;2021;0;0.0;0;0;;0.0;2.5;4
463;2022;0;0.0;0;0;;0.0;2.5;4
463;2023;0;0.0;0;0;;0.0;2.5;4
464;2019;4;2.9047375096559054;1;7;-0.15289415743128767;1.161895003862362;2.5;4
464;2020;3;2.9047375096559054;0;6;-0.15289415743128767;1.161895003862362;2.5;4
464;2021;2;2.9047375096559054;0;5;-0.15289415743128767;1.161895003862362;2.5;4
464;2022;1;2.9047375096559054;0;4;-0.15289415743128767;1.161895003862362;2.5;4
464;2023;0;2.9047375096559054;0;2;-0.15289415743128767;1.161895003862362;2.5;4
465;2019;2;3.6228441865473404;0;6;0.0;1.4491376746189362;2.5;4
465;2020;2;3.6228441865473404;0;5;0.0;1.4491376746189362;2.5;4
465;2021;1;3.6228441865473404;0;5;0.0;1.4491376746189362;2.5;4
465;2022;1;3.6228441865473404;0;5;0.0;1.4491376746189362;2.5;4
465;2023;0;3.6228441865473404;0;4;0.0;1.4491376746189362;2.5;4
466;2019;0;2.958039891549772;0;3;;1.1832159566199087;2.5;4
466;2020;0;2.958039891549772;0;3;;1.1832159566199087;2.5;4
466;2021;1;2.958039891549772;0;4;;1.1832159566199087;2.5;4
466;2022;1;2.958039891549772;0;4;;1.1832159566199087;2.5;4
466;2023;1;2.958039891549772;0;4;;1.1832159566199087;2.5;4
467;2019;0;0.9682458365519275;0;1;0.30151134457776363;0.387298334620771;2.5;4
467;2020;0;0.9682458365519275;0;1;0.30151134457776363;0.387298334620771;2.5;4
467;2021;1;0.9682458365519275;0;2;0.30151134457776363;0.387298334620771;2.5;4
467;2022;2;0.9682458365519275;1;3;0.30151134457776363;0.387298334620771;2.5;4
467;2023;2;0.9682458365519275;2;3;0.30151134457776363;0.387298334620771;2.5;4
468;2019;138;9.129622117042025;128;147;-0.9072528135860546;9.129622117042025;1.0;4
468;2020;129;9.129622117042025;120;138;-0.9072528135860546;9.129622117042025;1.0;4
468;2021;120;9.129622117042025;111;129;-0.9072528135860546;9.129622117042025;1.0;4
468;2022;111;9.129622117042025;102;120;-0.9072528135860546;9.129622117042025;1.0;4
468;2023;102;9.129622117042025;93;111;-0.9072528135860546;9.129622117042025;1.0;4
469;2019;91;39.401776609689826;51;130;-0.3148769116091233;15.76071064387593;2.5;4
469;2020;81;39.401776609689826;41;120;-0.3148769116091233;15.76071064387593;2.5;4
469;2021;70;39.401776609689826;31;110;-0.3148769116091233;15.76071064387593;2.5;4
469;2022;60;39.401776609689826;21;100;-0.3148769116091233;15.76071064387593;2.5;4
469;2023;50;39.401776609689826;11;89;-0.3148769116091233;15.76071064387593;2.5;4
470;2019;8;5.632495006655777;2;14;0.7647581281878805;3.754996671103851;1.5;4
470;2020;9;5.632495006655777;4;15;0.7647581281878805;3.754996671103851;1.5;4
470;2021;11;5.632495006655777;5;16;0.7647581281878805;3.754996671103851;1.5;4
470;2022;12;5.632495006655777;6;18;0.7647581281878805;3.754996671103851;1.5;4
470;2023;14;5.632495006655777;8;19;0.7647581281878805;3.754996671103851;1.5;4
471;2019;8;8.042853971072702;0;16;0.2848978279183051;3.2171415884290813;2.5;4
471;2020;8;8.042853971072702;0;16;0.2848978279183051;3.2171415884290813;2.5;4
471;2021;8;8.042853971072702;0;16;0.2848978279183051;3.2171415884290813;2.5;4
471;2022;8;8.042853971072702;0;16;0.2848978279183051;3.2171415884290813;2.5;4
471;2023;8;8.042853971072702;0;16;0.2848978279183051;3.2171415884290813;2.5;4
472;2019;0;0.0;0;0;;0.0;2.5;4
472;2020;0;0.0;0;0;;0.0;2.5;4
472;2021;0;0.0;0;0;;0.0;2.5;4
472;2022;0;0.0;0;0;;0.0;2.5;4
472;2023;0;0.0;0;0;;0.0;2.5;4
473;2019;5;6.7379522111693015;0;11;-0.6640043458717374;3.3689761055846508;2.0;4
473;2020;6;6.7379522111693015;0;12;-0.6640043458717374;3.3689761055846508;2.0;4
473;2021;7;6.7379522111693015;0;14;-0.6640043458717374;3.3689761055846508;2.0;4
473;2022;8;6.7379522111693015;1;15;-0.6640043458717374;3.3689761055846508;2.0;4
473;2023;9;6.7379522111693015;2;16;-0.6640043458717374;3.3689761055846508;2.0;4
474;2019;99;32.73816580079042;67;132;-0.7468673990887824;21.825443867193613;1.5;4
474;2020;88;32.73816580079042;56;121;-0.7468673990887824;21.825443867193613;1.5;4
474;2021;77;32.73816580079042;44;110;-0.7468673990887824;21.825443867193613;1.5;4
474;2022;66;32.73816580079042;33;99;-0.7468673990887824;21.825443867193613;1.5;4
474;2023;55;32.73816580079042;22;88;-0.7468673990887824;21.825443867193613;1.5;4
475;2019;0;0.0;0;0;;0.0;2.5;3
475;2021;0;0.0;0;0;;0.0;2.5;3
475;2022;0;0.0;0;0;;0.0;2.5;3
475;2023;0;0.0;0;0;;0.0;2.5;3
476;2019;1;1.1832159566199087;0;3;-0.6299407883487119;0.5916079783099544;2.0;4
476;2020;1;1.1832159566199087;0;2;-0.6299407883487119;0.5916079783099544;2.0;4
476;2021;1;1.1832159566199087;0;2;-0.6299407883487119;0.5916079783099544;2.0;4
476;2022;1;1.1832159566199087;0;2;-0.6299407883487119;0.5916079783099544;2.0;4
476;2023;1;1.1832159566199087;0;2;-0.6299407883487119;0.5916079783099544;2.0;4
477;2019;0;2.6726124191245475;0;2;;1.069044967649819;2.5;3
477;2021;1;2.6726124191245475;0;4;;1.069044967649819;2.5;3
477;2022;1;2.6726124191245475;0;4;;1.069044967649819;2.5;3
477;2023;2;2.6726124191245475;0;5;;1.069044967649819;2.5;3
478;2019;29;29.12795049432761;0;58;-0.020907620893675233;11.651180197731044;2.5;4
478;2020;26;29.12795049432761;0;55;-0.020907620893675233;11.651180197731044;2.5;4
478;2021;22;29.12795049432761;0;51;-0.020907620893675233;11.651180197731044;2.5;4
478;2022;18;29.12795049432761;0;48;-0.020907620893675233;11.651180197731044;2.5;4
478;2023;15;29.12795049432761;0;44;-0.020907620893675233;11.651180197731044;2.5;4
479;2019;2;3.872983346207417;0;6;-0.6197797868009122;1.9364916731037085;2.0;4
479;2020;2;3.872983346207417;0;6;-0.6197797868009122;1.9364916731037085;2.0;4
479;2021;2;3.872983346207417;0;5;-0.6197797868009122;1.9364916731037085;2.0;4
479;2022;1;3.872983346207417;0;5;-0.6197797868009122;1.9364916731037085;2.0;4
479;2023;0;3.872983346207417;0;4;-0.6197797868009122;1.9364916731037085;2.0;4
480;2019;0;1.1832159566199087;0;1;-0.5222329678670935;0.5916079783099544;2.0;4
480;2020;0;1.1832159566199087;0;1;-0.5222329678670935;0.5916079783099544;2.0;4
480;2021;0;1.1832159566199087;0;1;-0.5222329678670935;0.5916079783099544;2.0;4
480;2022;0;1.1832159566199087;0;2;-0.5222329678670935;0.5916079783099544;2.0;4
480;2023;0;1.1832159566199087;0;2;-0.5222329678670935;0.5916079783099544;2.0;4
481;2019;0;0.774596669241542;0;0;-0.5222329678670935;0.387298334620771;2.0;4
481;2020;0;0.774596669241542;0;1;-0.5222329678670935;0.387298334620771;2.0;4
481;2021;1;0.774596669241542;0;2;-0.5222329678670935;0.387298334620771;2.0;4
481;2022;2;0.774596669241542;1;3;-0.5222329678670935;0.387298334620771;2.0;4
481;2023;2;0.774596669241542;2;3;-0.5222329678670935;0.387298334620771;2.0;4
482;2019;1;3.5496478698599105;0;4;-0.5520524474738833;1.7748239349299553;2.0;4
482;2020;1;3.5496478698599105;0;5;-0.5520524474738833;1.7748239349299553;2.0;4
482;2021;2;3.5496478698599105;0;6;-0.5520524474738833;1.7748239349299553;2.0;4
482;2022;3;3.5496478698599105;0;6;-0.5520524474738833;1.7748239349299553;2.0;4
482;2023;4;3.5496478698599105;0;7;-0.5520524474738833;1.7748239349299553;2.0;4
483;2019;1;0.632455532033604;0;2;-0.5773502691896257;0.316227766016802;2.0;4
483;2020;1;0.632455532033604;0;1;-0.5773502691896257;0.316227766016802;2.0;4
483;2021;0;0.632455532033604;0;1;-0.5773502691896257;0.316227766016802;2.0;4
483;2022;0;0.632455532033604;0;1;-0.5773502691896257;0.316227766016802;2.0;4
483;2023;0;0.632455532033604;0;0;-0.5773502691896257;0.316227766016802;2.0;4
484;2019;0;1.1832159566199087;0;1;-0.5222329678670935;0.5916079783099544;2.0;4
484;2020;0;1.1832159566199087;0;1;-0.5222329678670935;0.5916079783099544;2.0;4
484;2021;0;1.1832159566199087;0;1;-0.5222329678670935;0.5916079783099544;2.0;4
484;2022;0;1.1832159566199087;0;2;-0.5222329678670935;0.5916079783099544;2.0;4
484;2023;0;1.1832159566199087;0;2;-0.5222329678670935;0.5916079783099544;2.0;4
485;2019;0;0.0;0;0;;0.0;2.5;4
485;2020;0;0.0;0;0;;0.0;2.5;4
485;2021;0;0.0;0;0;;0.0;2.5;4
485;2022;0;0.0;0;0;;0.0;2.5;4
485;2023;0;0.0;0;0;;0.0;2.5;4
486;2019;4;0.7745966692414541;4;5;1.0;0.7745966692414541;1.0;4
486;2020;4;0.7745966692414541;3;5;1.0;0.7745966692414541;1.0;4
486;2021;3;0.7745966692414541;2;4;1.0;0.7745966692414541;1.0;4
486;2022;3;0.7745966692414541;2;3;1.0;0.7745966692414541;1.0;4
486;2023;2;0.7745966692414541;1;3;1.0;0.7745966692414541;1.0;4
487;2019;0;0.38729833462072705;0;0;1.0;0.38729833462072705;1.0;4
487;2020;0;0.38729833462072705;0;0;1.0;0.38729833462072705;1.0;4
487;2021;0;0.38729833462072705;0;1;1.0;0.38729833462072705;1.0;4
487;2022;1;0.38729833462072705;0;1;1.0;0.38729833462072705;1.0;4
487;2023;1;0.38729833462072705;1;1;1.0;0.38729833462072705;1.0;4
488;2019;399;466.70989383127346;0;866;0.42824497177321735;186.6839575325094;2.5;4
488;2020;389;466.70989383127346;0;856;0.42824497177321735;186.6839575325094;2.5;4
488;2021;379;466.70989383127346;0;846;0.42824497177321735;186.6839575325094;2.5;4
488;2022;369;466.70989383127346;0;835;0.42824497177321735;186.6839575325094;2.5;4
488;2023;358;466.70989383127346;0;825;0.42824497177321735;186.6839575325094;2.5;4
489;2019;96;70.73188814106408;25;167;-0.5194382385980819;35.36594407053204;2.0;4
489;2020;76;70.73188814106408;5;146;-0.5194382385980819;35.36594407053204;2.0;4
489;2021;55;70.73188814106408;0;126;-0.5194382385980819;35.36594407053204;2.0;4
489;2022;34;70.73188814106408;0;105;-0.5194382385980819;35.36594407053204;2.0;4
489;2023;14;70.73188814106408;0;85;-0.5194382385980819;35.36594407053204;2.0;4
490;2019;0;0.38729833462072705;0;0;1.0;0.38729833462072705;1.0;4
490;2020;0;0.38729833462072705;0;0;1.0;0.38729833462072705;1.0;4
490;2021;0;0.38729833462072705;0;1;1.0;0.38729833462072705;1.0;4
490;2022;1;0.38729833462072705;0;1;1.0;0.38729833462072705;1.0;4
490;2023;1;0.38729833462072705;1;1;1.0;0.38729833462072705;1.0;4
491;2019;0;4.437059837324784;0;5;0.17407765595569782;1.7748239349299137;2.5;4
491;2020;1;4.437059837324784;0;5;0.17407765595569782;1.7748239349299137;2.5;4
491;2021;1;4.437059837324784;0;5;0.17407765595569782;1.7748239349299137;2.5;4
491;2022;1;4.437059837324784;0;6;0.17407765595569782;1.7748239349299137;2.5;4
491;2023;2;4.437059837324784;0;6;0.17407765595569782;1.7748239349299137;2.5;4
492;2019;1;4.647580015448885;0;6;-0.6446583712203042;2.3237900077244427;2.0;4
492;2020;1;4.647580015448885;0;6;-0.6446583712203042;2.3237900077244427;2.0;4
492;2021;2;4.647580015448885;0;6;-0.6446583712203042;2.3237900077244427;2.0;4
492;2022;2;4.647580015448885;0;6;-0.6446583712203042;2.3237900077244427;2.0;4
492;2023;2;4.647580015448885;0;7;-0.6446583712203042;2.3237900077244427;2.0;4
493;2019;0;0.0;0;0;;0.0;2.5;4
493;2020;0;0.0;0;0;;0.0;2.5;4
493;2021;0;0.0;0;0;;0.0;2.5;4
493;2022;0;0.0;0;0;;0.0;2.5;4
493;2023;0;0.0;0;0;;0.0;2.5;4
494;2019;69;99.65252129274113;0;169;-0.05394832522408106;39.86100851709645;2.5;4
494;2020;62;99.65252129274113;0;162;-0.05394832522408106;39.86100851709645;2.5;4
494;2021;55;99.65252129274113;0;155;-0.05394832522408106;39.86100851709645;2.5;4
494;2022;48;99.65252129274113;0;147;-0.05394832522408106;39.86100851709645;2.5;4
494;2023;40;99.65252129274113;0;140;-0.05394832522408106;39.86100851709645;2.5;4
495;2019;1;2.3717082451263143;0;4;0.33333333333333337;0.9486832980505256;2.5;4
495;2020;1;2.3717082451263143;0;3;0.33333333333333337;0.9486832980505256;2.5;4
495;2021;1;2.3717082451263143;0;3;0.33333333333333337;0.9486832980505256;2.5;4
495;2022;1;2.3717082451263143;0;3;0.33333333333333337;0.9486832980505256;2.5;4
495;2023;0;2.3717082451263143;0;3;0.33333333333333337;0.9486832980505256;2.5;4
496;2019;11;12.513992168768384;0;23;0.5896248528804288;6.256996084384192;2.0;4
496;2020;10;12.513992168768384;0;23;0.5896248528804288;6.256996084384192;2.0;4
496;2021;9;12.513992168768384;0;22;0.5896248528804288;6.256996084384192;2.0;4
496;2022;9;12.513992168768384;0;21;0.5896248528804288;6.256996084384192;2.0;4
496;2023;8;12.513992168768384;0;21;0.5896248528804288;6.256996084384192;2.0;4
497;2019;15;16.085707942144953;0;31;-0.3001971202826008;6.434283176857981;2.5;4
497;2020;13;16.085707942144953;0;29;-0.3001971202826008;6.434283176857981;2.5;4
497;2021;10;16.085707942144953;0;26;-0.3001971202826008;6.434283176857981;2.5;4
497;2022;8;16.085707942144953;0;24;-0.3001971202826008;6.434283176857981;2.5;4
497;2023;6;16.085707942144953;0;22;-0.3001971202826008;6.434283176857981;2.5;4
498;2019;4;2.8460498941514336;1;6;0.7001400420140049;1.8973665961009556;1.5;4
498;2020;4;2.8460498941514336;1;7;0.7001400420140049;1.8973665961009556;1.5;4
498;2021;5;2.8460498941514336;2;8;0.7001400420140049;1.8973665961009556;1.5;4
498;2022;5;2.8460498941514336;3;8;0.7001400420140049;1.8973665961009556;1.5;4
498;2023;6;2.8460498941514336;3;9;0.7001400420140049;1.8973665961009556;1.5;4
499;2019;4;2.269361143581953;2;7;0.986440050415621;2.269361143581953;1.0;4
499;2020;3;2.269361143581953;0;5;0.986440050415621;2.269361143581953;1.0;4
499;2021;1;2.269361143581953;0;3;0.986440050415621;2.269361143581953;1.0;4
499;2022;0;2.269361143581953;0;1;0.986440050415621;2.269361143581953;1.0;4
499;2023;0;2.269361143581953;0;0;0.986440050415621;2.269361143581953;1.0;4
