municipio_id;ano_previsao;previsao_homicidios;margem_erro_k;previsao_min;previsao_max;correlacao_temporal_r;erro_padrao_se;fator_penalidade_fr;n_anos_dados
1;2019;0;0.816496580927726;0;0;0.9707253433941512;0.816496580927726;1.0;3
1;2020;2;0.816496580927726;1;2;0.9707253433941512;0.816496580927726;1.0;3
1;2021;4;0.816496580927726;3;4;0.9707253433941512;0.816496580927726;1.0;3
1;2022;6;0.816496580927726;5;6;0.9707253433941512;0.816496580927726;1.0;3
2;2019;0;0.408248290463863;0;0;0.9449111825230679;0.408248290463863;1.0;3
2;2020;0;0.408248290463863;0;1;0.9449111825230679;0.408248290463863;1.0;3
2;2021;1;0.408248290463863;0;1;0.9449111825230679;0.408248290463863;1.0;3
2;2022;1;0.408248290463863;1;2;0.9449111825230679;0.408248290463863;1.0;3
3;2019;1;1.632993161855452;0;2;-0.5000000000000001;0.816496580927726;2.0;3
3;2020;2;1.632993161855452;0;3;-0.5000000000000001;0.816496580927726;2.0;3
3;2021;3;1.632993161855452;1;4;-0.5000000000000001;0.816496580927726;2.0;3
3;2022;4;1.632993161855452;2;5;-0.5000000000000001;0.816496580927726;2.0;3
4;2019;116;31.843366656181317;84;147;-0.5052699780709146;15.921683328090658;2.0;3
4;2020;78;31.843366656181317;46;110;-0.5052699780709146;15.921683328090658;2.0;3
4;2021;40;31.843366656181317;9;72;-0.5052699780709146;15.921683328090658;2.0;3
4;2022;3;31.843366656181317;0;35;-0.5052699780709146;15.921683328090658;2.0;3
5;2019;3;2.041241452319315;1;5;;0.816496580927726;2.5;3
5;2020;2;2.041241452319315;0;4;;0.816496580927726;2.5;3
5;2021;1;2.041241452319315;0;3;;0.816496580927726;2.5;3
5;2022;0;2.041241452319315;0;2;;0.816496580927726;2.5;3
6;2019;8;11.022703842524301;0;19;0.8660254037844386;7.3484692283495345;1.5;3
6;2020;7;11.022703842524301;0;18;0.8660254037844386;7.3484692283495345;1.5;3
6;2021;6;11.022703842524301;0;17;0.8660254037844386;7.3484692283495345;1.5;3
6;2022;5;11.022703842524301;0;16;0.8660254037844386;7.3484692283495345;1.5;3
7;2019;3;0.408248290463863;3;4;0.9041944301794651;0.408248290463863;1.0;3
7;2020;4;0.408248290463863;3;4;0.9041944301794651;0.408248290463863;1.0;3
7;2021;4;0.408248290463863;4;5;0.9041944301794651;0.408248290463863;1.0;3
7;2022;5;0.408248290463863;4;5;0.9041944301794651;0.408248290463863;1.0;3
8;2019;3;0.0;3;3;0.8660254037844387;0.0;1.5;3
8;2020;4;0.0;4;4;0.8660254037844387;0.0;1.5;3
8;2021;5;0.0;5;5;0.8660254037844387;0.0;1.5;3
8;2022;6;0.0;6;6;0.8660254037844387;0.0;1.5;3
9;2019;1;2.041241452319315;0;3;-0.9449111825230683;2.041241452319315;1.0;3
9;2020;1;2.041241452319315;0;3;-0.9449111825230683;2.041241452319315;1.0;3
9;2021;2;2.041241452319315;0;4;-0.9449111825230683;2.041241452319315;1.0;3
9;2022;2;2.041241452319315;0;4;-0.9449111825230683;2.041241452319315;1.0;3
10;2019;0;0.0;0;0;;0.0;2.5;3
10;2020;0;0.0;0;0;;0.0;2.5;3
10;2021;0;0.0;0;0;;0.0;2.5;3
10;2022;0;0.0;0;0;;0.0;2.5;3
11;2019;0;1.0206207261596576;0;1;0.2773500981126146;0.408248290463863;2.5;3
11;2020;1;1.0206207261596576;0;2;0.2773500981126146;0.408248290463863;2.5;3
11;2021;1;1.0206207261596576;0;2;0.2773500981126146;0.408248290463863;2.5;3
11;2022;2;1.0206207261596576;1;3;0.2773500981126146;0.408248290463863;2.5;3
12;2019;1;4.08248290463863;0;5;-0.11470786693528086;1.632993161855452;2.5;3
12;2020;1;4.08248290463863;0;5;-0.11470786693528086;1.632993161855452;2.5;3
12;2021;1;4.08248290463863;0;5;-0.11470786693528086;1.632993161855452;2.5;3
12;2022;1;4.08248290463863;0;5;-0.11470786693528086;1.632993161855452;2.5;3
13;2019;0;1.0206207261596576;0;1;0.4999999999999999;0.408248290463863;2.5;3
13;2020;0;1.0206207261596576;0;1;0.4999999999999999;0.408248290463863;2.5;3
13;2021;1;1.0206207261596576;0;2;0.4999999999999999;0.408248290463863;2.5;3
13;2022;1;1.0206207261596576;0;2;0.4999999999999999;0.408248290463863;2.5;3
14;2019;4;9.185586535436919;0;13;-0.32732683535398854;3.6742346141747673;2.5;3
14;2020;3;9.185586535436919;0;12;-0.32732683535398854;3.6742346141747673;2.5;3
14;2021;2;9.185586535436919;0;12;-0.32732683535398854;3.6742346141747673;2.5;3
14;2022;2;9.185586535436919;0;11;-0.32732683535398854;3.6742346141747673;2.5;3
15;2019;1;0.408248290463863;1;2;-1.0;0.408248290463863;1.0;3
15;2020;2;0.408248290463863;1;2;-1.0;0.408248290463863;1.0;3
15;2021;2;0.408248290463863;2;3;-1.0;0.408248290463863;1.0;3
15;2022;3;0.408248290463863;2;3;-1.0;0.408248290463863;1.0;3
16;2019;1;3.0618621784789726;0;4;-0.8386278693775344;2.041241452319315;1.5;3
16;2020;2;3.0618621784789726;0;5;-0.8386278693775344;2.041241452319315;1.5;3
16;2021;2;3.0618621784789726;0;5;-0.8386278693775344;2.041241452319315;1.5;3
16;2022;3;3.0618621784789726;0;6;-0.8386278693775344;2.041241452319315;1.5;3
17;2019;2;4.08248290463863;0;6;-0.9986254289035242;4.08248290463863;1.0;3
17;2020;3;4.08248290463863;0;7;-0.9986254289035242;4.08248290463863;1.0;3
17;2021;4;4.08248290463863;0;8;-0.9986254289035242;4.08248290463863;1.0;3
17;2022;5;4.08248290463863;1;9;-0.9986254289035242;4.08248290463863;1.0;3
18;2019;4;0.0;4;4;0.810884854079383;0.0;1.5;3
18;2020;6;0.0;6;6;0.810884854079383;0.0;1.5;3
18;2021;8;0.0;8;8;0.810884854079383;0.0;1.5;3
18;2022;10;0.0;10;10;0.810884854079383;0.0;1.5;3
19;2019;0;1.8371173070873834;0;2;-0.7205766921228921;1.224744871391589;1.5;3
19;2020;1;1.8371173070873834;0;3;-0.7205766921228921;1.224744871391589;1.5;3
19;2021;2;1.8371173070873834;0;3;-0.7205766921228921;1.224744871391589;1.5;3
19;2022;2;1.8371173070873834;0;4;-0.7205766921228921;1.224744871391589;1.5;3
20;2019;2;0.0;2;2;-0.9933992677987828;0.0;1.0;3
20;2020;1;0.0;1;1;-0.9933992677987828;0.0;1.0;3
20;2021;0;0.0;0;0;-0.9933992677987828;0.0;1.0;3
20;2022;0;0.0;0;0;-0.9933992677987828;0.0;1.0;3
21;2019;0;2.041241452319315;0;2;0.4999999999999999;0.816496580927726;2.5;3
21;2020;1;2.041241452319315;0;3;0.4999999999999999;0.816496580927726;2.5;3
21;2021;2;2.041241452319315;0;4;0.4999999999999999;0.816496580927726;2.5;3
21;2022;3;2.041241452319315;1;5;0.4999999999999999;0.816496580927726;2.5;3
22;2019;0;0.0;0;0;;0.0;2.5;3
22;2020;0;0.0;0;0;;0.0;2.5;3
22;2021;0;0.0;0;0;;0.0;2.5;3
22;2022;0;0.0;0;0;;0.0;2.5;3
23;2019;0;0.0;0;0;;0.0;2.5;3
23;2020;0;0.0;0;0;;0.0;2.5;3
23;2021;0;0.0;0;0;;0.0;2.5;3
23;2022;0;0.0;0;0;;0.0;2.5;3
24;2019;0;0.0;0;0;;0.0;2.5;3
24;2020;0;0.0;0;0;;0.0;2.5;3
24;2021;0;0.0;0;0;;0.0;2.5;3
24;2022;0;0.0;0;0;;0.0;2.5;3
25;2019;0;0.0;0;0;;0.0;2.5;3
25;2020;0;0.0;0;0;;0.0;2.5;3
25;2021;0;0.0;0;0;;0.0;2.5;3
25;2022;0;0.0;0;0;;0.0;2.5;3
26;2019;1;0.408248290463863;0;1;1.0;0.408248290463863;1.0;3
26;2020;0;0.408248290463863;0;1;1.0;0.408248290463863;1.0;3
26;2021;0;0.408248290463863;0;0;1.0;0.408248290463863;1.0;3
26;2022;0;0.408248290463863;0;0;1.0;0.408248290463863;1.0;3
27;2019;0;0.0;0;0;;0.0;2.5;3
27;2020;0;0.0;0;0;;0.0;2.5;3
27;2021;0;0.0;0;0;;0.0;2.5;3
27;2022;0;0.0;0;0;;0.0;2.5;3
28;2019;0;1.0206207261596576;0;1;;0.408248290463863;2.5;3
28;2020;0;1.0206207261596576;0;1;;0.408248290463863;2.5;3
28;2021;1;1.0206207261596576;0;2;;0.408248290463863;2.5;3
28;2022;1;1.0206207261596576;0;2;;0.408248290463863;2.5;3
29;2019;0;2.041241452319315;0;2;0.4999999999999999;0.816496580927726;2.5;3
29;2020;0;2.041241452319315;0;2;0.4999999999999999;0.816496580927726;2.5;3
29;2021;0;2.041241452319315;0;2;0.4999999999999999;0.816496580927726;2.5;3
29;2022;0;2.041241452319315;0;2;0.4999999999999999;0.816496580927726;2.5;3
30;2019;0;0.0;0;0;;0.0;2.5;3
30;2020;0;0.0;0;0;;0.0;2.5;3
30;2021;0;0.0;0;0;;0.0;2.5;3
30;2022;0;0.0;0;0;;0.0;2.5;3
31;2019;14;15.309310892394862;0;30;0.38572713814458864;6.123724356957945;2.5;3
31;2020;15;15.309310892394862;0;30;0.38572713814458864;6.123724356957945;2.5;3
31;2021;16;15.309310892394862;0;31;0.38572713814458864;6.123724356957945;2.5;3
31;2022;16;15.309310892394862;1;31;0.38572713814458864;6.123724356957945;2.5;3
32;2019;0;0.0;0;0;;0.0;2.5;3
32;2020;0;0.0;0;0;;0.0;2.5;3
32;2021;0;0.0;0;0;;0.0;2.5;3
32;2022;0;0.0;0;0;;0.0;2.5;3
33;2019;1;2.449489742783178;0;4;0.8660254037844385;1.632993161855452;1.5;3
33;2020;1;2.449489742783178;0;4;0.8660254037844385;1.632993161855452;1.5;3
33;2021;1;2.449489742783178;0;4;0.8660254037844385;1.632993161855452;1.5;3
33;2022;1;2.449489742783178;0;4;0.8660254037844385;1.632993161855452;1.5;3
34;2019;3;2.041241452319315;1;5;0.1889822365046136;0.816496580927726;2.5;3
34;2020;2;2.041241452319315;0;4;0.1889822365046136;0.816496580927726;2.5;3
34;2021;1;2.041241452319315;0;3;0.1889822365046136;0.816496580927726;2.5;3
34;2022;0;2.041241452319315;0;2;0.1889822365046136;0.816496580927726;2.5;3
35;2019;0;3.0618621784789726;0;4;0.2401922307076307;1.224744871391589;2.5;3
35;2020;1;3.0618621784789726;0;4;0.2401922307076307;1.224744871391589;2.5;3
35;2021;2;3.0618621784789726;0;5;0.2401922307076307;1.224744871391589;2.5;3
35;2022;2;3.0618621784789726;0;5;0.2401922307076307;1.224744871391589;2.5;3
36;2019;3;3.0618621784789726;0;6;-0.7017041818189496;2.041241452319315;1.5;3
36;2020;3;3.0618621784789726;0;6;-0.7017041818189496;2.041241452319315;1.5;3
36;2021;2;3.0618621784789726;0;5;-0.7017041818189496;2.041241452319315;1.5;3
36;2022;2;3.0618621784789726;0;5;-0.7017041818189496;2.041241452319315;1.5;3
37;2019;0;1.0206207261596576;0;1;0.25383654128340477;0.408248290463863;2.5;3
37;2020;1;1.0206207261596576;0;2;0.25383654128340477;0.408248290463863;2.5;3
37;2021;1;1.0206207261596576;0;2;0.25383654128340477;0.408248290463863;2.5;3
37;2022;2;1.0206207261596576;1;3;0.25383654128340477;0.408248290463863;2.5;3
38;2019;0;0.0;0;0;;0.0;2.5;3
38;2020;0;0.0;0;0;;0.0;2.5;3
38;2021;0;0.0;0;0;;0.0;2.5;3
38;2022;0;0.0;0;0;;0.0;2.5;3
39;2019;0;2.041241452319315;0;2;-0.4999999999999999;0.816496580927726;2.5;3
39;2020;0;2.041241452319315;0;2;-0.4999999999999999;0.816496580927726;2.5;3
39;2021;0;2.041241452319315;0;2;-0.4999999999999999;0.816496580927726;2.5;3
39;2022;0;2.041241452319315;0;2;-0.4999999999999999;0.816496580927726;2.5;3
40;2019;0;7.144345083117604;0;7;0.1555427542095638;2.8577380332470415;2.5;3
40;2020;2;7.144345083117604;0;9;0.1555427542095638;2.8577380332470415;2.5;3
40;2021;5;7.144345083117604;0;12;0.1555427542095638;2.8577380332470415;2.5;3
40;2022;7;7.144345083117604;0;14;0.1555427542095638;2.8577380332470415;2.5;3
41;2019;0;0.0;0;0;0.0;0.0;2.5;3
41;2020;1;0.0;1;1;0.0;0.0;2.5;3
41;2021;2;0.0;2;2;0.0;0.0;2.5;3
41;2022;3;0.0;3;3;0.0;0.0;2.5;3
42;2019;4;2.041241452319315;2;6;-0.2773500981126145;0.816496580927726;2.5;3
42;2020;2;2.041241452319315;0;4;-0.2773500981126145;0.816496580927726;2.5;3
42;2021;0;2.041241452319315;0;2;-0.2773500981126145;0.816496580927726;2.5;3
42;2022;0;2.041241452319315;0;0;-0.2773500981126145;0.816496580927726;2.5;3
43;2019;2;1.8371173070873834;0;3;-0.8660254037844385;1.224744871391589;1.5;3
43;2020;1;1.8371173070873834;0;3;-0.8660254037844385;1.224744871391589;1.5;3
43;2021;0;1.8371173070873834;0;2;-0.8660254037844385;1.224744871391589;1.5;3
43;2022;0;1.8371173070873834;0;2;-0.8660254037844385;1.224744871391589;1.5;3
44;2019;0;0.0;0;0;-0.8660254037844387;0.0;1.5;3
44;2020;1;0.0;1;1;-0.8660254037844387;0.0;1.5;3
44;2021;2;0.0;2;2;-0.8660254037844387;0.0;1.5;3
44;2022;3;0.0;3;3;-0.8660254037844387;0.0;1.5;3
45;2019;4;8.16496580927726;0;12;0.5;4.08248290463863;2.0;3
45;2020;5;8.16496580927726;0;13;0.5;4.08248290463863;2.0;3
45;2021;6;8.16496580927726;0;14;0.5;4.08248290463863;2.0;3
45;2022;7;8.16496580927726;0;15;0.5;4.08248290463863;2.0;3
46;2019;2;3.0618621784789726;0;6;-0.2401922307076307;1.224744871391589;2.5;3
46;2020;2;3.0618621784789726;0;5;-0.2401922307076307;1.224744871391589;2.5;3
46;2021;2;3.0618621784789726;0;5;-0.2401922307076307;1.224744871391589;2.5;3
46;2022;1;3.0618621784789726;0;4;-0.2401922307076307;1.224744871391589;2.5;3
48;2019;36;63.27848502189877;0;99;-0.20969638593449855;25.311394008759507;2.5;3
48;2020;22;63.27848502189877;0;85;-0.20969638593449855;25.311394008759507;2.5;3
48;2021;8;63.27848502189877;0;71;-0.20969638593449855;25.311394008759507;2.5;3
48;2022;0;63.27848502189877;0;57;-0.20969638593449855;25.311394008759507;2.5;3
49;2019;2;3.0618621784789726;0;5;0.0;1.224744871391589;2.5;3
49;2020;1;3.0618621784789726;0;4;0.0;1.224744871391589;2.5;3
49;2021;0;3.0618621784789726;0;4;0.0;1.224744871391589;2.5;3
49;2022;0;3.0618621784789726;0;3;0.0;1.224744871391589;2.5;3
50;2019;2;1.8371173070873834;1;4;-0.7559289460184545;1.224744871391589;1.5;3
50;2020;1;1.8371173070873834;0;3;-0.7559289460184545;1.224744871391589;1.5;3
50;2021;0;1.8371173070873834;0;1;-0.7559289460184545;1.224744871391589;1.5;3
50;2022;0;1.8371173070873834;0;0;-0.7559289460184545;1.224744871391589;1.5;3
51;2019;0;5.103103630798287;0;5;-0.475218305874735;2.0412414523193148;2.5;3
51;2020;7;5.103103630798287;2;12;-0.475218305874735;2.0412414523193148;2.5;3
51;2021;13;5.103103630798287;8;18;-0.475218305874735;2.0412414523193148;2.5;3
51;2022;20;5.103103630798287;15;25;-0.475218305874735;2.0412414523193148;2.5;3
52;2019;6;39.80420832022665;0;46;;15.921683328090658;2.5;3
52;2020;7;39.80420832022665;0;47;;15.921683328090658;2.5;3
52;2021;8;39.80420832022665;0;47;;15.921683328090658;2.5;3
52;2022;8;39.80420832022665;0;48;;15.921683328090658;2.5;3
53;2019;1;1.224744871391589;0;2;0.8029550685469661;0.816496580927726;1.5;3
53;2020;1;1.224744871391589;0;2;0.8029550685469661;0.816496580927726;1.5;3
53;2021;1;1.224744871391589;0;2;0.8029550685469661;0.816496580927726;1.5;3
53;2022;1;1.224744871391589;0;2;0.8029550685469661;0.816496580927726;1.5;3
54;2019;1;4.08248290463863;0;5;;1.632993161855452;2.5;3
54;2020;1;4.08248290463863;0;5;;1.632993161855452;2.5;3
54;2021;1;4.08248290463863;0;5;;1.632993161855452;2.5;3
54;2022;1;4.08248290463863;0;5;;1.632993161855452;2.5;3
55;2019;3;7.144345083117604;0;10;-0.2401922307076307;2.8577380332470415;2.5;3
55;2020;3;7.144345083117604;0;10;-0.2401922307076307;2.8577380332470415;2.5;3
55;2021;4;7.144345083117604;0;11;-0.2401922307076307;2.8577380332470415;2.5;3
55;2022;4;7.144345083117604;0;11;-0.2401922307076307;2.8577380332470415;2.5;3
56;2019;14;15.309310892394862;0;29;-0.19966749769191655;6.123724356957945;2.5;3
56;2020;19;15.309310892394862;4;34;-0.19966749769191655;6.123724356957945;2.5;3
56;2021;24;15.309310892394862;9;40;-0.19966749769191655;6.123724356957945;2.5;3
56;2022;30;15.309310892394862;15;45;-0.19966749769191655;6.123724356957945;2.5;3
57;2019;2;2.449489742783178;0;5;0.7857142857142857;1.632993161855452;1.5;3
57;2020;1;2.449489742783178;0;4;0.7857142857142857;1.632993161855452;1.5;3
57;2021;0;2.449489742783178;0;3;0.7857142857142857;1.632993161855452;1.5;3
57;2022;0;2.449489742783178;0;2;0.7857142857142857;1.632993161855452;1.5;3
58;2019;53;37.96709101313926;15;91;0.8696746539833039;25.311394008759507;1.5;3
58;2020;37;37.96709101313926;0;75;0.8696746539833039;25.311394008759507;1.5;3
58;2021;21;37.96709101313926;0;59;0.8696746539833039;25.311394008759507;1.5;3
58;2022;5;37.96709101313926;0;43;0.8696746539833039;25.311394008759507;1.5;3
59;2019;2;1.632993161855452;0;3;0.9999999999999998;1.632993161855452;1.0;3
59;2020;2;1.632993161855452;0;3;0.9999999999999998;1.632993161855452;1.0;3
59;2021;2;1.632993161855452;0;3;0.9999999999999998;1.632993161855452;1.0;3
59;2022;2;1.632993161855452;0;3;0.9999999999999998;1.632993161855452;1.0;3
60;2019;0;0.0;0;0;;0.0;2.5;3
60;2020;0;0.0;0;0;;0.0;2.5;3
60;2021;0;0.0;0;0;;0.0;2.5;3
60;2022;0;0.0;0;0;;0.0;2.5;3
61;2019;4;0.816496580927726;3;4;1.0;0.816496580927726;1.0;3
61;2020;5;0.816496580927726;4;5;1.0;0.816496580927726;1.0;3
61;2021;6;0.816496580927726;5;6;1.0;0.816496580927726;1.0;3
61;2022;7;0.816496580927726;6;7;1.0;0.816496580927726;1.0;3
62;2019;1;2.4494897427831783;0;3;-1.0;2.4494897427831783;1.0;3
62;2020;1;2.4494897427831783;0;3;-1.0;2.4494897427831783;1.0;3
62;2021;1;2.4494897427831783;0;3;-1.0;2.4494897427831783;1.0;3
62;2022;1;2.4494897427831783;0;3;-1.0;2.4494897427831783;1.0;3
63;2019;4;5.715476066494083;0;10;0.9707253433941508;5.715476066494083;1.0;3
63;2020;3;5.715476066494083;0;9;0.9707253433941508;5.715476066494083;1.0;3
63;2021;2;5.715476066494083;0;8;0.9707253433941508;5.715476066494083;1.0;3
63;2022;1;5.715476066494083;0;7;0.9707253433941508;5.715476066494083;1.0;3
64;2019;2;2.449489742783178;0;4;0.5;1.224744871391589;2.0;3
64;2020;1;2.449489742783178;0;3;0.5;1.224744871391589;2.0;3
64;2021;0;2.449489742783178;0;3;0.5;1.224744871391589;2.0;3
64;2022;0;2.449489742783178;0;2;0.5;1.224744871391589;2.0;3
65;2019;0;0.0;0;0;;0.0;2.5;3
65;2020;0;0.0;0;0;;0.0;2.5;3
65;2021;0;0.0;0;0;;0.0;2.5;3
65;2022;0;0.0;0;0;;0.0;2.5;3
66;2019;1;2.041241452319315;0;3;0.0;0.816496580927726;2.5;3
66;2020;1;2.041241452319315;0;3;0.0;0.816496580927726;2.5;3
66;2021;1;2.041241452319315;0;3;0.0;0.816496580927726;2.5;3
66;2022;1;2.041241452319315;0;3;0.0;0.816496580927726;2.5;3
67;2019;0;2.041241452319315;0;2;0.4999999999999999;0.816496580927726;2.5;3
67;2020;1;2.041241452319315;0;3;0.4999999999999999;0.816496580927726;2.5;3
67;2021;2;2.041241452319315;0;4;0.4999999999999999;0.816496580927726;2.5;3
67;2022;3;2.041241452319315;1;5;0.4999999999999999;0.816496580927726;2.5;3
68;2019;43;141.45803264572854;0;184;0.8622521381353088;94.30535509715236;1.5;3
68;2020;42;141.45803264572854;0;183;0.8622521381353088;94.30535509715236;1.5;3
68;2021;42;141.45803264572854;0;183;0.8622521381353088;94.30535509715236;1.5;3
68;2022;41;141.45803264572854;0;182;0.8622521381353088;94.30535509715236;1.5;3
69;2019;0;1.0206207261596576;0;1;;0.408248290463863;2.5;3
69;2020;0;1.0206207261596576;0;1;;0.408248290463863;2.5;3
69;2021;1;1.0206207261596576;0;2;;0.408248290463863;2.5;3
69;2022;1;1.0206207261596576;0;2;;0.408248290463863;2.5;3
70;2019;0;0.0;0;0;;0.0;2.5;3
70;2020;0;0.0;0;0;;0.0;2.5;3
70;2021;0;0.0;0;0;;0.0;2.5;3
70;2022;0;0.0;0;0;;0.0;2.5;3
71;2019;0;1.632993161855452;0;2;0.5;0.816496580927726;2.0;3
71;2020;0;1.632993161855452;0;2;0.5;0.816496580927726;2.0;3
71;2021;0;1.632993161855452;0;2;0.5;0.816496580927726;2.0;3
71;2022;0;1.632993161855452;0;2;0.5;0.816496580927726;2.0;3
72;2019;133;32.45573909187711;100;165;-0.7688424466963095;21.637159394584742;1.5;3
72;2020;95;32.45573909187711;63;128;-0.7688424466963095;21.637159394584742;1.5;3
72;2021;58;32.45573909187711;25;90;-0.7688424466963095;21.637159394584742;1.5;3
72;2022;20;32.45573909187711;0;53;-0.7688424466963095;21.637159394584742;1.5;3
73;2019;0;0.816496580927726;0;1;0.5;0.408248290463863;2.0;3
73;2020;0;0.816496580927726;0;1;0.5;0.408248290463863;2.0;3
73;2021;1;0.816496580927726;0;2;0.5;0.408248290463863;2.0;3
73;2022;1;0.816496580927726;1;2;0.5;0.408248290463863;2.0;3
74;2019;0;0.816496580927726;0;1;-0.5;0.408248290463863;2.0;3
74;2020;0;0.816496580927726;0;1;-0.5;0.408248290463863;2.0;3
74;2021;1;0.816496580927726;0;2;-0.5;0.408248290463863;2.0;3
74;2022;1;0.816496580927726;1;2;-0.5;0.408248290463863;2.0;3
75;2019;0;1.0206207261596576;0;1;;0.408248290463863;2.5;3
75;2020;0;1.0206207261596576;0;1;;0.408248290463863;2.5;3
75;2021;1;1.0206207261596576;0;2;;0.408248290463863;2.5;3
75;2022;1;1.0206207261596576;0;2;;0.408248290463863;2.5;3
76;2019;4;1.224744871391589;2;5;0.9607689228305228;1.224744871391589;1.0;3
76;2020;4;1.224744871391589;3;5;0.9607689228305228;1.224744871391589;1.0;3
76;2021;4;1.224744871391589;3;6;0.9607689228305228;1.224744871391589;1.0;3
76;2022;5;1.224744871391589;4;6;0.9607689228305228;1.224744871391589;1.0;3
77;2019;1;4.898979485566357;0;6;-0.5000000000000002;2.4494897427831783;2.0;3
77;2020;1;4.898979485566357;0;6;-0.5000000000000002;2.4494897427831783;2.0;3
77;2021;1;4.898979485566357;0;6;-0.5000000000000002;2.4494897427831783;2.0;3
77;2022;1;4.898979485566357;0;6;-0.5000000000000002;2.4494897427831783;2.0;3
78;2019;0;2.041241452319315;0;2;;0.816496580927726;2.5;3
78;2020;0;2.041241452319315;0;2;;0.816496580927726;2.5;3
78;2021;0;2.041241452319315;0;2;;0.816496580927726;2.5;3
78;2022;0;2.041241452319315;0;2;;0.816496580927726;2.5;3
79;2019;7;2.449489742783178;4;9;0.7777137710478189;1.632993161855452;1.5;3
79;2020;4;2.449489742783178;1;6;0.7777137710478189;1.632993161855452;1.5;3
79;2021;1;2.449489742783178;0;3;0.7777137710478189;1.632993161855452;1.5;3
79;2022;0;2.449489742783178;0;0;0.7777137710478189;1.632993161855452;1.5;3
80;2019;1;1.0206207261596576;0;2;0.27735009811261463;0.408248290463863;2.5;3
80;2020;0;1.0206207261596576;0;1;0.27735009811261463;0.408248290463863;2.5;3
80;2021;0;1.0206207261596576;0;1;0.27735009811261463;0.408248290463863;2.5;3
80;2022;0;1.0206207261596576;0;0;0.27735009811261463;0.408248290463863;2.5;3
81;2019;2;3.6742346141747673;0;5;0.9966158955401239;3.6742346141747673;1.0;3
81;2020;3;3.6742346141747673;0;7;0.9966158955401239;3.6742346141747673;1.0;3
81;2021;4;3.6742346141747673;1;8;0.9966158955401239;3.6742346141747673;1.0;3
81;2022;6;3.6742346141747673;2;10;0.9966158955401239;3.6742346141747673;1.0;3
82;2019;13;5.307227776030219;8;18;-0.9819805060619655;5.307227776030219;1.0;3
82;2020;7;5.307227776030219;2;13;-0.9819805060619655;5.307227776030219;1.0;3
82;2021;2;5.307227776030219;0;7;-0.9819805060619655;5.307227776030219;1.0;3
82;2022;0;5.307227776030219;0;2;-0.9819805060619655;5.307227776030219;1.0;3
83;2019;1;0.0;1;1;;0.0;2.5;3
83;2020;1;0.0;1;1;;0.0;2.5;3
83;2021;1;0.0;1;1;;0.0;2.5;3
83;2022;1;0.0;1;1;;0.0;2.5;3
84;2019;5;0.0;5;5;;0.0;2.5;3
84;2020;3;0.0;3;3;;0.0;2.5;3
84;2021;1;0.0;1;1;;0.0;2.5;3
84;2022;0;0.0;0;0;;0.0;2.5;3
85;2019;2;1.632993161855452;1;4;-0.5;0.816496580927726;2.0;3
85;2020;1;1.632993161855452;0;3;-0.5;0.816496580927726;2.0;3
85;2021;0;1.632993161855452;0;2;-0.5;0.816496580927726;2.0;3
85;2022;0;1.632993161855452;0;1;-0.5;0.816496580927726;2.0;3
86;2019;2;0.408248290463863;1;2;-0.9707253433941511;0.408248290463863;1.0;3
86;2020;2;0.408248290463863;2;3;-0.9707253433941511;0.408248290463863;1.0;3
86;2021;3;0.408248290463863;2;3;-0.9707253433941511;0.408248290463863;1.0;3
86;2022;3;0.408248290463863;3;4;-0.9707253433941511;0.408248290463863;1.0;3
87;2019;6;4.0824829046386295;2;10;-0.9365989569224606;4.0824829046386295;1.0;3
87;2020;10;4.0824829046386295;6;14;-0.9365989569224606;4.0824829046386295;1.0;3
87;2021;14;4.0824829046386295;10;18;-0.9365989569224606;4.0824829046386295;1.0;3
87;2022;18;4.0824829046386295;14;22;-0.9365989569224606;4.0824829046386295;1.0;3
88;2019;16;8.16496580927726;8;24;0.27268554259578714;3.265986323710904;2.5;3
88;2020;13;8.16496580927726;5;21;0.27268554259578714;3.265986323710904;2.5;3
88;2021;10;8.16496580927726;2;18;0.27268554259578714;3.265986323710904;2.5;3
88;2022;7;8.16496580927726;0;15;0.27268554259578714;3.265986323710904;2.5;3
89;2019;1;1.0206207261596576;0;2;;0.408248290463863;2.5;3
89;2020;1;1.0206207261596576;0;2;;0.408248290463863;2.5;3
89;2021;0;1.0206207261596576;0;1;;0.408248290463863;2.5;3
89;2022;0;1.0206207261596576;0;1;;0.408248290463863;2.5;3
90;2019;2;8.16496580927726;0;10;0.1889822365046136;3.265986323710904;2.5;3
90;2020;2;8.16496580927726;0;10;0.1889822365046136;3.265986323710904;2.5;3
90;2021;2;8.16496580927726;0;10;0.1889822365046136;3.265986323710904;2.5;3
90;2022;2;8.16496580927726;0;10;0.1889822365046136;3.265986323710904;2.5;3
91;2019;0;3.0618621784789726;0;4;0.1889822365046136;1.224744871391589;2.5;3
91;2020;3;3.0618621784789726;0;6;0.1889822365046136;1.224744871391589;2.5;3
91;2021;6;3.0618621784789726;2;9;0.1889822365046136;1.224744871391589;2.5;3
91;2022;8;3.0618621784789726;5;11;0.1889822365046136;1.224744871391589;2.5;3
92;2019;1;8.16496580927726;0;9;0.4999999999999999;3.265986323710904;2.5;3
92;2020;1;8.16496580927726;0;9;0.4999999999999999;3.265986323710904;2.5;3
92;2021;1;8.16496580927726;0;9;0.4999999999999999;3.265986323710904;2.5;3
92;2022;1;8.16496580927726;0;9;0.4999999999999999;3.265986323710904;2.5;3
94;2019;1;2.041241452319315;0;3;;0.816496580927726;2.5;3
94;2020;2;2.041241452319315;0;4;;0.816496580927726;2.5;3
94;2021;3;2.041241452319315;1;5;;0.816496580927726;2.5;3
94;2022;4;2.041241452319315;2;6;;0.816496580927726;2.5;3
95;2019;0;0.408248290463863;0;0;0.9999999999999998;0.408248290463863;1.0;3
95;2020;0;0.408248290463863;0;1;0.9999999999999998;0.408248290463863;1.0;3
95;2021;1;0.408248290463863;0;1;0.9999999999999998;0.408248290463863;1.0;3
95;2022;1;0.408248290463863;1;2;0.9999999999999998;0.408248290463863;1.0;3
96;2019;1;4.08248290463863;0;5;-0.1889822365046136;1.632993161855452;2.5;3
96;2020;1;4.08248290463863;0;5;-0.1889822365046136;1.632993161855452;2.5;3
96;2021;1;4.08248290463863;0;5;-0.1889822365046136;1.632993161855452;2.5;3
96;2022;1;4.08248290463863;0;5;-0.1889822365046136;1.632993161855452;2.5;3
97;2019;15;9.389710680668848;6;25;0.9131831789997477;9.389710680668848;1.0;3
97;2020;13;9.389710680668848;3;22;0.9131831789997477;9.389710680668848;1.0;3
97;2021;10;9.389710680668848;1;20;0.9131831789997477;9.389710680668848;1.0;3
97;2022;8;9.389710680668848;0;17;0.9131831789997477;9.389710680668848;1.0;3
98;2019;6;4.898979485566356;1;11;0.998625428903524;4.898979485566356;1.0;3
98;2020;5;4.898979485566356;0;10;0.998625428903524;4.898979485566356;1.0;3
98;2021;4;4.898979485566356;0;9;0.998625428903524;4.898979485566356;1.0;3
98;2022;3;4.898979485566356;0;8;0.998625428903524;4.898979485566356;1.0;3
99;2019;3;0.408248290463863;2;3;-0.9819805060619656;0.408248290463863;1.0;3
99;2020;1;0.408248290463863;1;2;-0.9819805060619656;0.408248290463863;1.0;3
99;2021;0;0.408248290463863;0;0;-0.9819805060619656;0.408248290463863;1.0;3
99;2022;0;0.408248290463863;0;0;-0.9819805060619656;0.408248290463863;1.0;3
100;2019;1;4.898979485566357;0;6;-0.5;2.4494897427831783;2.0;3
100;2020;1;4.898979485566357;0;6;-0.5;2.4494897427831783;2.0;3
100;2021;1;4.898979485566357;0;6;-0.5;2.4494897427831783;2.0;3
100;2022;1;4.898979485566357;0;6;-0.5;2.4494897427831783;2.0;3
101;2019;2;2.0412414523193156;0;4;0.0;0.8164965809277263;2.5;3
101;2020;2;2.0412414523193156;0;4;0.0;0.8164965809277263;2.5;3
101;2021;2;2.0412414523193156;0;4;0.0;0.8164965809277263;2.5;3
101;2022;2;2.0412414523193156;0;4;0.0;0.8164965809277263;2.5;3
102;2019;1;3.265986323710904;0;4;0.944911182523068;3.265986323710904;1.0;3
102;2020;3;3.265986323710904;0;6;0.944911182523068;3.265986323710904;1.0;3
102;2021;5;3.265986323710904;1;8;0.944911182523068;3.265986323710904;1.0;3
102;2022;7;3.265986323710904;3;10;0.944911182523068;3.265986323710904;1.0;3
103;2019;2;9.185586535436919;0;11;;3.6742346141747673;2.5;3
103;2020;2;9.185586535436919;0;11;;3.6742346141747673;2.5;3
103;2021;2;9.185586535436919;0;12;;3.6742346141747673;2.5;3
103;2022;3;9.185586535436919;0;12;;3.6742346141747673;2.5;3
104;2019;8;7.3484692283495345;1;16;-0.6546536707079772;3.6742346141747673;2.0;3
104;2020;8;7.3484692283495345;1;15;-0.6546536707079772;3.6742346141747673;2.0;3
104;2021;8;7.3484692283495345;0;15;-0.6546536707079772;3.6742346141747673;2.0;3
104;2022;7;7.3484692283495345;0;14;-0.6546536707079772;3.6742346141747673;2.0;3
105;2019;0;2.041241452319315;0;2;;0.816496580927726;2.5;3
105;2020;1;2.041241452319315;0;3;;0.816496580927726;2.5;3
105;2021;2;2.041241452319315;0;4;;0.816496580927726;2.5;3
105;2022;3;2.041241452319315;1;5;;0.816496580927726;2.5;3
106;2019;2;9.185586535436919;0;11;;3.6742346141747673;2.5;3
106;2020;5;9.185586535436919;0;14;;3.6742346141747673;2.5;3
106;2021;8;9.185586535436919;0;18;;3.6742346141747673;2.5;3
106;2022;12;9.185586535436919;3;21;;3.6742346141747673;2.5;3
107;2019;1;1.0206207261596576;0;2;;0.408248290463863;2.5;3
107;2020;0;1.0206207261596576;0;1;;0.408248290463863;2.5;3
107;2021;0;1.0206207261596576;0;1;;0.408248290463863;2.5;3
107;2022;0;1.0206207261596576;0;0;;0.408248290463863;2.5;3
108;2019;0;0.0;0;0;;0.0;2.5;3
108;2020;0;0.0;0;0;;0.0;2.5;3
108;2021;0;0.0;0;0;;0.0;2.5;3
108;2022;0;0.0;0;0;;0.0;2.5;3
109;2019;12;15.309310892394866;0;27;-0.8440066841067252;10.206207261596576;1.5;3
109;2020;11;15.309310892394866;0;26;-0.8440066841067252;10.206207261596576;1.5;3
109;2021;9;15.309310892394866;0;24;-0.8440066841067252;10.206207261596576;1.5;3
109;2022;8;15.309310892394866;0;23;-0.8440066841067252;10.206207261596576;1.5;3
110;2019;11;6.123724356957945;5;17;-0.802955068546966;4.08248290463863;1.5;3
110;2020;5;6.123724356957945;0;11;-0.802955068546966;4.08248290463863;1.5;3
110;2021;0;6.123724356957945;0;5;-0.802955068546966;4.08248290463863;1.5;3
110;2022;0;6.123724356957945;0;0;-0.802955068546966;4.08248290463863;1.5;3
111;2019;0;0.0;0;0;;0.0;2.5;3
111;2020;0;0.0;0;0;;0.0;2.5;3
111;2021;0;0.0;0;0;;0.0;2.5;3
111;2022;0;0.0;0;0;;0.0;2.5;3
112;2019;0;0.0;0;0;;0.0;2.5;3
112;2020;0;0.0;0;0;;0.0;2.5;3
112;2021;0;0.0;0;0;;0.0;2.5;3
112;2022;0;0.0;0;0;;0.0;2.5;3
113;2019;6;9.185586535436919;0;15;-0.19743679743474615;3.6742346141747673;2.5;3
113;2020;3;9.185586535436919;0;12;-0.19743679743474615;3.6742346141747673;2.5;3
113;2021;0;9.185586535436919;0;10;-0.19743679743474615;3.6742346141747673;2.5;3
113;2022;0;9.185586535436919;0;7;-0.19743679743474615;3.6742346141747673;2.5;3
114;2019;0;1.8371173070873834;0;2;-0.8660254037844387;1.224744871391589;1.5;3
114;2020;1;1.8371173070873834;0;3;-0.8660254037844387;1.224744871391589;1.5;3
114;2021;2;1.8371173070873834;0;3;-0.8660254037844387;1.224744871391589;1.5;3
114;2022;2;1.8371173070873834;0;4;-0.8660254037844387;1.224744871391589;1.5;3
115;2019;1;1.0206207261596576;0;2;0.3871471347966618;0.408248290463863;2.5;3
115;2020;3;1.0206207261596576;2;4;0.3871471347966618;0.408248290463863;2.5;3
115;2021;4;1.0206207261596576;3;5;0.3871471347966618;0.408248290463863;2.5;3
115;2022;6;1.0206207261596576;5;7;0.3871471347966618;0.408248290463863;2.5;3
116;2019;8;39.80420832022665;0;47;;15.921683328090658;2.5;3
116;2020;7;39.80420832022665;0;47;;15.921683328090658;2.5;3
116;2021;6;39.80420832022665;0;46;;15.921683328090658;2.5;3
116;2022;6;39.80420832022665;0;46;;15.921683328090658;2.5;3
117;2019;1;0.0;1;1;0.0;0.0;2.5;3
117;2020;4;0.0;4;4;0.0;0.0;2.5;3
117;2021;7;0.0;7;7;0.0;0.0;2.5;3
117;2022;10;0.0;10;10;0.0;0.0;2.5;3
118;2019;1;1.0206207261596576;0;2;-0.4999999999999999;0.408248290463863;2.5;3
118;2020;1;1.0206207261596576;0;2;-0.4999999999999999;0.408248290463863;2.5;3
118;2021;0;1.0206207261596576;0;1;-0.4999999999999999;0.408248290463863;2.5;3
118;2022;0;1.0206207261596576;0;1;-0.4999999999999999;0.408248290463863;2.5;3
120;2019;6;5.103103630798288;1;11;-0.4793171562066796;2.041241452319315;2.5;3
120;2020;3;5.103103630798288;0;8;-0.4793171562066796;2.041241452319315;2.5;3
120;2021;0;5.103103630798288;0;4;-0.4793171562066796;2.041241452319315;2.5;3
120;2022;0;5.103103630798288;0;1;-0.4793171562066796;2.041241452319315;2.5;3
121;2019;8;8.16496580927726;0;16;-0.3223173164359461;3.265986323710904;2.5;3
121;2020;7;8.16496580927726;0;15;-0.3223173164359461;3.265986323710904;2.5;3
121;2021;6;8.16496580927726;0;14;-0.3223173164359461;3.265986323710904;2.5;3
121;2022;5;8.16496580927726;0;13;-0.3223173164359461;3.265986323710904;2.5;3
122;2019;22;6.73609679265374;15;29;0.8193017719169177;4.4907311951024935;1.5;3
122;2020;16;6.73609679265374;9;22;0.8193017719169177;4.4907311951024935;1.5;3
122;2021;9;6.73609679265374;2;16;0.8193017719169177;4.4907311951024935;1.5;3
122;2022;3;6.73609679265374;0;9;0.8193017719169177;4.4907311951024935;1.5;3
123;2019;0;1.224744871391589;0;2;-0.7559289460184544;0.816496580927726;1.5;3
123;2020;0;1.224744871391589;0;2;-0.7559289460184544;0.816496580927726;1.5;3
123;2021;0;1.224744871391589;0;2;-0.7559289460184544;0.816496580927726;1.5;3
123;2022;0;1.224744871391589;0;2;-0.7559289460184544;0.816496580927726;1.5;3
124;2019;1;5.715476066494083;0;7;0.6933752452815366;2.8577380332470415;2.0;3
124;2020;2;5.715476066494083;0;7;0.6933752452815366;2.8577380332470415;2.0;3
124;2021;2;5.715476066494083;0;8;0.6933752452815366;2.8577380332470415;2.0;3
124;2022;3;5.715476066494083;0;8;0.6933752452815366;2.8577380332470415;2.0;3
125;2019;10;6.53197264742181;3;16;-0.5;3.265986323710905;2.0;3
125;2020;10;6.53197264742181;3;16;-0.5;3.265986323710905;2.0;3
125;2021;10;6.53197264742181;3;16;-0.5;3.265986323710905;2.0;3
125;2022;10;6.53197264742181;3;16;-0.5;3.265986323710905;2.0;3
126;2019;1;2.041241452319315;0;3;0.4999999999999999;0.816496580927726;2.5;3
126;2020;1;2.041241452319315;0;3;0.4999999999999999;0.816496580927726;2.5;3
126;2021;1;2.041241452319315;0;3;0.4999999999999999;0.816496580927726;2.5;3
126;2022;1;2.041241452319315;0;3;0.4999999999999999;0.816496580927726;2.5;3
127;2019;26;3.061862178478972;23;29;-0.8918165500122615;2.0412414523193148;1.5;3
127;2020;17;3.061862178478972;14;20;-0.8918165500122615;2.0412414523193148;1.5;3
127;2021;7;3.061862178478972;4;10;-0.8918165500122615;2.0412414523193148;1.5;3
127;2022;0;3.061862178478972;0;1;-0.8918165500122615;2.0412414523193148;1.5;3
128;2019;0;0.6123724356957945;0;0;0.8660254037844385;0.408248290463863;1.5;3
128;2020;0;0.6123724356957945;0;1;0.8660254037844385;0.408248290463863;1.5;3
128;2021;1;0.6123724356957945;0;1;0.8660254037844385;0.408248290463863;1.5;3
128;2022;1;0.6123724356957945;1;2;0.8660254037844385;0.408248290463863;1.5;3
129;2019;11;2.0412414523193148;9;13;-0.9773555548504419;2.0412414523193148;1.0;3
129;2020;6;2.0412414523193148;4;8;-0.9773555548504419;2.0412414523193148;1.0;3
129;2021;2;2.0412414523193148;0;4;-0.9773555548504419;2.0412414523193148;1.0;3
129;2022;0;2.0412414523193148;0;0;-0.9773555548504419;2.0412414523193148;1.0;3
130;2019;2;0.408248290463863;1;2;1.0;0.408248290463863;1.0;3
130;2020;2;0.408248290463863;2;3;1.0;0.408248290463863;1.0;3
130;2021;3;0.408248290463863;2;3;1.0;0.408248290463863;1.0;3
130;2022;3;0.408248290463863;3;4;1.0;0.408248290463863;1.0;3
131;2019;0;0.0;0;0;;0.0;2.5;3
131;2020;0;0.0;0;0;;0.0;2.5;3
131;2021;0;0.0;0;0;;0.0;2.5;3
131;2022;0;0.0;0;0;;0.0;2.5;3
132;2019;2;13.268069440075546;0;15;-0.13206763594884358;5.307227776030219;2.5;3
132;2020;3;13.268069440075546;0;16;-0.13206763594884358;5.307227776030219;2.5;3
132;2021;3;13.268069440075546;0;16;-0.13206763594884358;5.307227776030219;2.5;3
132;2022;4;13.268069440075546;0;17;-0.13206763594884358;5.307227776030219;2.5;3
133;2019;138;279.6500789677462;0;418;-0.17340089059320912;111.86003158709848;2.5;3
133;2020;116;279.6500789677462;0;396;-0.17340089059320912;111.86003158709848;2.5;3
133;2021;94;279.6500789677462;0;374;-0.17340089059320912;111.86003158709848;2.5;3
133;2022;72;279.6500789677462;0;352;-0.17340089059320912;111.86003158709848;2.5;3
134;2019;0;2.041241452319315;0;2;0.4999999999999999;0.816496580927726;2.5;3
134;2020;0;2.041241452319315;0;2;0.4999999999999999;0.816496580927726;2.5;3
134;2021;0;2.041241452319315;0;2;0.4999999999999999;0.816496580927726;2.5;3
134;2022;0;2.041241452319315;0;2;0.4999999999999999;0.816496580927726;2.5;3
135;2019;97;24.49489742783178;73;121;-0.2033519671140078;9.797958971132712;2.5;3
135;2020;74;24.49489742783178;50;98;-0.2033519671140078;9.797958971132712;2.5;3
135;2021;51;24.49489742783178;27;75;-0.2033519671140078;9.797958971132712;2.5;3
135;2022;28;24.49489742783178;4;52;-0.2033519671140078;9.797958971132712;2.5;3
136;2019;0;0.816496580927726;0;1;-0.5;0.408248290463863;2.0;3
136;2020;0;0.816496580927726;0;1;-0.5;0.408248290463863;2.0;3
136;2021;1;0.816496580927726;0;2;-0.5;0.408248290463863;2.0;3
136;2022;1;0.816496580927726;1;2;-0.5;0.408248290463863;2.0;3
137;2019;0;4.0824829046386295;0;4;-0.5;2.0412414523193148;2.0;3
137;2020;2;4.0824829046386295;0;6;-0.5;2.0412414523193148;2.0;3
137;2021;3;4.0824829046386295;0;7;-0.5;2.0412414523193148;2.0;3
137;2022;5;4.0824829046386295;1;9;-0.5;2.0412414523193148;2.0;3
138;2019;0;1.632993161855452;0;1;-0.5;0.816496580927726;2.0;3
138;2020;1;1.632993161855452;0;2;-0.5;0.816496580927726;2.0;3
138;2021;2;1.632993161855452;0;3;-0.5;0.816496580927726;2.0;3
138;2022;3;1.632993161855452;1;4;-0.5;0.816496580927726;2.0;3
139;2019;0;0.0;0;0;;0.0;2.5;3
139;2020;0;0.0;0;0;;0.0;2.5;3
139;2021;0;0.0;0;0;;0.0;2.5;3
139;2022;0;0.0;0;0;;0.0;2.5;3
140;2019;0;0.816496580927726;0;1;0.9449111825230679;0.816496580927726;1.0;3
140;2020;0;0.816496580927726;0;1;0.9449111825230679;0.816496580927726;1.0;3
140;2021;0;0.816496580927726;0;1;0.9449111825230679;0.816496580927726;1.0;3
140;2022;0;0.816496580927726;0;1;0.9449111825230679;0.816496580927726;1.0;3
141;2019;3;4.898979485566356;0;8;0.826033187630902;3.265986323710904;1.5;3
141;2020;4;4.898979485566356;0;9;0.826033187630902;3.265986323710904;1.5;3
141;2021;5;4.898979485566356;0;10;0.826033187630902;3.265986323710904;1.5;3
141;2022;6;4.898979485566356;1;11;0.826033187630902;3.265986323710904;1.5;3
142;2019;0;0.816496580927726;0;1;0.9999999999999998;0.816496580927726;1.0;3
142;2020;1;0.816496580927726;1;2;0.9999999999999998;0.816496580927726;1.0;3
142;2021;2;0.816496580927726;2;3;0.9999999999999998;0.816496580927726;1.0;3
142;2022;3;0.816496580927726;3;4;0.9999999999999998;0.816496580927726;1.0;3
143;2019;11;14.288690166235208;0;26;-0.4488198175859584;5.715476066494083;2.5;3
143;2020;12;14.288690166235208;0;27;-0.4488198175859584;5.715476066494083;2.5;3
143;2021;13;14.288690166235208;0;28;-0.4488198175859584;5.715476066494083;2.5;3
143;2022;14;14.288690166235208;0;29;-0.4488198175859584;5.715476066494083;2.5;3
144;2019;2;0.6123724356957945;2;3;-0.8029550685469663;0.408248290463863;1.5;3
144;2020;2;0.6123724356957945;1;2;-0.8029550685469663;0.408248290463863;1.5;3
144;2021;1;0.6123724356957945;1;2;-0.8029550685469663;0.408248290463863;1.5;3
144;2022;1;0.6123724356957945;0;1;-0.8029550685469663;0.408248290463863;1.5;3
145;2019;0;1.632993161855452;0;2;-0.5;0.816496580927726;2.0;3
145;2020;0;1.632993161855452;0;2;-0.5;0.816496580927726;2.0;3
145;2021;0;1.632993161855452;0;2;-0.5;0.816496580927726;2.0;3
145;2022;0;1.632993161855452;0;2;-0.5;0.816496580927726;2.0;3
146;2019;0;0.816496580927726;0;1;0.9999999999999998;0.816496580927726;1.0;3
146;2020;0;0.816496580927726;0;1;0.9999999999999998;0.816496580927726;1.0;3
146;2021;0;0.816496580927726;0;1;0.9999999999999998;0.816496580927726;1.0;3
146;2022;0;0.816496580927726;0;1;0.9999999999999998;0.816496580927726;1.0;3
147;2019;30;2.449489742783178;27;32;-0.6087800509739923;1.224744871391589;2.0;3
147;2020;19;2.449489742783178;17;21;-0.6087800509739923;1.224744871391589;2.0;3
147;2021;8;2.449489742783178;6;11;-0.6087800509739923;1.224744871391589;2.0;3
147;2022;0;2.449489742783178;0;0;-0.6087800509739923;1.224744871391589;2.0;3
148;2019;0;0.0;0;0;;0.0;2.5;3
148;2020;0;0.0;0;0;;0.0;2.5;3
148;2021;0;0.0;0;0;;0.0;2.5;3
148;2022;0;0.0;0;0;;0.0;2.5;3
149;2019;0;1.0206207261596576;0;1;-0.4999999999999999;0.408248290463863;2.5;3
149;2020;0;1.0206207261596576;0;1;-0.4999999999999999;0.408248290463863;2.5;3
149;2021;1;1.0206207261596576;0;2;-0.4999999999999999;0.408248290463863;2.5;3
149;2022;1;1.0206207261596576;0;2;-0.4999999999999999;0.408248290463863;2.5;3
150;2019;0;1.0206207261596576;0;1;0.4999999999999999;0.408248290463863;2.5;3
150;2020;0;1.0206207261596576;0;1;0.4999999999999999;0.408248290463863;2.5;3
150;2021;1;1.0206207261596576;0;2;0.4999999999999999;0.408248290463863;2.5;3
150;2022;1;1.0206207261596576;0;2;0.4999999999999999;0.408248290463863;2.5;3
151;2019;0;0.0;0;0;;0.0;2.5;3
151;2020;0;0.0;0;0;;0.0;2.5;3
151;2021;0;0.0;0;0;;0.0;2.5;3
151;2022;0;0.0;0;0;;0.0;2.5;3
152;2019;0;2.041241452319315;0;2;0.0;0.816496580927726;2.5;3
152;2020;1;2.041241452319315;0;3;0.0;0.816496580927726;2.5;3
152;2021;2;2.041241452319315;0;4;0.0;0.816496580927726;2.5;3
152;2022;3;2.041241452319315;1;5;0.0;0.816496580927726;2.5;3
154;2019;0;1.0206207261596576;0;1;0.18898223650461354;0.408248290463863;2.5;3
154;2020;1;1.0206207261596576;0;2;0.18898223650461354;0.408248290463863;2.5;3
154;2021;1;1.0206207261596576;0;2;0.18898223650461354;0.408248290463863;2.5;3
154;2022;2;1.0206207261596576;1;3;0.18898223650461354;0.408248290463863;2.5;3
155;2019;3;16.32993161855452;0;19;0.4999999999999999;6.531972647421808;2.5;3
155;2020;3;16.32993161855452;0;19;0.4999999999999999;6.531972647421808;2.5;3
155;2021;3;16.32993161855452;0;19;0.4999999999999999;6.531972647421808;2.5;3
155;2022;3;16.32993161855452;0;19;0.4999999999999999;6.531972647421808;2.5;3
156;2019;2;0.0;2;2;;0.0;2.5;3
156;2020;1;0.0;1;1;;0.0;2.5;3
156;2021;0;0.0;0;0;;0.0;2.5;3
156;2022;0;0.0;0;0;;0.0;2.5;3
157;2019;1;2.4494897427831783;0;3;1.0;2.4494897427831783;1.0;3
157;2020;1;2.4494897427831783;0;3;1.0;2.4494897427831783;1.0;3
157;2021;1;2.4494897427831783;0;3;1.0;2.4494897427831783;1.0;3
157;2022;1;2.4494897427831783;0;3;1.0;2.4494897427831783;1.0;3
158;2019;8;1.632993161855452;6;9;-0.5;0.816496580927726;2.0;3
158;2020;7;1.632993161855452;5;8;-0.5;0.816496580927726;2.0;3
158;2021;6;1.632993161855452;4;7;-0.5;0.816496580927726;2.0;3
158;2022;5;1.632993161855452;3;6;-0.5;0.816496580927726;2.0;3
159;2019;2;0.6123724356957945;1;2;0.8660254037844387;0.408248290463863;1.5;3
159;2020;1;0.6123724356957945;1;2;0.8660254037844387;0.408248290463863;1.5;3
159;2021;1;0.6123724356957945;0;1;0.8660254037844387;0.408248290463863;1.5;3
159;2022;0;0.6123724356957945;0;1;0.8660254037844387;0.408248290463863;1.5;3
160;2019;1;0.408248290463863;0;1;1.0;0.408248290463863;1.0;3
160;2020;0;0.408248290463863;0;1;1.0;0.408248290463863;1.0;3
160;2021;0;0.408248290463863;0;0;1.0;0.408248290463863;1.0;3
160;2022;0;0.408248290463863;0;0;1.0;0.408248290463863;1.0;3
161;2019;4;0.816496580927726;3;4;-0.9707253433941508;0.816496580927726;1.0;3
161;2020;3;0.816496580927726;2;3;-0.9707253433941508;0.816496580927726;1.0;3
161;2021;2;0.816496580927726;1;2;-0.9707253433941508;0.816496580927726;1.0;3
161;2022;1;0.816496580927726;0;1;-0.9707253433941508;0.816496580927726;1.0;3
162;2019;32;2.449489742783178;30;35;-0.8805157254703121;1.632993161855452;1.5;3
162;2020;26;2.449489742783178;24;29;-0.8805157254703121;1.632993161855452;1.5;3
162;2021;20;2.449489742783178;18;23;-0.8805157254703121;1.632993161855452;1.5;3
162;2022;14;2.449489742783178;12;17;-0.8805157254703121;1.632993161855452;1.5;3
163;2019;4;9.185586535436919;0;13;-0.4999999999999999;3.6742346141747673;2.5;3
163;2020;4;9.185586535436919;0;13;-0.4999999999999999;3.6742346141747673;2.5;3
163;2021;4;9.185586535436919;0;14;-0.4999999999999999;3.6742346141747673;2.5;3
163;2022;5;9.185586535436919;0;14;-0.4999999999999999;3.6742346141747673;2.5;3
164;2019;10;6.123724356957945;4;16;-0.43832191842641466;2.449489742783178;2.5;3
164;2020;5;6.123724356957945;0;11;-0.43832191842641466;2.449489742783178;2.5;3
164;2021;0;6.123724356957945;0;6;-0.43832191842641466;2.449489742783178;2.5;3
164;2022;0;6.123724356957945;0;1;-0.43832191842641466;2.449489742783178;2.5;3
165;2019;6;9.185586535436919;0;15;0.37115374447904514;3.6742346141747673;2.5;3
165;2020;6;9.185586535436919;0;15;0.37115374447904514;3.6742346141747673;2.5;3
165;2021;6;9.185586535436919;0;16;0.37115374447904514;3.6742346141747673;2.5;3
165;2022;7;9.185586535436919;0;16;0.37115374447904514;3.6742346141747673;2.5;3
166;2019;3;2.449489742783178;1;6;-0.7559289460184543;1.632993161855452;1.5;3
166;2020;2;2.449489742783178;0;5;-0.7559289460184543;1.632993161855452;1.5;3
166;2021;1;2.449489742783178;0;4;-0.7559289460184543;1.632993161855452;1.5;3
166;2022;0;2.449489742783178;0;3;-0.7559289460184543;1.632993161855452;1.5;3
167;2019;0;0.816496580927726;0;1;0.9449111825230683;0.816496580927726;1.0;3
167;2020;0;0.816496580927726;0;1;0.9449111825230683;0.816496580927726;1.0;3
167;2021;0;0.816496580927726;0;1;0.9449111825230683;0.816496580927726;1.0;3
167;2022;0;0.816496580927726;0;1;0.9449111825230683;0.816496580927726;1.0;3
168;2019;0;0.0;0;0;;0.0;2.5;3
168;2020;0;0.0;0;0;;0.0;2.5;3
168;2021;0;0.0;0;0;;0.0;2.5;3
168;2022;0;0.0;0;0;;0.0;2.5;3
169;2019;1;3.265986323710904;0;5;-0.9999999999999998;3.265986323710904;1.0;3
169;2020;1;3.265986323710904;0;5;-0.9999999999999998;3.265986323710904;1.0;3
169;2021;1;3.265986323710904;0;5;-0.9999999999999998;3.265986323710904;1.0;3
169;2022;1;3.265986323710904;0;5;-0.9999999999999998;3.265986323710904;1.0;3
170;2019;0;0.0;0;0;;0.0;2.5;3
170;2020;0;0.0;0;0;;0.0;2.5;3
170;2021;0;0.0;0;0;;0.0;2.5;3
170;2022;0;0.0;0;0;;0.0;2.5;3
171;2019;2;9.797958971132713;0;12;-0.6933752452815364;4.898979485566357;2.0;3
171;2020;2;9.797958971132713;0;12;-0.6933752452815364;4.898979485566357;2.0;3
171;2021;2;9.797958971132713;0;12;-0.6933752452815364;4.898979485566357;2.0;3
171;2022;2;9.797958971132713;0;12;-0.6933752452815364;4.898979485566357;2.0;3
172;2019;0;0.0;0;0;;0.0;2.5;3
172;2020;0;0.0;0;0;;0.0;2.5;3
172;2021;0;0.0;0;0;;0.0;2.5;3
172;2022;0;0.0;0;0;;0.0;2.5;3
173;2019;0;0.0;0;0;;0.0;2.5;3
173;2020;0;0.0;0;0;;0.0;2.5;3
173;2021;0;0.0;0;0;;0.0;2.5;3
173;2022;0;0.0;0;0;;0.0;2.5;3
174;2019;0;2.041241452319315;0;2;;0.816496580927726;2.5;3
174;2020;0;2.041241452319315;0;2;;0.816496580927726;2.5;3
174;2021;0;2.041241452319315;0;2;;0.816496580927726;2.5;3
174;2022;0;2.041241452319315;0;2;;0.816496580927726;2.5;3
175;2019;0;0.816496580927726;0;1;0.9999999999999998;0.816496580927726;1.0;3
175;2020;0;0.816496580927726;0;1;0.9999999999999998;0.816496580927726;1.0;3
175;2021;0;0.816496580927726;0;1;0.9999999999999998;0.816496580927726;1.0;3
175;2022;0;0.816496580927726;0;1;0.9999999999999998;0.816496580927726;1.0;3
176;2019;6;6.123724356957945;0;12;0.37115374447904514;2.449489742783178;2.5;3
176;2020;4;6.123724356957945;0;10;0.37115374447904514;2.449489742783178;2.5;3
176;2021;2;6.123724356957945;0;8;0.37115374447904514;2.449489742783178;2.5;3
176;2022;0;6.123724356957945;0;6;0.37115374447904514;2.449489742783178;2.5;3
177;2019;12;8.981462390204985;3;21;0.5352593265785323;4.490731195102493;2.0;3
177;2020;12;8.981462390204985;3;21;0.5352593265785323;4.490731195102493;2.0;3
177;2021;13;8.981462390204985;4;22;0.5352593265785323;4.490731195102493;2.0;3
177;2022;13;8.981462390204985;4;22;0.5352593265785323;4.490731195102493;2.0;3
178;2019;1;2.4494897427831783;0;3;1.0;2.4494897427831783;1.0;3
178;2020;1;2.4494897427831783;0;3;1.0;2.4494897427831783;1.0;3
178;2021;1;2.4494897427831783;0;3;1.0;2.4494897427831783;1.0;3
178;2022;1;2.4494897427831783;0;3;1.0;2.4494897427831783;1.0;3
179;2019;0;2.449489742783178;0;2;-0.5000000000000001;1.224744871391589;2.0;3
179;2020;1;2.449489742783178;0;3;-0.5000000000000001;1.224744871391589;2.0;3
179;2021;2;2.449489742783178;0;5;-0.5000000000000001;1.224744871391589;2.0;3
179;2022;4;2.449489742783178;2;6;-0.5000000000000001;1.224744871391589;2.0;3
180;2019;64;101.24557603503803;0;166;0.5074438466463629;50.622788017519014;2.0;3
180;2020;54;101.24557603503803;0;156;0.5074438466463629;50.622788017519014;2.0;3
180;2021;44;101.24557603503803;0;146;0.5074438466463629;50.622788017519014;2.0;3
180;2022;34;101.24557603503803;0;136;0.5074438466463629;50.622788017519014;2.0;3
181;2019;0;4.08248290463863;0;4;;1.632993161855452;2.5;3
181;2020;1;4.08248290463863;0;5;;1.632993161855452;2.5;3
181;2021;2;4.08248290463863;0;6;;1.632993161855452;2.5;3
181;2022;3;4.08248290463863;0;7;;1.632993161855452;2.5;3
182;2019;19;19.595917942265423;0;39;-0.635916896044641;9.797958971132712;2.0;3
182;2020;14;19.595917942265423;0;34;-0.635916896044641;9.797958971132712;2.0;3
182;2021;9;19.595917942265423;0;29;-0.635916896044641;9.797958971132712;2.0;3
182;2022;4;19.595917942265423;0;24;-0.635916896044641;9.797958971132712;2.0;3
183;2019;25;93.08061022576078;0;118;0.8660254037844386;62.05374015050718;1.5;3
183;2020;25;93.08061022576078;0;118;0.8660254037844386;62.05374015050718;1.5;3
183;2021;25;93.08061022576078;0;118;0.8660254037844386;62.05374015050718;1.5;3
183;2022;25;93.08061022576078;0;118;0.8660254037844386;62.05374015050718;1.5;3
184;2019;4;3.0618621784789726;1;8;;1.224744871391589;2.5;3
184;2020;4;3.0618621784789726;1;7;;1.224744871391589;2.5;3
184;2021;4;3.0618621784789726;0;7;;1.224744871391589;2.5;3
184;2022;3;3.0618621784789726;0;6;;1.224744871391589;2.5;3
185;2019;2;0.6123724356957945;1;2;-0.8029550685469663;0.408248290463863;1.5;3
185;2020;1;0.6123724356957945;1;2;-0.8029550685469663;0.408248290463863;1.5;3
185;2021;1;0.6123724356957945;0;1;-0.8029550685469663;0.408248290463863;1.5;3
185;2022;0;0.6123724356957945;0;1;-0.8029550685469663;0.408248290463863;1.5;3
186;2019;0;1.0206207261596576;0;1;0.4999999999999999;0.408248290463863;2.5;3
186;2020;0;1.0206207261596576;0;1;0.4999999999999999;0.408248290463863;2.5;3
186;2021;1;1.0206207261596576;0;2;0.4999999999999999;0.408248290463863;2.5;3
186;2022;1;1.0206207261596576;0;2;0.4999999999999999;0.408248290463863;2.5;3
187;2019;3;1.0206207261596576;2;4;-0.32732683535398854;0.408248290463863;2.5;3
187;2020;2;1.0206207261596576;1;3;-0.32732683535398854;0.408248290463863;2.5;3
187;2021;0;1.0206207261596576;0;1;-0.32732683535398854;0.408248290463863;2.5;3
187;2022;0;1.0206207261596576;0;0;-0.32732683535398854;0.408248290463863;2.5;3
188;2019;28;21.637159394584742;7;50;0.9728354270712976;21.637159394584742;1.0;3
188;2020;24;21.637159394584742;2;45;0.9728354270712976;21.637159394584742;1.0;3
188;2021;19;21.637159394584742;0;41;0.9728354270712976;21.637159394584742;1.0;3
188;2022;15;21.637159394584742;0;36;0.9728354270712976;21.637159394584742;1.0;3
189;2019;2;0.816496580927726;1;3;0.6099942813304188;0.408248290463863;2.0;3
189;2020;1;0.816496580927726;1;2;0.6099942813304188;0.408248290463863;2.0;3
189;2021;1;0.816496580927726;0;2;0.6099942813304188;0.408248290463863;2.0;3
189;2022;0;0.816496580927726;0;1;0.6099942813304188;0.408248290463863;2.0;3
190;2019;2;2.041241452319315;0;4;-1.0;2.041241452319315;1.0;3
190;2020;1;2.041241452319315;0;3;-1.0;2.041241452319315;1.0;3
190;2021;1;2.041241452319315;0;3;-1.0;2.041241452319315;1.0;3
190;2022;0;2.041241452319315;0;2;-1.0;2.041241452319315;1.0;3
191;2019;2;1.8371173070873834;1;4;0.7205766921228921;1.224744871391589;1.5;3
191;2020;6;1.8371173070873834;4;8;0.7205766921228921;1.224744871391589;1.5;3
191;2021;10;1.8371173070873834;8;11;0.7205766921228921;1.224744871391589;1.5;3
191;2022;13;1.8371173070873834;11;15;0.7205766921228921;1.224744871391589;1.5;3
192;2019;2;2.4494897427831783;0;4;-0.987829161147262;2.4494897427831783;1.0;3
192;2020;2;2.4494897427831783;0;4;-0.987829161147262;2.4494897427831783;1.0;3
192;2021;2;2.4494897427831783;0;4;-0.987829161147262;2.4494897427831783;1.0;3
192;2022;2;2.4494897427831783;0;4;-0.987829161147262;2.4494897427831783;1.0;3
194;2019;1;0.816496580927726;0;2;-0.6546536707079772;0.408248290463863;2.0;3
194;2020;2;0.816496580927726;1;2;-0.6546536707079772;0.408248290463863;2.0;3
194;2021;2;0.816496580927726;1;3;-0.6546536707079772;0.408248290463863;2.0;3
194;2022;3;0.816496580927726;2;3;-0.6546536707079772;0.408248290463863;2.0;3
195;2019;1;2.8577380332470415;0;4;-0.970725343394151;2.8577380332470415;1.0;3
195;2020;2;2.8577380332470415;0;5;-0.970725343394151;2.8577380332470415;1.0;3
195;2021;2;2.8577380332470415;0;5;-0.970725343394151;2.8577380332470415;1.0;3
195;2022;3;2.8577380332470415;0;6;-0.970725343394151;2.8577380332470415;1.0;3
196;2019;1;0.816496580927726;0;2;-0.5;0.408248290463863;2.0;3
196;2020;0;0.816496580927726;0;1;-0.5;0.408248290463863;2.0;3
196;2021;0;0.816496580927726;0;1;-0.5;0.408248290463863;2.0;3
196;2022;0;0.816496580927726;0;0;-0.5;0.408248290463863;2.0;3
197;2019;0;0.816496580927726;0;1;0.9999999999999998;0.816496580927726;1.0;3
197;2020;0;0.816496580927726;0;1;0.9999999999999998;0.816496580927726;1.0;3
197;2021;0;0.816496580927726;0;1;0.9999999999999998;0.816496580927726;1.0;3
197;2022;0;0.816496580927726;0;1;0.9999999999999998;0.816496580927726;1.0;3
198;2019;6;4.898979485566356;1;11;-0.6546536707079771;2.449489742783178;2.0;3
198;2020;4;4.898979485566356;0;9;-0.6546536707079771;2.449489742783178;2.0;3
198;2021;2;4.898979485566356;0;7;-0.6546536707079771;2.449489742783178;2.0;3
198;2022;0;4.898979485566356;0;5;-0.6546536707079771;2.449489742783178;2.0;3
199;2019;5;0.408248290463863;5;6;-0.9999999999999998;0.408248290463863;1.0;3
199;2020;6;0.408248290463863;5;6;-0.9999999999999998;0.408248290463863;1.0;3
199;2021;6;0.408248290463863;6;7;-0.9999999999999998;0.408248290463863;1.0;3
199;2022;7;0.408248290463863;6;7;-0.9999999999999998;0.408248290463863;1.0;3
200;2019;7;5.715476066494082;2;13;0.944911182523068;5.715476066494082;1.0;3
200;2020;7;5.715476066494082;2;13;0.944911182523068;5.715476066494082;1.0;3
200;2021;7;5.715476066494082;2;13;0.944911182523068;5.715476066494082;1.0;3
200;2022;7;5.715476066494082;2;13;0.944911182523068;5.715476066494082;1.0;3
201;2019;2;3.0618621784789726;0;5;;1.224744871391589;2.5;3
201;2020;1;3.0618621784789726;0;4;;1.224744871391589;2.5;3
201;2021;0;3.0618621784789726;0;4;;1.224744871391589;2.5;3
201;2022;0;3.0618621784789726;0;3;;1.224744871391589;2.5;3
202;2019;0;0.0;0;0;;0.0;2.5;3
202;2020;0;0.0;0;0;;0.0;2.5;3
202;2021;0;0.0;0;0;;0.0;2.5;3
202;2022;0;0.0;0;0;;0.0;2.5;3
203;2019;49;43.88669122486527;5;93;-0.15602839254721815;17.554676489946107;2.5;3
203;2020;43;43.88669122486527;0;87;-0.15602839254721815;17.554676489946107;2.5;3
203;2021;38;43.88669122486527;0;82;-0.15602839254721815;17.554676489946107;2.5;3
203;2022;32;43.88669122486527;0;76;-0.15602839254721815;17.554676489946107;2.5;3
204;2019;3;0.816496580927726;2;4;-0.5;0.408248290463863;2.0;3
204;2020;3;0.816496580927726;3;4;-0.5;0.408248290463863;2.0;3
204;2021;4;0.816496580927726;3;5;-0.5;0.408248290463863;2.0;3
204;2022;4;0.816496580927726;4;5;-0.5;0.408248290463863;2.0;3
205;2019;0;0.0;0;0;;0.0;2.5;3
205;2020;0;0.0;0;0;;0.0;2.5;3
205;2021;0;0.0;0;0;;0.0;2.5;3
205;2022;0;0.0;0;0;;0.0;2.5;3
206;2019;0;0.816496580927726;0;1;-0.9999999999999998;0.816496580927726;1.0;3
206;2020;0;0.816496580927726;0;1;-0.9999999999999998;0.816496580927726;1.0;3
206;2021;0;0.816496580927726;0;1;-0.9999999999999998;0.816496580927726;1.0;3
206;2022;0;0.816496580927726;0;1;-0.9999999999999998;0.816496580927726;1.0;3
207;2019;19;1.224744871391589;18;21;0.7748136749782144;0.816496580927726;1.5;3
207;2020;22;1.224744871391589;21;24;0.7748136749782144;0.816496580927726;1.5;3
207;2021;25;1.224744871391589;24;27;0.7748136749782144;0.816496580927726;1.5;3
207;2022;28;1.224744871391589;27;30;0.7748136749782144;0.816496580927726;1.5;3
208;2019;0;0.0;0;0;;0.0;2.5;3
208;2020;0;0.0;0;0;;0.0;2.5;3
208;2021;0;0.0;0;0;;0.0;2.5;3
208;2022;0;0.0;0;0;;0.0;2.5;3
209;2019;0;0.0;0;0;;0.0;2.5;3
209;2020;0;0.0;0;0;;0.0;2.5;3
209;2021;0;0.0;0;0;;0.0;2.5;3
209;2022;0;0.0;0;0;;0.0;2.5;3
210;2019;2;1.224744871391589;0;3;0.8660254037844387;0.816496580927726;1.5;3
210;2020;1;1.224744871391589;0;2;0.8660254037844387;0.816496580927726;1.5;3
210;2021;0;1.224744871391589;0;1;0.8660254037844387;0.816496580927726;1.5;3
210;2022;0;1.224744871391589;0;0;0.8660254037844387;0.816496580927726;1.5;3
211;2019;3;4.4907311951024935;0;8;-0.9924336870116701;4.4907311951024935;1.0;3
211;2020;11;4.4907311951024935;6;15;-0.9924336870116701;4.4907311951024935;1.0;3
211;2021;18;4.4907311951024935;14;23;-0.9924336870116701;4.4907311951024935;1.0;3
211;2022;26;4.4907311951024935;21;30;-0.9924336870116701;4.4907311951024935;1.0;3
212;2019;15;11.839200423452029;3;27;0.9882523920578047;11.839200423452029;1.0;3
212;2020;19;11.839200423452029;7;31;0.9882523920578047;11.839200423452029;1.0;3
212;2021;22;11.839200423452029;10;34;0.9882523920578047;11.839200423452029;1.0;3
212;2022;26;11.839200423452029;14;38;0.9882523920578047;11.839200423452029;1.0;3
213;2019;0;0.0;0;0;;0.0;2.5;3
213;2020;0;0.0;0;0;;0.0;2.5;3
213;2021;0;0.0;0;0;;0.0;2.5;3
213;2022;0;0.0;0;0;;0.0;2.5;3
214;2019;0;0.0;0;0;;0.0;2.5;3
214;2020;0;0.0;0;0;;0.0;2.5;3
214;2021;0;0.0;0;0;;0.0;2.5;3
214;2022;0;0.0;0;0;;0.0;2.5;3
215;2019;2;4.898979485566356;0;7;0.8029550685469663;3.265986323710904;1.5;3
215;2020;3;4.898979485566356;0;8;0.8029550685469663;3.265986323710904;1.5;3
215;2021;4;4.898979485566356;0;9;0.8029550685469663;3.265986323710904;1.5;3
215;2022;5;4.898979485566356;0;10;0.8029550685469663;3.265986323710904;1.5;3
216;2019;1;0.6123724356957945;1;2;-0.8660254037844387;0.408248290463863;1.5;3
216;2020;1;0.6123724356957945;0;1;-0.8660254037844387;0.408248290463863;1.5;3
216;2021;0;0.6123724356957945;0;1;-0.8660254037844387;0.408248290463863;1.5;3
216;2022;0;0.6123724356957945;0;0;-0.8660254037844387;0.408248290463863;1.5;3
217;2019;3;4.898979485566356;0;8;0.8660254037844385;3.265986323710904;1.5;3
217;2020;3;4.898979485566356;0;8;0.8660254037844385;3.265986323710904;1.5;3
217;2021;3;4.898979485566356;0;8;0.8660254037844385;3.265986323710904;1.5;3
217;2022;3;4.898979485566356;0;8;0.8660254037844385;3.265986323710904;1.5;3
218;2019;1;1.0206207261596576;0;2;;0.408248290463863;2.5;3
218;2020;0;1.0206207261596576;0;1;;0.408248290463863;2.5;3
218;2021;0;1.0206207261596576;0;1;;0.408248290463863;2.5;3
218;2022;0;1.0206207261596576;0;0;;0.408248290463863;2.5;3
219;2019;5;6.531972647421807;0;11;-0.5000000000000001;3.2659863237109037;2.0;3
219;2020;5;6.531972647421807;0;11;-0.5000000000000001;3.2659863237109037;2.0;3
219;2021;5;6.531972647421807;0;11;-0.5000000000000001;3.2659863237109037;2.0;3
219;2022;5;6.531972647421807;0;11;-0.5000000000000001;3.2659863237109037;2.0;3
220;2019;0;0.6123724356957945;0;0;-0.7559289460184544;0.408248290463863;1.5;3
220;2020;0;0.6123724356957945;0;1;-0.7559289460184544;0.408248290463863;1.5;3
220;2021;1;0.6123724356957945;0;1;-0.7559289460184544;0.408248290463863;1.5;3
220;2022;1;0.6123724356957945;1;2;-0.7559289460184544;0.408248290463863;1.5;3
221;2019;0;0.408248290463863;0;0;0.9449111825230679;0.408248290463863;1.0;3
221;2020;0;0.408248290463863;0;1;0.9449111825230679;0.408248290463863;1.0;3
221;2021;1;0.408248290463863;0;1;0.9449111825230679;0.408248290463863;1.0;3
221;2022;1;0.408248290463863;1;2;0.9449111825230679;0.408248290463863;1.0;3
222;2019;6;5.5113519212621505;0;11;-0.7559289460184544;3.6742346141747673;1.5;3
222;2020;5;5.5113519212621505;0;11;-0.7559289460184544;3.6742346141747673;1.5;3
222;2021;4;5.5113519212621505;0;10;-0.7559289460184544;3.6742346141747673;1.5;3
222;2022;4;5.5113519212621505;0;10;-0.7559289460184544;3.6742346141747673;1.5;3
223;2019;0;0.0;0;0;;0.0;2.5;3
223;2020;0;0.0;0;0;;0.0;2.5;3
223;2021;0;0.0;0;0;;0.0;2.5;3
223;2022;0;0.0;0;0;;0.0;2.5;3
224;2019;0;0.0;0;0;;0.0;2.5;3
224;2020;0;0.0;0;0;;0.0;2.5;3
224;2021;0;0.0;0;0;;0.0;2.5;3
224;2022;0;0.0;0;0;;0.0;2.5;3
225;2019;0;0.408248290463863;0;0;-0.9449111825230679;0.408248290463863;1.0;3
225;2020;0;0.408248290463863;0;1;-0.9449111825230679;0.408248290463863;1.0;3
225;2021;1;0.408248290463863;0;1;-0.9449111825230679;0.408248290463863;1.0;3
225;2022;1;0.408248290463863;1;2;-0.9449111825230679;0.408248290463863;1.0;3
226;2019;0;2.041241452319315;0;2;0.4999999999999999;0.816496580927726;2.5;3
226;2020;1;2.041241452319315;0;3;0.4999999999999999;0.816496580927726;2.5;3
226;2021;2;2.041241452319315;0;4;0.4999999999999999;0.816496580927726;2.5;3
226;2022;3;2.041241452319315;1;5;0.4999999999999999;0.816496580927726;2.5;3
227;2019;0;4.08248290463863;0;3;0.0;1.632993161855452;2.5;3
227;2020;1;4.08248290463863;0;5;0.0;1.632993161855452;2.5;3
227;2021;3;4.08248290463863;0;7;0.0;1.632993161855452;2.5;3
227;2022;5;4.08248290463863;1;9;0.0;1.632993161855452;2.5;3
228;2019;1;0.8164965809277259;1;2;-0.9912407071619304;0.8164965809277259;1.0;3
228;2020;1;0.8164965809277259;1;2;-0.9912407071619304;0.8164965809277259;1.0;3
228;2021;1;0.8164965809277259;1;2;-0.9912407071619304;0.8164965809277259;1.0;3
228;2022;1;0.8164965809277259;1;2;-0.9912407071619304;0.8164965809277259;1.0;3
229;2019;5;2.041241452319315;3;7;0.35921060405354976;0.816496580927726;2.5;3
229;2020;4;2.041241452319315;2;6;0.35921060405354976;0.816496580927726;2.5;3
229;2021;3;2.041241452319315;1;5;0.35921060405354976;0.816496580927726;2.5;3
229;2022;2;2.041241452319315;0;4;0.35921060405354976;0.816496580927726;2.5;3
230;2019;14;1.8371173070873834;13;16;0.8219949365267865;1.224744871391589;1.5;3
230;2020;13;1.8371173070873834;11;15;0.8219949365267865;1.224744871391589;1.5;3
230;2021;12;1.8371173070873834;10;13;0.8219949365267865;1.224744871391589;1.5;3
230;2022;10;1.8371173070873834;8;12;0.8219949365267865;1.224744871391589;1.5;3
231;2019;7;1.632993161855452;6;9;-0.9672471299049061;1.632993161855452;1.0;3
231;2020;5;1.632993161855452;4;7;-0.9672471299049061;1.632993161855452;1.0;3
231;2021;3;1.632993161855452;2;5;-0.9672471299049061;1.632993161855452;1.0;3
231;2022;1;1.632993161855452;0;3;-0.9672471299049061;1.632993161855452;1.0;3
232;2019;3;0.816496580927726;2;4;0.5;0.408248290463863;2.0;3
232;2020;1;0.816496580927726;1;2;0.5;0.408248290463863;2.0;3
232;2021;0;0.816496580927726;0;1;0.5;0.408248290463863;2.0;3
232;2022;0;0.816496580927726;0;0;0.5;0.408248290463863;2.0;3
233;2019;0;0.0;0;0;;0.0;2.5;3
233;2020;0;0.0;0;0;;0.0;2.5;3
233;2021;0;0.0;0;0;;0.0;2.5;3
233;2022;0;0.0;0;0;;0.0;2.5;3
234;2019;42;10.614455552060438;32;53;-0.9854874357507503;10.614455552060438;1.0;3
234;2020;35;10.614455552060438;25;46;-0.9854874357507503;10.614455552060438;1.0;3
234;2021;28;10.614455552060438;18;39;-0.9854874357507503;10.614455552060438;1.0;3
234;2022;21;10.614455552060438;11;32;-0.9854874357507503;10.614455552060438;1.0;3
235;2019;2;1.224744871391589;0;3;0.8660254037844387;0.816496580927726;1.5;3
235;2020;1;1.224744871391589;0;2;0.8660254037844387;0.816496580927726;1.5;3
235;2021;0;1.224744871391589;0;1;0.8660254037844387;0.816496580927726;1.5;3
235;2022;0;1.224744871391589;0;0;0.8660254037844387;0.816496580927726;1.5;3
236;2019;0;0.0;0;0;;0.0;2.5;3
236;2020;0;0.0;0;0;;0.0;2.5;3
236;2021;0;0.0;0;0;;0.0;2.5;3
236;2022;0;0.0;0;0;;0.0;2.5;3
237;2019;11;2.041241452319315;9;13;0.28947368421052627;0.816496580927726;2.5;3
237;2020;6;2.041241452319315;4;8;0.28947368421052627;0.816496580927726;2.5;3
237;2021;1;2.041241452319315;0;3;0.28947368421052627;0.816496580927726;2.5;3
237;2022;0;2.041241452319315;0;0;0.28947368421052627;0.816496580927726;2.5;3
238;2019;0;1.0206207261596576;0;1;-0.18898223650461363;0.408248290463863;2.5;3
238;2020;0;1.0206207261596576;0;1;-0.18898223650461363;0.408248290463863;2.5;3
238;2021;1;1.0206207261596576;0;2;-0.18898223650461363;0.408248290463863;2.5;3
238;2022;1;1.0206207261596576;0;2;-0.18898223650461363;0.408248290463863;2.5;3
239;2019;0;0.816496580927726;0;1;0.9176629354822471;0.816496580927726;1.0;3
239;2020;0;0.816496580927726;0;1;0.9176629354822471;0.816496580927726;1.0;3
239;2021;0;0.816496580927726;0;1;0.9176629354822471;0.816496580927726;1.0;3
239;2022;0;0.816496580927726;0;1;0.9176629354822471;0.816496580927726;1.0;3
240;2019;1;2.041241452319315;0;3;0.9798637100971995;2.041241452319315;1.0;3
240;2020;4;2.041241452319315;2;6;0.9798637100971995;2.041241452319315;1.0;3
240;2021;8;2.041241452319315;6;10;0.9798637100971995;2.041241452319315;1.0;3
240;2022;11;2.041241452319315;9;13;0.9798637100971995;2.041241452319315;1.0;3
241;2019;0;1.0206207261596576;0;1;-0.49999999999999983;0.408248290463863;2.5;3
241;2020;1;1.0206207261596576;0;2;-0.49999999999999983;0.408248290463863;2.5;3
241;2021;1;1.0206207261596576;0;2;-0.49999999999999983;0.408248290463863;2.5;3
241;2022;2;1.0206207261596576;1;3;-0.49999999999999983;0.408248290463863;2.5;3
242;2019;2;0.0;2;2;;0.0;2.5;3
242;2020;2;0.0;2;2;;0.0;2.5;3
242;2021;2;0.0;2;2;;0.0;2.5;3
242;2022;2;0.0;2;2;;0.0;2.5;3
243;2019;0;0.6123724356957945;0;0;-0.7559289460184544;0.408248290463863;1.5;3
243;2020;0;0.6123724356957945;0;1;-0.7559289460184544;0.408248290463863;1.5;3
243;2021;1;0.6123724356957945;0;1;-0.7559289460184544;0.408248290463863;1.5;3
243;2022;1;0.6123724356957945;1;2;-0.7559289460184544;0.408248290463863;1.5;3
244;2019;0;2.0412414523193148;0;2;0.9078412990032035;2.0412414523193148;1.0;3
244;2020;2;2.0412414523193148;0;4;0.9078412990032035;2.0412414523193148;1.0;3
244;2021;3;2.0412414523193148;1;5;0.9078412990032035;2.0412414523193148;1.0;3
244;2022;5;2.0412414523193148;3;7;0.9078412990032035;2.0412414523193148;1.0;3
245;2019;0;0.0;0;0;;0.0;2.5;3
245;2020;0;0.0;0;0;;0.0;2.5;3
245;2021;0;0.0;0;0;;0.0;2.5;3
245;2022;0;0.0;0;0;;0.0;2.5;3
246;2019;2;1.2247448713915894;1;4;0.8660254037844387;0.8164965809277263;1.5;3
246;2020;2;1.2247448713915894;1;4;0.8660254037844387;0.8164965809277263;1.5;3
246;2021;2;1.2247448713915894;1;4;0.8660254037844387;0.8164965809277263;1.5;3
246;2022;2;1.2247448713915894;1;4;0.8660254037844387;0.8164965809277263;1.5;3
247;2019;2;2.041241452319315;0;4;0.9285714285714288;2.041241452319315;1.0;3
247;2020;2;2.041241452319315;0;4;0.9285714285714288;2.041241452319315;1.0;3
247;2021;3;2.041241452319315;1;5;0.9285714285714288;2.041241452319315;1.0;3
247;2022;3;2.041241452319315;1;5;0.9285714285714288;2.041241452319315;1.0;3
248;2019;0;0.0;0;0;;0.0;2.5;3
248;2020;0;0.0;0;0;;0.0;2.5;3
248;2021;0;0.0;0;0;;0.0;2.5;3
248;2022;0;0.0;0;0;;0.0;2.5;3
249;2019;0;1.0206207261596576;0;1;0.0;0.408248290463863;2.5;3
249;2020;0;1.0206207261596576;0;1;0.0;0.408248290463863;2.5;3
249;2021;1;1.0206207261596576;0;2;0.0;0.408248290463863;2.5;3
249;2022;1;1.0206207261596576;0;2;0.0;0.408248290463863;2.5;3
250;2019;0;1.0206207261596576;0;1;0.0;0.408248290463863;2.5;3
250;2020;0;1.0206207261596576;0;1;0.0;0.408248290463863;2.5;3
250;2021;1;1.0206207261596576;0;2;0.0;0.408248290463863;2.5;3
250;2022;1;1.0206207261596576;0;2;0.0;0.408248290463863;2.5;3
251;2019;1;7.144345083117604;0;8;;2.8577380332470415;2.5;3
251;2020;2;7.144345083117604;0;9;;2.8577380332470415;2.5;3
251;2021;2;7.144345083117604;0;9;;2.8577380332470415;2.5;3
251;2022;3;7.144345083117604;0;10;;2.8577380332470415;2.5;3
252;2019;0;0.408248290463863;0;0;0.9878291611472619;0.408248290463863;1.0;3
252;2020;0;0.408248290463863;0;1;0.9878291611472619;0.408248290463863;1.0;3
252;2021;1;0.408248290463863;0;1;0.9878291611472619;0.408248290463863;1.0;3
252;2022;1;0.408248290463863;1;2;0.9878291611472619;0.408248290463863;1.0;3
253;2019;0;0.0;0;0;;0.0;2.5;3
253;2020;0;0.0;0;0;;0.0;2.5;3
253;2021;0;0.0;0;0;;0.0;2.5;3
253;2022;0;0.0;0;0;;0.0;2.5;3
254;2019;32;26.536138880151093;5;58;-0.2375336117415606;10.614455552060438;2.5;3
254;2020;26;26.536138880151093;0;52;-0.2375336117415606;10.614455552060438;2.5;3
254;2021;20;26.536138880151093;0;46;-0.2375336117415606;10.614455552060438;2.5;3
254;2022;14;26.536138880151093;0;40;-0.2375336117415606;10.614455552060438;2.5;3
255;2019;2;0.816496580927726;1;3;-0.5;0.408248290463863;2.0;3
255;2020;1;0.816496580927726;1;2;-0.5;0.408248290463863;2.0;3
255;2021;1;0.816496580927726;0;2;-0.5;0.408248290463863;2.0;3
255;2022;0;0.816496580927726;0;1;-0.5;0.408248290463863;2.0;3
256;2019;2;3.0618621784789726;0;5;;1.224744871391589;2.5;3
256;2020;1;3.0618621784789726;0;4;;1.224744871391589;2.5;3
256;2021;0;3.0618621784789726;0;4;;1.224744871391589;2.5;3
256;2022;0;3.0618621784789726;0;3;;1.224744871391589;2.5;3
257;2019;0;0.0;0;0;;0.0;2.5;3
257;2020;0;0.0;0;0;;0.0;2.5;3
257;2021;0;0.0;0;0;;0.0;2.5;3
257;2022;0;0.0;0;0;;0.0;2.5;3
258;2019;0;1.0206207261596576;0;1;0.4999999999999999;0.408248290463863;2.5;3
258;2020;0;1.0206207261596576;0;1;0.4999999999999999;0.408248290463863;2.5;3
258;2021;1;1.0206207261596576;0;2;0.4999999999999999;0.408248290463863;2.5;3
258;2022;1;1.0206207261596576;0;2;0.4999999999999999;0.408248290463863;2.5;3
259;2019;0;1.224744871391589;0;2;-0.8660254037844385;0.816496580927726;1.5;3
259;2020;0;1.224744871391589;0;2;-0.8660254037844385;0.816496580927726;1.5;3
259;2021;0;1.224744871391589;0;2;-0.8660254037844385;0.816496580927726;1.5;3
259;2022;0;1.224744871391589;0;2;-0.8660254037844385;0.816496580927726;1.5;3
260;2019;1;1.632993161855452;0;2;-0.5000000000000001;0.816496580927726;2.0;3
260;2020;2;1.632993161855452;0;3;-0.5000000000000001;0.816496580927726;2.0;3
260;2021;3;1.632993161855452;1;4;-0.5000000000000001;0.816496580927726;2.0;3
260;2022;4;1.632993161855452;2;5;-0.5000000000000001;0.816496580927726;2.0;3
262;2019;10;9.797958971132712;0;19;0.7041296515727754;6.531972647421808;1.5;3
262;2020;11;9.797958971132712;1;20;0.7041296515727754;6.531972647421808;1.5;3
262;2021;12;9.797958971132712;2;21;0.7041296515727754;6.531972647421808;1.5;3
262;2022;13;9.797958971132712;3;22;0.7041296515727754;6.531972647421808;1.5;3
263;2019;5;0.408248290463863;4;5;-0.9933992677987827;0.408248290463863;1.0;3
263;2020;2;0.408248290463863;2;3;-0.9933992677987827;0.408248290463863;1.0;3
263;2021;0;0.408248290463863;0;0;-0.9933992677987827;0.408248290463863;1.0;3
263;2022;0;0.408248290463863;0;0;-0.9933992677987827;0.408248290463863;1.0;3
264;2019;1;4.08248290463863;0;5;;1.632993161855452;2.5;3
264;2020;1;4.08248290463863;0;5;;1.632993161855452;2.5;3
264;2021;1;4.08248290463863;0;5;;1.632993161855452;2.5;3
264;2022;1;4.08248290463863;0;5;;1.632993161855452;2.5;3
266;2019;1;2.041241452319315;0;3;0.4999999999999999;0.816496580927726;2.5;3
266;2020;1;2.041241452319315;0;3;0.4999999999999999;0.816496580927726;2.5;3
266;2021;1;2.041241452319315;0;3;0.4999999999999999;0.816496580927726;2.5;3
266;2022;1;2.041241452319315;0;3;0.4999999999999999;0.816496580927726;2.5;3
267;2019;1;1.0206207261596576;0;2;;0.408248290463863;2.5;3
267;2020;0;1.0206207261596576;0;1;;0.408248290463863;2.5;3
267;2021;0;1.0206207261596576;0;1;;0.408248290463863;2.5;3
267;2022;0;1.0206207261596576;0;0;;0.408248290463863;2.5;3
268;2019;9;1.0206207261596576;8;10;-0.11470786693528091;0.408248290463863;2.5;3
268;2020;6;1.0206207261596576;5;7;-0.11470786693528091;0.408248290463863;2.5;3
268;2021;4;1.0206207261596576;3;5;-0.11470786693528091;0.408248290463863;2.5;3
268;2022;1;1.0206207261596576;0;2;-0.11470786693528091;0.408248290463863;2.5;3
269;2019;0;1.0206207261596576;0;1;0.0;0.408248290463863;2.5;3
269;2020;0;1.0206207261596576;0;1;0.0;0.408248290463863;2.5;3
269;2021;1;1.0206207261596576;0;2;0.0;0.408248290463863;2.5;3
269;2022;1;1.0206207261596576;0;2;0.0;0.408248290463863;2.5;3
270;2019;38;0.408248290463863;38;39;-0.9202185640785762;0.408248290463863;1.0;3
270;2020;24;0.408248290463863;23;24;-0.9202185640785762;0.408248290463863;1.0;3
270;2021;9;0.408248290463863;9;10;-0.9202185640785762;0.408248290463863;1.0;3
270;2022;0;0.408248290463863;0;0;-0.9202185640785762;0.408248290463863;1.0;3
271;2019;10;4.898979485566356;5;15;-0.9819805060619656;4.898979485566356;1.0;3
271;2020;6;4.898979485566356;1;11;-0.9819805060619656;4.898979485566356;1.0;3
271;2021;2;4.898979485566356;0;7;-0.9819805060619656;4.898979485566356;1.0;3
271;2022;0;4.898979485566356;0;3;-0.9819805060619656;4.898979485566356;1.0;3
272;2019;1;1.632993161855452;0;2;0.9999999999999998;1.632993161855452;1.0;3
272;2020;1;1.632993161855452;0;2;0.9999999999999998;1.632993161855452;1.0;3
272;2021;1;1.632993161855452;0;2;0.9999999999999998;1.632993161855452;1.0;3
272;2022;1;1.632993161855452;0;2;0.9999999999999998;1.632993161855452;1.0;3
273;2019;0;0.0;0;0;;0.0;2.5;3
273;2020;0;0.0;0;0;;0.0;2.5;3
273;2021;0;0.0;0;0;;0.0;2.5;3
273;2022;0;0.0;0;0;;0.0;2.5;3
274;2019;1;1.632993161855452;0;2;0.944911182523068;1.632993161855452;1.0;3
274;2020;2;1.632993161855452;0;3;0.944911182523068;1.632993161855452;1.0;3
274;2021;3;1.632993161855452;1;4;0.944911182523068;1.632993161855452;1.0;3
274;2022;4;1.632993161855452;2;5;0.944911182523068;1.632993161855452;1.0;3
275;2019;0;1.0206207261596576;0;1;-0.4999999999999999;0.408248290463863;2.5;3
275;2020;0;1.0206207261596576;0;1;-0.4999999999999999;0.408248290463863;2.5;3
275;2021;1;1.0206207261596576;0;2;-0.4999999999999999;0.408248290463863;2.5;3
275;2022;1;1.0206207261596576;0;2;-0.4999999999999999;0.408248290463863;2.5;3
276;2019;18;6.9402209378856705;11;25;0.9998904409747463;6.9402209378856705;1.0;3
276;2020;13;6.9402209378856705;6;20;0.9998904409747463;6.9402209378856705;1.0;3
276;2021;7;6.9402209378856705;0;14;0.9998904409747463;6.9402209378856705;1.0;3
276;2022;2;6.9402209378856705;0;9;0.9998904409747463;6.9402209378856705;1.0;3
277;2019;0;5.5113519212621505;0;5;0.8660254037844386;3.6742346141747673;1.5;3
277;2020;4;5.5113519212621505;0;10;0.8660254037844386;3.6742346141747673;1.5;3
277;2021;8;5.5113519212621505;3;14;0.8660254037844386;3.6742346141747673;1.5;3
277;2022;13;5.5113519212621505;7;19;0.8660254037844386;3.6742346141747673;1.5;3
278;2019;6;12.24744871391589;0;18;-0.6628489803598702;6.123724356957945;2.0;3
278;2020;4;12.24744871391589;0;16;-0.6628489803598702;6.123724356957945;2.0;3
278;2021;2;12.24744871391589;0;15;-0.6628489803598702;6.123724356957945;2.0;3
278;2022;1;12.24744871391589;0;13;-0.6628489803598702;6.123724356957945;2.0;3
279;2019;0;0.816496580927726;0;1;-0.9999999999999998;0.816496580927726;1.0;3
279;2020;0;0.816496580927726;0;1;-0.9999999999999998;0.816496580927726;1.0;3
279;2021;0;0.816496580927726;0;1;-0.9999999999999998;0.816496580927726;1.0;3
279;2022;0;0.816496580927726;0;1;-0.9999999999999998;0.816496580927726;1.0;3
280;2019;1;6.531972647421808;0;8;-0.5;3.265986323710904;2.0;3
280;2020;1;6.531972647421808;0;8;-0.5;3.265986323710904;2.0;3
280;2021;1;6.531972647421808;0;8;-0.5;3.265986323710904;2.0;3
280;2022;1;6.531972647421808;0;8;-0.5;3.265986323710904;2.0;3
281;2019;2;0.6123724356957945;2;3;0.8660254037844387;0.408248290463863;1.5;3
281;2020;2;0.6123724356957945;1;2;0.8660254037844387;0.408248290463863;1.5;3
281;2021;1;0.6123724356957945;1;2;0.8660254037844387;0.408248290463863;1.5;3
281;2022;1;0.6123724356957945;0;1;0.8660254037844387;0.408248290463863;1.5;3
282;2019;18;16.32993161855452;2;35;0.2318602142840038;6.531972647421808;2.5;3
282;2020;12;16.32993161855452;0;29;0.2318602142840038;6.531972647421808;2.5;3
282;2021;6;16.32993161855452;0;23;0.2318602142840038;6.531972647421808;2.5;3
282;2022;0;16.32993161855452;0;17;0.2318602142840038;6.531972647421808;2.5;3
283;2019;6;1.224744871391589;5;8;0.9954022744967959;1.224744871391589;1.0;3
283;2020;7;1.224744871391589;6;8;0.9954022744967959;1.224744871391589;1.0;3
283;2021;8;1.224744871391589;6;9;0.9954022744967959;1.224744871391589;1.0;3
283;2022;8;1.224744871391589;7;9;0.9954022744967959;1.224744871391589;1.0;3
284;2019;0;0.0;0;0;;0.0;2.5;3
284;2020;0;0.0;0;0;;0.0;2.5;3
284;2021;0;0.0;0;0;;0.0;2.5;3
284;2022;0;0.0;0;0;;0.0;2.5;3
285;2019;0;1.0206207261596576;0;1;;0.408248290463863;2.5;3
285;2020;0;1.0206207261596576;0;1;;0.408248290463863;2.5;3
285;2021;1;1.0206207261596576;0;2;;0.408248290463863;2.5;3
285;2022;1;1.0206207261596576;0;2;;0.408248290463863;2.5;3
286;2019;3;6.123724356957945;0;9;-0.32732683535398854;2.449489742783178;2.5;3
286;2020;2;6.123724356957945;0;8;-0.32732683535398854;2.449489742783178;2.5;3
286;2021;1;6.123724356957945;0;7;-0.32732683535398854;2.449489742783178;2.5;3
286;2022;0;6.123724356957945;0;6;-0.32732683535398854;2.449489742783178;2.5;3
287;2019;0;0.0;0;0;;0.0;2.5;3
287;2020;0;0.0;0;0;;0.0;2.5;3
287;2021;0;0.0;0;0;;0.0;2.5;3
287;2022;0;0.0;0;0;;0.0;2.5;3
288;2019;0;1.632993161855452;0;1;0.5;0.816496580927726;2.0;3
288;2020;1;1.632993161855452;0;2;0.5;0.816496580927726;2.0;3
288;2021;2;1.632993161855452;0;3;0.5;0.816496580927726;2.0;3
288;2022;3;1.632993161855452;1;4;0.5;0.816496580927726;2.0;3
289;2019;43;81.64965809277261;0;124;0.020786514757655382;32.65986323710904;2.5;3
289;2020;42;81.64965809277261;0;123;0.020786514757655382;32.65986323710904;2.5;3
289;2021;41;81.64965809277261;0;122;0.020786514757655382;32.65986323710904;2.5;3
289;2022;40;81.64965809277261;0;121;0.020786514757655382;32.65986323710904;2.5;3
290;2019;8;3.0618621784789726;4;11;0.4389477864571922;1.224744871391589;2.5;3
290;2020;12;3.0618621784789726;9;15;0.4389477864571922;1.224744871391589;2.5;3
290;2021;16;3.0618621784789726;13;20;0.4389477864571922;1.224744871391589;2.5;3
290;2022;21;3.0618621784789726;18;24;0.4389477864571922;1.224744871391589;2.5;3
291;2019;1;2.041241452319315;0;3;-0.914272999459509;2.041241452319315;1.0;3
291;2020;1;2.041241452319315;0;3;-0.914272999459509;2.041241452319315;1.0;3
291;2021;2;2.041241452319315;0;4;-0.914272999459509;2.041241452319315;1.0;3
291;2022;2;2.041241452319315;0;4;-0.914272999459509;2.041241452319315;1.0;3
292;2019;0;0.0;0;0;;0.0;2.5;3
292;2020;0;0.0;0;0;;0.0;2.5;3
292;2021;0;0.0;0;0;;0.0;2.5;3
292;2022;0;0.0;0;0;;0.0;2.5;3
293;2019;1;0.6123724356957945;0;1;-0.7559289460184546;0.408248290463863;1.5;3
293;2020;1;0.6123724356957945;1;2;-0.7559289460184546;0.408248290463863;1.5;3
293;2021;2;0.6123724356957945;1;2;-0.7559289460184546;0.408248290463863;1.5;3
293;2022;2;0.6123724356957945;2;3;-0.7559289460184546;0.408248290463863;1.5;3
294;2019;0;0.0;0;0;;0.0;2.5;3
294;2020;0;0.0;0;0;;0.0;2.5;3
294;2021;0;0.0;0;0;;0.0;2.5;3
294;2022;0;0.0;0;0;;0.0;2.5;3
295;2019;5;3.674234614174767;1;9;-0.7406128966515283;2.449489742783178;1.5;3
295;2020;4;3.674234614174767;0;8;-0.7406128966515283;2.449489742783178;1.5;3
295;2021;3;3.674234614174767;0;7;-0.7406128966515283;2.449489742783178;1.5;3
295;2022;2;3.674234614174767;0;6;-0.7406128966515283;2.449489742783178;1.5;3
296;2019;1;2.449489742783178;0;4;-0.8660254037844385;1.632993161855452;1.5;3
296;2020;1;2.449489742783178;0;4;-0.8660254037844385;1.632993161855452;1.5;3
296;2021;1;2.449489742783178;0;4;-0.8660254037844385;1.632993161855452;1.5;3
296;2022;1;2.449489742783178;0;4;-0.8660254037844385;1.632993161855452;1.5;3
297;2019;1;0.0;1;1;;0.0;2.5;3
297;2020;1;0.0;1;1;;0.0;2.5;3
297;2021;1;0.0;1;1;;0.0;2.5;3
297;2022;1;0.0;1;1;;0.0;2.5;3
298;2019;11;26.536138880151093;0;38;0.25581395348837205;10.614455552060438;2.5;3
298;2020;10;26.536138880151093;0;37;0.25581395348837205;10.614455552060438;2.5;3
298;2021;9;26.536138880151093;0;36;0.25581395348837205;10.614455552060438;2.5;3
298;2022;8;26.536138880151093;0;35;0.25581395348837205;10.614455552060438;2.5;3
299;2019;2;2.449489742783178;0;5;-0.5;1.224744871391589;2.0;3
299;2020;3;2.449489742783178;1;5;-0.5;1.224744871391589;2.0;3
299;2021;4;2.449489742783178;1;6;-0.5;1.224744871391589;2.0;3
299;2022;4;2.449489742783178;2;6;-0.5;1.224744871391589;2.0;3
300;2019;40;57.15476066494083;0;97;-0.3355798250206645;22.86190426597633;2.5;3
300;2020;21;57.15476066494083;0;78;-0.3355798250206645;22.86190426597633;2.5;3
300;2021;2;57.15476066494083;0;59;-0.3355798250206645;22.86190426597633;2.5;3
300;2022;0;57.15476066494083;0;40;-0.3355798250206645;22.86190426597633;2.5;3
301;2019;2;2.449489742783178;0;4;-0.5;1.224744871391589;2.0;3
301;2020;3;2.449489742783178;1;5;-0.5;1.224744871391589;2.0;3
301;2021;4;2.449489742783178;2;7;-0.5;1.224744871391589;2.0;3
301;2022;6;2.449489742783178;4;8;-0.5;1.224744871391589;2.0;3
302;2019;0;1.0206207261596576;0;1;-0.18898223650461357;0.408248290463863;2.5;3
302;2020;1;1.0206207261596576;0;2;-0.18898223650461357;0.408248290463863;2.5;3
302;2021;3;1.0206207261596576;2;4;-0.18898223650461357;0.408248290463863;2.5;3
302;2022;4;1.0206207261596576;3;5;-0.18898223650461357;0.408248290463863;2.5;3
303;2019;2;2.041241452319315;0;4;;0.816496580927726;2.5;3
303;2020;1;2.041241452319315;0;3;;0.816496580927726;2.5;3
303;2021;0;2.041241452319315;0;2;;0.816496580927726;2.5;3
303;2022;0;2.041241452319315;0;1;;0.816496580927726;2.5;3
304;2019;18;20.41241452319315;0;39;-0.004094648434042166;8.164965809277259;2.5;3
304;2020;22;20.41241452319315;2;43;-0.004094648434042166;8.164965809277259;2.5;3
304;2021;26;20.41241452319315;6;47;-0.004094648434042166;8.164965809277259;2.5;3
304;2022;30;20.41241452319315;10;51;-0.004094648434042166;8.164965809277259;2.5;3
305;2019;16;4.898979485566356;11;21;0.9493907204624115;4.898979485566356;1.0;3
305;2020;15;4.898979485566356;10;20;0.9493907204624115;4.898979485566356;1.0;3
305;2021;14;4.898979485566356;9;19;0.9493907204624115;4.898979485566356;1.0;3
305;2022;13;4.898979485566356;8;18;0.9493907204624115;4.898979485566356;1.0;3
306;2019;0;2.041241452319315;0;2;-0.4999999999999999;0.816496580927726;2.5;3
306;2020;1;2.041241452319315;0;3;-0.4999999999999999;0.816496580927726;2.5;3
306;2021;2;2.041241452319315;0;4;-0.4999999999999999;0.816496580927726;2.5;3
306;2022;3;2.041241452319315;1;5;-0.4999999999999999;0.816496580927726;2.5;3
307;2019;9;7.348469228349534;2;16;0.7559289460184545;4.898979485566356;1.5;3
307;2020;6;7.348469228349534;0;13;0.7559289460184545;4.898979485566356;1.5;3
307;2021;3;7.348469228349534;0;10;0.7559289460184545;4.898979485566356;1.5;3
307;2022;0;7.348469228349534;0;7;0.7559289460184545;4.898979485566356;1.5;3
308;2019;7;0.816496580927726;6;8;-0.6462208449906514;0.408248290463863;2.0;3
308;2020;4;0.816496580927726;4;5;-0.6462208449906514;0.408248290463863;2.0;3
308;2021;2;0.816496580927726;1;3;-0.6462208449906514;0.408248290463863;2.0;3
308;2022;0;0.816496580927726;0;0;-0.6462208449906514;0.408248290463863;2.0;3
309;2019;94;577.6713310063661;0;672;;231.06853240254645;2.5;3
309;2020;94;577.6713310063661;0;672;;231.06853240254645;2.5;3
309;2021;94;577.6713310063661;0;672;;231.06853240254645;2.5;3
309;2022;94;577.6713310063661;0;672;;231.06853240254645;2.5;3
310;2019;7;6.531972647421808;1;14;-0.9449111825230679;6.531972647421808;1.0;3
310;2020;11;6.531972647421808;5;18;-0.9449111825230679;6.531972647421808;1.0;3
310;2021;15;6.531972647421808;9;22;-0.9449111825230679;6.531972647421808;1.0;3
310;2022;19;6.531972647421808;13;26;-0.9449111825230679;6.531972647421808;1.0;3
312;2019;0;0.0;0;0;;0.0;2.5;3
312;2020;0;0.0;0;0;;0.0;2.5;3
312;2021;0;0.0;0;0;;0.0;2.5;3
312;2022;0;0.0;0;0;;0.0;2.5;3
313;2019;5;1.632993161855452;3;6;-0.9707253433941511;1.632993161855452;1.0;3
313;2020;3;1.632993161855452;1;4;-0.9707253433941511;1.632993161855452;1.0;3
313;2021;1;1.632993161855452;0;2;-0.9707253433941511;1.632993161855452;1.0;3
313;2022;0;1.632993161855452;0;0;-0.9707253433941511;1.632993161855452;1.0;3
314;2019;1;6.123724356957946;0;7;0.0;2.4494897427831783;2.5;3
314;2020;1;6.123724356957946;0;7;0.0;2.4494897427831783;2.5;3
314;2021;1;6.123724356957946;0;7;0.0;2.4494897427831783;2.5;3
314;2022;1;6.123724356957946;0;7;0.0;2.4494897427831783;2.5;3
315;2019;0;1.0206207261596576;0;1;-0.3273268353539885;0.408248290463863;2.5;3
315;2020;0;1.0206207261596576;0;1;-0.3273268353539885;0.408248290463863;2.5;3
315;2021;1;1.0206207261596576;0;2;-0.3273268353539885;0.408248290463863;2.5;3
315;2022;1;1.0206207261596576;0;2;-0.3273268353539885;0.408248290463863;2.5;3
316;2019;3;7.144345083117604;0;10;0.34995661963667785;2.8577380332470415;2.5;3
316;2020;3;7.144345083117604;0;10;0.34995661963667785;2.8577380332470415;2.5;3
316;2021;4;7.144345083117604;0;11;0.34995661963667785;2.8577380332470415;2.5;3
316;2022;4;7.144345083117604;0;11;0.34995661963667785;2.8577380332470415;2.5;3
317;2019;3;4.286607049870562;0;7;-0.7751332793988405;2.8577380332470415;1.5;3
317;2020;3;4.286607049870562;0;8;-0.7751332793988405;2.8577380332470415;1.5;3
317;2021;4;4.286607049870562;0;8;-0.7751332793988405;2.8577380332470415;1.5;3
317;2022;4;4.286607049870562;0;9;-0.7751332793988405;2.8577380332470415;1.5;3
318;2019;0;0.0;0;0;;0.0;2.5;3
318;2020;0;0.0;0;0;;0.0;2.5;3
318;2021;0;0.0;0;0;;0.0;2.5;3
318;2022;0;0.0;0;0;;0.0;2.5;3
319;2019;0;0.0;0;0;;0.0;2.5;3
319;2020;0;0.0;0;0;;0.0;2.5;3
319;2021;0;0.0;0;0;;0.0;2.5;3
319;2022;0;0.0;0;0;;0.0;2.5;3
320;2019;1;0.0;1;1;0.7559289460184544;0.0;1.5;3
320;2020;4;0.0;4;4;0.7559289460184544;0.0;1.5;3
320;2021;7;0.0;7;7;0.7559289460184544;0.0;1.5;3
320;2022;10;0.0;10;10;0.7559289460184544;0.0;1.5;3
322;2019;0;0.0;0;0;;0.0;2.5;3
322;2020;0;0.0;0;0;;0.0;2.5;3
322;2021;0;0.0;0;0;;0.0;2.5;3
322;2022;0;0.0;0;0;;0.0;2.5;3
323;2019;3;0.408248290463863;2;3;1.0;0.408248290463863;1.0;3
323;2020;1;0.408248290463863;1;2;1.0;0.408248290463863;1.0;3
323;2021;0;0.408248290463863;0;0;1.0;0.408248290463863;1.0;3
323;2022;0;0.408248290463863;0;0;1.0;0.408248290463863;1.0;3
324;2019;4;0.408248290463863;4;5;-1.0;0.408248290463863;1.0;3
324;2020;4;0.408248290463863;3;4;-1.0;0.408248290463863;1.0;3
324;2021;3;0.408248290463863;3;4;-1.0;0.408248290463863;1.0;3
324;2022;3;0.408248290463863;2;3;-1.0;0.408248290463863;1.0;3
326;2019;6;9.185586535436919;0;15;0.0;3.6742346141747673;2.5;3
326;2020;5;9.185586535436919;0;14;0.0;3.6742346141747673;2.5;3
326;2021;4;9.185586535436919;0;14;0.0;3.6742346141747673;2.5;3
326;2022;4;9.185586535436919;0;13;0.0;3.6742346141747673;2.5;3
327;2019;3;12.24744871391589;0;16;0.8660254037844387;8.16496580927726;1.5;3
327;2020;3;12.24744871391589;0;16;0.8660254037844387;8.16496580927726;1.5;3
327;2021;3;12.24744871391589;0;16;0.8660254037844387;8.16496580927726;1.5;3
327;2022;3;12.24744871391589;0;16;0.8660254037844387;8.16496580927726;1.5;3
328;2019;0;0.816496580927726;0;1;0.9449111825230683;0.816496580927726;1.0;3
328;2020;0;0.816496580927726;0;1;0.9449111825230683;0.816496580927726;1.0;3
328;2021;0;0.816496580927726;0;1;0.9449111825230683;0.816496580927726;1.0;3
328;2022;0;0.816496580927726;0;1;0.9449111825230683;0.816496580927726;1.0;3
329;2019;0;2.041241452319315;0;2;0.0;0.816496580927726;2.5;3
329;2020;0;2.041241452319315;0;2;0.0;0.816496580927726;2.5;3
329;2021;0;2.041241452319315;0;2;0.0;0.816496580927726;2.5;3
329;2022;0;2.041241452319315;0;2;0.0;0.816496580927726;2.5;3
330;2019;0;0.816496580927726;0;1;0.9999999999999998;0.816496580927726;1.0;3
330;2020;0;0.816496580927726;0;1;0.9999999999999998;0.816496580927726;1.0;3
330;2021;0;0.816496580927726;0;1;0.9999999999999998;0.816496580927726;1.0;3
330;2022;0;0.816496580927726;0;1;0.9999999999999998;0.816496580927726;1.0;3
331;2019;0;0.0;0;0;;0.0;2.5;3
331;2020;0;0.0;0;0;;0.0;2.5;3
331;2021;0;0.0;0;0;;0.0;2.5;3
331;2022;0;0.0;0;0;;0.0;2.5;3
332;2019;2;1.224744871391589;0;3;-1.0;1.224744871391589;1.0;3
332;2020;1;1.224744871391589;0;2;-1.0;1.224744871391589;1.0;3
332;2021;0;1.224744871391589;0;2;-1.0;1.224744871391589;1.0;3
332;2022;0;1.224744871391589;0;1;-1.0;1.224744871391589;1.0;3
333;2019;9;11.430952132988164;0;20;-0.9158038867048388;11.430952132988164;1.0;3
333;2020;10;11.430952132988164;0;21;-0.9158038867048388;11.430952132988164;1.0;3
333;2021;11;11.430952132988164;0;22;-0.9158038867048388;11.430952132988164;1.0;3
333;2022;12;11.430952132988164;0;23;-0.9158038867048388;11.430952132988164;1.0;3
334;2019;8;6.531972647421808;2;15;0.9997237074316013;6.531972647421808;1.0;3
334;2020;10;6.531972647421808;4;17;0.9997237074316013;6.531972647421808;1.0;3
334;2021;12;6.531972647421808;6;19;0.9997237074316013;6.531972647421808;1.0;3
334;2022;14;6.531972647421808;8;21;0.9997237074316013;6.531972647421808;1.0;3
335;2019;0;2.449489742783178;0;2;0.8660254037844385;1.632993161855452;1.5;3
335;2020;1;2.449489742783178;0;4;0.8660254037844385;1.632993161855452;1.5;3
335;2021;3;2.449489742783178;1;6;0.8660254037844385;1.632993161855452;1.5;3
335;2022;5;2.449489742783178;3;8;0.8660254037844385;1.632993161855452;1.5;3
336;2019;2;2.449489742783178;0;4;-0.5;1.224744871391589;2.0;3
336;2020;1;2.449489742783178;0;3;-0.5;1.224744871391589;2.0;3
336;2021;0;2.449489742783178;0;3;-0.5;1.224744871391589;2.0;3
336;2022;0;2.449489742783178;0;2;-0.5;1.224744871391589;2.0;3
337;2019;24;5.715476066494083;19;30;-0.9220179477747358;5.715476066494083;1.0;3
337;2020;22;5.715476066494083;17;28;-0.9220179477747358;5.715476066494083;1.0;3
337;2021;20;5.715476066494083;15;26;-0.9220179477747358;5.715476066494083;1.0;3
337;2022;18;5.715476066494083;13;24;-0.9220179477747358;5.715476066494083;1.0;3
338;2019;0;0.0;0;0;;0.0;2.5;3
338;2020;0;0.0;0;0;;0.0;2.5;3
338;2021;0;0.0;0;0;;0.0;2.5;3
338;2022;0;0.0;0;0;;0.0;2.5;3
339;2019;0;0.0;0;0;;0.0;2.5;3
339;2020;0;0.0;0;0;;0.0;2.5;3
339;2021;0;0.0;0;0;;0.0;2.5;3
339;2022;0;0.0;0;0;;0.0;2.5;3
340;2019;10;4.082482904638632;6;14;0.18898223650461354;1.6329931618554527;2.5;3
340;2020;10;4.082482904638632;6;14;0.18898223650461354;1.6329931618554527;2.5;3
340;2021;10;4.082482904638632;6;14;0.18898223650461354;1.6329931618554527;2.5;3
340;2022;10;4.082482904638632;6;14;0.18898223650461354;1.6329931618554527;2.5;3
341;2019;0;1.224744871391589;0;2;-1.0;1.224744871391589;1.0;3
341;2020;1;1.224744871391589;0;2;-1.0;1.224744871391589;1.0;3
341;2021;2;1.224744871391589;0;3;-1.0;1.224744871391589;1.0;3
341;2022;2;1.224744871391589;1;3;-1.0;1.224744871391589;1.0;3
342;2019;21;21.43303524935281;0;43;0.8653759672781295;14.288690166235206;1.5;3
342;2020;28;21.43303524935281;6;49;0.8653759672781295;14.288690166235206;1.5;3
342;2021;34;21.43303524935281;13;56;0.8653759672781295;14.288690166235206;1.5;3
342;2022;41;21.43303524935281;19;62;0.8653759672781295;14.288690166235206;1.5;3
343;2019;0;1.632993161855452;0;1;0.5;0.816496580927726;2.0;3
343;2020;1;1.632993161855452;0;2;0.5;0.816496580927726;2.0;3
343;2021;2;1.632993161855452;0;3;0.5;0.816496580927726;2.0;3
343;2022;3;1.632993161855452;1;4;0.5;0.816496580927726;2.0;3
344;2019;28;10.206207261596575;18;38;0.9776407723017848;10.206207261596575;1.0;3
344;2020;28;10.206207261596575;17;38;0.9776407723017848;10.206207261596575;1.0;3
344;2021;27;10.206207261596575;17;37;0.9776407723017848;10.206207261596575;1.0;3
344;2022;27;10.206207261596575;16;37;0.9776407723017848;10.206207261596575;1.0;3
345;2019;0;0.0;0;0;;0.0;2.5;3
345;2020;0;0.0;0;0;;0.0;2.5;3
345;2021;0;0.0;0;0;;0.0;2.5;3
345;2022;0;0.0;0;0;;0.0;2.5;3
346;2019;15;22.45365597551247;0;38;0.005296717158628724;8.981462390204987;2.5;3
346;2020;13;22.45365597551247;0;36;0.005296717158628724;8.981462390204987;2.5;3
346;2021;11;22.45365597551247;0;34;0.005296717158628724;8.981462390204987;2.5;3
346;2022;9;22.45365597551247;0;32;0.005296717158628724;8.981462390204987;2.5;3
347;2019;0;1.632993161855452;0;2;0.9449111825230678;1.632993161855452;1.0;3
347;2020;1;1.632993161855452;0;3;0.9449111825230678;1.632993161855452;1.0;3
347;2021;2;1.632993161855452;1;4;0.9449111825230678;1.632993161855452;1.0;3
347;2022;3;1.632993161855452;2;5;0.9449111825230678;1.632993161855452;1.0;3
348;2019;2;6.123724356957945;0;8;0.993322838421865;6.123724356957945;1.0;3
348;2020;6;6.123724356957945;0;12;0.993322838421865;6.123724356957945;1.0;3
348;2021;10;6.123724356957945;4;17;0.993322838421865;6.123724356957945;1.0;3
348;2022;15;6.123724356957945;9;21;0.993322838421865;6.123724356957945;1.0;3
349;2019;5;13.063945294843617;0;18;0.9999999999999998;13.063945294843617;1.0;3
349;2020;5;13.063945294843617;0;18;0.9999999999999998;13.063945294843617;1.0;3
349;2021;5;13.063945294843617;0;18;0.9999999999999998;13.063945294843617;1.0;3
349;2022;5;13.063945294843617;0;18;0.9999999999999998;13.063945294843617;1.0;3
350;2019;53;44.90731195102492;8;98;-0.19793888469205984;17.96292478040997;2.5;3
350;2020;61;44.90731195102492;16;106;-0.19793888469205984;17.96292478040997;2.5;3
350;2021;69;44.90731195102492;24;114;-0.19793888469205984;17.96292478040997;2.5;3
350;2022;77;44.90731195102492;32;122;-0.19793888469205984;17.96292478040997;2.5;3
352;2019;25;7.348469228349534;18;32;-0.8660254037844387;4.898979485566356;1.5;3
352;2020;16;7.348469228349534;9;23;-0.8660254037844387;4.898979485566356;1.5;3
352;2021;7;7.348469228349534;0;14;-0.8660254037844387;4.898979485566356;1.5;3
352;2022;0;7.348469228349534;0;5;-0.8660254037844387;4.898979485566356;1.5;3
353;2019;1;0.0;1;1;;0.0;2.5;3
353;2020;1;0.0;1;1;;0.0;2.5;3
353;2021;1;0.0;1;1;;0.0;2.5;3
353;2022;1;0.0;1;1;;0.0;2.5;3
354;2019;1;1.632993161855452;0;2;-0.585205735980653;0.816496580927726;2.0;3
354;2020;2;1.632993161855452;0;3;-0.585205735980653;0.816496580927726;2.0;3
354;2021;3;1.632993161855452;1;4;-0.585205735980653;0.816496580927726;2.0;3
354;2022;4;1.632993161855452;2;5;-0.585205735980653;0.816496580927726;2.0;3
355;2019;0;0.6123724356957945;0;0;0.826033187630902;0.408248290463863;1.5;3
355;2020;1;0.6123724356957945;1;2;0.826033187630902;0.408248290463863;1.5;3
355;2021;3;0.6123724356957945;2;3;0.826033187630902;0.408248290463863;1.5;3
355;2022;4;0.6123724356957945;4;5;0.826033187630902;0.408248290463863;1.5;3
356;2019;0;1.224744871391589;0;2;0.7559289460184544;0.816496580927726;1.5;3
356;2020;0;1.224744871391589;0;2;0.7559289460184544;0.816496580927726;1.5;3
356;2021;0;1.224744871391589;0;2;0.7559289460184544;0.816496580927726;1.5;3
356;2022;0;1.224744871391589;0;2;0.7559289460184544;0.816496580927726;1.5;3
357;2019;12;8.16496580927726;4;20;-0.05014122105639003;3.265986323710904;2.5;3
357;2020;15;8.16496580927726;7;23;-0.05014122105639003;3.265986323710904;2.5;3
357;2021;18;8.16496580927726;10;26;-0.05014122105639003;3.265986323710904;2.5;3
357;2022;21;8.16496580927726;13;29;-0.05014122105639003;3.265986323710904;2.5;3
358;2019;0;2.041241452319315;0;2;;0.816496580927726;2.5;3
358;2020;0;2.041241452319315;0;2;;0.816496580927726;2.5;3
358;2021;0;2.041241452319315;0;2;;0.816496580927726;2.5;3
358;2022;0;2.041241452319315;0;2;;0.816496580927726;2.5;3
359;2019;0;0.0;0;0;;0.0;2.5;3
359;2020;0;0.0;0;0;;0.0;2.5;3
359;2021;0;0.0;0;0;;0.0;2.5;3
359;2022;0;0.0;0;0;;0.0;2.5;3
360;2019;0;0.6123724356957945;0;0;0.7559289460184544;0.408248290463863;1.5;3
360;2020;1;0.6123724356957945;1;2;0.7559289460184544;0.408248290463863;1.5;3
360;2021;3;0.6123724356957945;2;3;0.7559289460184544;0.408248290463863;1.5;3
360;2022;4;0.6123724356957945;4;5;0.7559289460184544;0.408248290463863;1.5;3
361;2019;5;30.618621784789724;0;36;;12.24744871391589;2.5;3
361;2020;5;30.618621784789724;0;36;;12.24744871391589;2.5;3
361;2021;5;30.618621784789724;0;36;;12.24744871391589;2.5;3
361;2022;5;30.618621784789724;0;36;;12.24744871391589;2.5;3
362;2019;5;4.898979485566356;0;10;-0.5000000000000001;2.449489742783178;2.0;3
362;2020;2;4.898979485566356;0;7;-0.5000000000000001;2.449489742783178;2.0;3
362;2021;0;4.898979485566356;0;4;-0.5000000000000001;2.449489742783178;2.0;3
362;2022;0;4.898979485566356;0;1;-0.5000000000000001;2.449489742783178;2.0;3
363;2019;2;1.632993161855452;0;3;-0.5;0.816496580927726;2.0;3
363;2020;1;1.632993161855452;0;2;-0.5;0.816496580927726;2.0;3
363;2021;0;1.632993161855452;0;1;-0.5;0.816496580927726;2.0;3
363;2022;0;1.632993161855452;0;0;-0.5;0.816496580927726;2.0;3
364;2019;0;0.0;0;0;;0.0;2.5;3
364;2020;0;0.0;0;0;;0.0;2.5;3
364;2021;0;0.0;0;0;;0.0;2.5;3
364;2022;0;0.0;0;0;;0.0;2.5;3
365;2019;0;1.0206207261596576;0;1;-0.4999999999999999;0.408248290463863;2.5;3
365;2020;0;1.0206207261596576;0;1;-0.4999999999999999;0.408248290463863;2.5;3
365;2021;1;1.0206207261596576;0;2;-0.4999999999999999;0.408248290463863;2.5;3
365;2022;1;1.0206207261596576;0;2;-0.4999999999999999;0.408248290463863;2.5;3
366;2019;0;0.0;0;0;;0.0;2.5;3
366;2020;0;0.0;0;0;;0.0;2.5;3
366;2021;0;0.0;0;0;;0.0;2.5;3
366;2022;0;0.0;0;0;;0.0;2.5;3
367;2019;2;1.8371173070873834;1;4;0.8660254037844387;1.224744871391589;1.5;3
367;2020;3;1.8371173070873834;1;5;0.8660254037844387;1.224744871391589;1.5;3
367;2021;4;1.8371173070873834;2;5;0.8660254037844387;1.224744871391589;1.5;3
367;2022;4;1.8371173070873834;2;6;0.8660254037844387;1.224744871391589;1.5;3
368;2019;1;0.408248290463863;0;1;0.9449111825230683;0.408248290463863;1.0;3
368;2020;0;0.408248290463863;0;1;0.9449111825230683;0.408248290463863;1.0;3
368;2021;0;0.408248290463863;0;0;0.9449111825230683;0.408248290463863;1.0;3
368;2022;0;0.408248290463863;0;0;0.9449111825230683;0.408248290463863;1.0;3
369;2019;9;44.90731195102492;0;54;;17.96292478040997;2.5;3
369;2020;8;44.90731195102492;0;53;;17.96292478040997;2.5;3
369;2021;7;44.90731195102492;0;52;;17.96292478040997;2.5;3
369;2022;6;44.90731195102492;0;51;;17.96292478040997;2.5;3
370;2019;3;4.08248290463863;0;7;0.5;2.041241452319315;2.0;3
370;2020;5;4.08248290463863;1;9;0.5;2.041241452319315;2.0;3
370;2021;8;4.08248290463863;4;12;0.5;2.041241452319315;2.0;3
370;2022;10;4.08248290463863;6;14;0.5;2.041241452319315;2.0;3
371;2019;11;7.3484692283495345;4;18;-0.9933992677987828;7.3484692283495345;1.0;3
371;2020;8;7.3484692283495345;1;15;-0.9933992677987828;7.3484692283495345;1.0;3
371;2021;5;7.3484692283495345;0;12;-0.9933992677987828;7.3484692283495345;1.0;3
371;2022;2;7.3484692283495345;0;9;-0.9933992677987828;7.3484692283495345;1.0;3
372;2019;0;0.0;0;0;;0.0;2.5;3
372;2020;0;0.0;0;0;;0.0;2.5;3
372;2021;0;0.0;0;0;;0.0;2.5;3
372;2022;0;0.0;0;0;;0.0;2.5;3
373;2019;1;0.6123724356957945;1;2;-0.8660254037844387;0.408248290463863;1.5;3
373;2020;1;0.6123724356957945;0;1;-0.8660254037844387;0.408248290463863;1.5;3
373;2021;0;0.6123724356957945;0;1;-0.8660254037844387;0.408248290463863;1.5;3
373;2022;0;0.6123724356957945;0;0;-0.8660254037844387;0.408248290463863;1.5;3
374;2019;5;13.268069440075546;0;18;0.31701472973732925;5.307227776030219;2.5;3
374;2020;4;13.268069440075546;0;18;0.31701472973732925;5.307227776030219;2.5;3
374;2021;4;13.268069440075546;0;17;0.31701472973732925;5.307227776030219;2.5;3
374;2022;3;13.268069440075546;0;17;0.31701472973732925;5.307227776030219;2.5;3
375;2019;0;0.408248290463863;0;0;0.9999999999999998;0.408248290463863;1.0;3
375;2020;0;0.408248290463863;0;1;0.9999999999999998;0.408248290463863;1.0;3
375;2021;1;0.408248290463863;0;1;0.9999999999999998;0.408248290463863;1.0;3
375;2022;1;0.408248290463863;1;2;0.9999999999999998;0.408248290463863;1.0;3
376;2019;6;1.8371173070873834;5;8;-0.8660254037844385;1.224744871391589;1.5;3
376;2020;4;1.8371173070873834;2;6;-0.8660254037844385;1.224744871391589;1.5;3
376;2021;2;1.8371173070873834;0;3;-0.8660254037844385;1.224744871391589;1.5;3
376;2022;0;1.8371173070873834;0;1;-0.8660254037844385;1.224744871391589;1.5;3
377;2019;0;2.449489742783178;0;3;0.7107423155935334;1.632993161855452;1.5;3
377;2020;2;2.449489742783178;0;5;0.7107423155935334;1.632993161855452;1.5;3
377;2021;4;2.449489742783178;2;7;0.7107423155935334;1.632993161855452;1.5;3
377;2022;6;2.449489742783178;4;9;0.7107423155935334;1.632993161855452;1.5;3
378;2019;0;2.041241452319315;0;2;;0.816496580927726;2.5;3
378;2020;1;2.041241452319315;0;3;;0.816496580927726;2.5;3
378;2021;2;2.041241452319315;0;4;;0.816496580927726;2.5;3
378;2022;3;2.041241452319315;1;5;;0.816496580927726;2.5;3
379;2019;12;2.857738033247041;9;15;-0.9994664294862463;2.857738033247041;1.0;3
379;2020;11;2.857738033247041;8;14;-0.9994664294862463;2.857738033247041;1.0;3
379;2021;9;2.857738033247041;6;12;-0.9994664294862463;2.857738033247041;1.0;3
379;2022;8;2.857738033247041;5;11;-0.9994664294862463;2.857738033247041;1.0;3
380;2019;29;48.581546565199694;0;77;-0.932811339802336;48.581546565199694;1.0;3
380;2020;26;48.581546565199694;0;75;-0.932811339802336;48.581546565199694;1.0;3
380;2021;24;48.581546565199694;0;72;-0.932811339802336;48.581546565199694;1.0;3
380;2022;21;48.581546565199694;0;70;-0.932811339802336;48.581546565199694;1.0;3
381;2019;1;4.08248290463863;0;5;0.0;1.632993161855452;2.5;3
381;2020;1;4.08248290463863;0;5;0.0;1.632993161855452;2.5;3
381;2021;1;4.08248290463863;0;5;0.0;1.632993161855452;2.5;3
381;2022;1;4.08248290463863;0;5;0.0;1.632993161855452;2.5;3
382;2019;0;3.0618621784789726;0;3;-0.3273268353539885;1.224744871391589;2.5;3
382;2020;2;3.0618621784789726;0;5;-0.3273268353539885;1.224744871391589;2.5;3
382;2021;4;3.0618621784789726;1;8;-0.3273268353539885;1.224744871391589;2.5;3
382;2022;7;3.0618621784789726;4;10;-0.3273268353539885;1.224744871391589;2.5;3
383;2019;0;0.816496580927726;0;1;-0.5;0.408248290463863;2.0;3
383;2020;0;0.816496580927726;0;1;-0.5;0.408248290463863;2.0;3
383;2021;1;0.816496580927726;0;2;-0.5;0.408248290463863;2.0;3
383;2022;1;0.816496580927726;1;2;-0.5;0.408248290463863;2.0;3
384;2019;2;1.8371173070873834;0;3;-0.8660254037844385;1.224744871391589;1.5;3
384;2020;1;1.8371173070873834;0;3;-0.8660254037844385;1.224744871391589;1.5;3
384;2021;0;1.8371173070873834;0;2;-0.8660254037844385;1.224744871391589;1.5;3
384;2022;0;1.8371173070873834;0;2;-0.8660254037844385;1.224744871391589;1.5;3
385;2019;0;3.0618621784789726;0;4;0.0;1.224744871391589;2.5;3
385;2020;1;3.0618621784789726;0;4;0.0;1.224744871391589;2.5;3
385;2021;2;3.0618621784789726;0;5;0.0;1.224744871391589;2.5;3
385;2022;2;3.0618621784789726;0;5;0.0;1.224744871391589;2.5;3
386;2019;0;0.0;0;0;;0.0;2.5;3
386;2020;0;0.0;0;0;;0.0;2.5;3
386;2021;0;0.0;0;0;;0.0;2.5;3
386;2022;0;0.0;0;0;;0.0;2.5;3
387;2019;14;4.898979485566356;9;19;-0.9917494877490395;4.898979485566356;1.0;3
387;2020;11;4.898979485566356;6;16;-0.9917494877490395;4.898979485566356;1.0;3
387;2021;8;4.898979485566356;3;13;-0.9917494877490395;4.898979485566356;1.0;3
387;2022;5;4.898979485566356;0;10;-0.9917494877490395;4.898979485566356;1.0;3
388;2019;6;9.185586535436919;0;16;-0.4435327625727437;3.6742346141747673;2.5;3
388;2020;5;9.185586535436919;0;14;-0.4435327625727437;3.6742346141747673;2.5;3
388;2021;4;9.185586535436919;0;13;-0.4435327625727437;3.6742346141747673;2.5;3
388;2022;2;9.185586535436919;0;11;-0.4435327625727437;3.6742346141747673;2.5;3
389;2019;0;2.041241452319315;0;2;-0.18898223650461354;0.816496580927726;2.5;3
389;2020;1;2.041241452319315;0;3;-0.18898223650461354;0.816496580927726;2.5;3
389;2021;2;2.041241452319315;0;4;-0.18898223650461354;0.816496580927726;2.5;3
389;2022;3;2.041241452319315;1;5;-0.18898223650461354;0.816496580927726;2.5;3
390;2019;0;1.0206207261596576;0;1;-0.4999999999999999;0.408248290463863;2.5;3
390;2020;0;1.0206207261596576;0;1;-0.4999999999999999;0.408248290463863;2.5;3
390;2021;1;1.0206207261596576;0;2;-0.4999999999999999;0.408248290463863;2.5;3
390;2022;1;1.0206207261596576;0;2;-0.4999999999999999;0.408248290463863;2.5;3
391;2019;0;3.0618621784789726;0;4;0.0;1.224744871391589;2.5;3
391;2020;1;3.0618621784789726;0;4;0.0;1.224744871391589;2.5;3
391;2021;2;3.0618621784789726;0;5;0.0;1.224744871391589;2.5;3
391;2022;2;3.0618621784789726;0;5;0.0;1.224744871391589;2.5;3
392;2019;5;24.49489742783178;0;29;-0.5;12.24744871391589;2.0;3
392;2020;5;24.49489742783178;0;29;-0.5;12.24744871391589;2.0;3
392;2021;5;24.49489742783178;0;29;-0.5;12.24744871391589;2.0;3
392;2022;5;24.49489742783178;0;29;-0.5;12.24744871391589;2.0;3
393;2019;4;15.309310892394862;0;19;-0.07509392614826384;6.123724356957945;2.5;3
393;2020;3;15.309310892394862;0;18;-0.07509392614826384;6.123724356957945;2.5;3
393;2021;2;15.309310892394862;0;18;-0.07509392614826384;6.123724356957945;2.5;3
393;2022;2;15.309310892394862;0;17;-0.07509392614826384;6.123724356957945;2.5;3
394;2019;12;1.8371173070873834;10;13;0.810884854079383;1.224744871391589;1.5;3
394;2020;12;1.8371173070873834;10;14;0.810884854079383;1.224744871391589;1.5;3
394;2021;12;1.8371173070873834;11;14;0.810884854079383;1.224744871391589;1.5;3
394;2022;13;1.8371173070873834;11;15;0.810884854079383;1.224744871391589;1.5;3
395;2019;15;30.61862178478973;0;46;-0.7379732980405813;20.412414523193153;1.5;3
395;2020;12;30.61862178478973;0;43;-0.7379732980405813;20.412414523193153;1.5;3
395;2021;9;30.61862178478973;0;40;-0.7379732980405813;20.412414523193153;1.5;3
395;2022;6;30.61862178478973;0;37;-0.7379732980405813;20.412414523193153;1.5;3
396;2019;1;0.816496580927726;0;1;-0.9999999999999998;0.816496580927726;1.0;3
396;2020;1;0.816496580927726;0;1;-0.9999999999999998;0.816496580927726;1.0;3
396;2021;1;0.816496580927726;0;1;-0.9999999999999998;0.816496580927726;1.0;3
396;2022;1;0.816496580927726;0;1;-0.9999999999999998;0.816496580927726;1.0;3
397;2019;0;1.224744871391589;0;1;0.8660254037844385;0.816496580927726;1.5;3
397;2020;1;1.224744871391589;0;2;0.8660254037844385;0.816496580927726;1.5;3
397;2021;2;1.224744871391589;0;3;0.8660254037844385;0.816496580927726;1.5;3
397;2022;3;1.224744871391589;1;4;0.8660254037844385;0.816496580927726;1.5;3
398;2019;0;2.041241452319315;0;2;0.0;0.816496580927726;2.5;3
398;2020;0;2.041241452319315;0;2;0.0;0.816496580927726;2.5;3
398;2021;0;2.041241452319315;0;2;0.0;0.816496580927726;2.5;3
398;2022;0;2.041241452319315;0;2;0.0;0.816496580927726;2.5;3
399;2019;2;0.0;2;2;0.8660254037844387;0.0;1.5;3
399;2020;1;0.0;1;1;0.8660254037844387;0.0;1.5;3
399;2021;0;0.0;0;0;0.8660254037844387;0.0;1.5;3
399;2022;0;0.0;0;0;0.8660254037844387;0.0;1.5;3
400;2019;0;0.0;0;0;;0.0;2.5;3
400;2020;0;0.0;0;0;;0.0;2.5;3
400;2021;0;0.0;0;0;;0.0;2.5;3
400;2022;0;0.0;0;0;;0.0;2.5;3
401;2019;7;8.573214099741124;0;16;-0.8962581595302717;5.715476066494083;1.5;3
401;2020;5;8.573214099741124;0;14;-0.8962581595302717;5.715476066494083;1.5;3
401;2021;3;8.573214099741124;0;12;-0.8962581595302717;5.715476066494083;1.5;3
401;2022;1;8.573214099741124;0;10;-0.8962581595302717;5.715476066494083;1.5;3
402;2019;0;2.041241452319315;0;2;;0.816496580927726;2.5;3
402;2020;0;2.041241452319315;0;2;;0.816496580927726;2.5;3
402;2021;0;2.041241452319315;0;2;;0.816496580927726;2.5;3
402;2022;0;2.041241452319315;0;2;;0.816496580927726;2.5;3
403;2019;1;4.08248290463863;0;5;-0.3273268353539886;1.632993161855452;2.5;3
403;2020;2;4.08248290463863;0;6;-0.3273268353539886;1.632993161855452;2.5;3
403;2021;3;4.08248290463863;0;7;-0.3273268353539886;1.632993161855452;2.5;3
403;2022;4;4.08248290463863;0;8;-0.3273268353539886;1.632993161855452;2.5;3
404;2019;32;26.127890589687233;6;58;-0.6042891856374455;13.063945294843617;2.0;3
404;2020;27;26.127890589687233;1;53;-0.6042891856374455;13.063945294843617;2.0;3
404;2021;22;26.127890589687233;0;48;-0.6042891856374455;13.063945294843617;2.0;3
404;2022;17;26.127890589687233;0;43;-0.6042891856374455;13.063945294843617;2.0;3
405;2019;1;0.816496580927726;0;2;-0.5000000000000001;0.408248290463863;2.0;3
405;2020;0;0.816496580927726;0;1;-0.5000000000000001;0.408248290463863;2.0;3
405;2021;0;0.816496580927726;0;1;-0.5000000000000001;0.408248290463863;2.0;3
405;2022;0;0.816496580927726;0;0;-0.5000000000000001;0.408248290463863;2.0;3
406;2019;0;2.041241452319315;0;2;-0.4999999999999999;0.816496580927726;2.5;3
406;2020;1;2.041241452319315;0;3;-0.4999999999999999;0.816496580927726;2.5;3
406;2021;2;2.041241452319315;0;4;-0.4999999999999999;0.816496580927726;2.5;3
406;2022;3;2.041241452319315;1;5;-0.4999999999999999;0.816496580927726;2.5;3
407;2019;0;0.0;0;0;;0.0;2.5;3
407;2020;0;0.0;0;0;;0.0;2.5;3
407;2021;0;0.0;0;0;;0.0;2.5;3
407;2022;0;0.0;0;0;;0.0;2.5;3
408;2019;10;2.041241452319315;8;12;-1.0;2.041241452319315;1.0;3
408;2020;7;2.041241452319315;5;9;-1.0;2.041241452319315;1.0;3
408;2021;5;2.041241452319315;3;7;-1.0;2.041241452319315;1.0;3
408;2022;2;2.041241452319315;0;4;-1.0;2.041241452319315;1.0;3
410;2019;0;0.6123724356957945;0;1;0.7559289460184542;0.408248290463863;1.5;3
410;2020;1;0.6123724356957945;0;1;0.7559289460184542;0.408248290463863;1.5;3
410;2021;1;0.6123724356957945;1;2;0.7559289460184542;0.408248290463863;1.5;3
410;2022;2;0.6123724356957945;1;2;0.7559289460184542;0.408248290463863;1.5;3
411;2019;1;2.0412414523193148;0;3;-0.11470786693528093;0.8164965809277259;2.5;3
411;2020;1;2.0412414523193148;0;3;-0.11470786693528093;0.8164965809277259;2.5;3
411;2021;1;2.0412414523193148;0;3;-0.11470786693528093;0.8164965809277259;2.5;3
411;2022;1;2.0412414523193148;0;3;-0.11470786693528093;0.8164965809277259;2.5;3
412;2019;0;2.041241452319315;0;2;-0.49999999999999994;0.816496580927726;2.5;3
412;2020;0;2.041241452319315;0;2;-0.49999999999999994;0.816496580927726;2.5;3
412;2021;0;2.041241452319315;0;2;-0.49999999999999994;0.816496580927726;2.5;3
412;2022;0;2.041241452319315;0;2;-0.49999999999999994;0.816496580927726;2.5;3
413;2019;6;4.286607049870562;2;10;-0.7258231222558292;2.8577380332470415;1.5;3
413;2020;3;4.286607049870562;0;8;-0.7258231222558292;2.8577380332470415;1.5;3
413;2021;1;4.286607049870562;0;5;-0.7258231222558292;2.8577380332470415;1.5;3
413;2022;0;4.286607049870562;0;3;-0.7258231222558292;2.8577380332470415;1.5;3
414;2019;4;2.449489742783178;2;7;0.8660254037844385;1.632993161855452;1.5;3
414;2020;2;2.449489742783178;0;5;0.8660254037844385;1.632993161855452;1.5;3
414;2021;0;2.449489742783178;0;3;0.8660254037844385;1.632993161855452;1.5;3
414;2022;0;2.449489742783178;0;1;0.8660254037844385;1.632993161855452;1.5;3
415;2019;2;14.288690166235202;0;17;0.0;5.715476066494081;2.5;3
415;2020;2;14.288690166235202;0;17;0.0;5.715476066494081;2.5;3
415;2021;2;14.288690166235202;0;17;0.0;5.715476066494081;2.5;3
415;2022;2;14.288690166235202;0;17;0.0;5.715476066494081;2.5;3
416;2019;23;85.73214099741125;0;109;-0.7559289460184545;57.15476066494083;1.5;3
416;2020;23;85.73214099741125;0;109;-0.7559289460184545;57.15476066494083;1.5;3
416;2021;23;85.73214099741125;0;109;-0.7559289460184545;57.15476066494083;1.5;3
416;2022;23;85.73214099741125;0;109;-0.7559289460184545;57.15476066494083;1.5;3
417;2019;0;0.0;0;0;;0.0;2.5;3
417;2020;0;0.0;0;0;;0.0;2.5;3
417;2021;0;0.0;0;0;;0.0;2.5;3
417;2022;0;0.0;0;0;;0.0;2.5;3
418;2019;2;0.816496580927726;1;2;-1.0;0.816496580927726;1.0;3
418;2020;1;0.816496580927726;0;1;-1.0;0.816496580927726;1.0;3
418;2021;0;0.816496580927726;0;0;-1.0;0.816496580927726;1.0;3
418;2022;0;0.816496580927726;0;0;-1.0;0.816496580927726;1.0;3
419;2019;0;0.0;0;0;;0.0;2.5;3
419;2020;0;0.0;0;0;;0.0;2.5;3
419;2021;0;0.0;0;0;;0.0;2.5;3
419;2022;0;0.0;0;0;;0.0;2.5;3
420;2019;1;1.0206207261596576;0;2;;0.408248290463863;2.5;3
420;2020;1;1.0206207261596576;0;2;;0.408248290463863;2.5;3
420;2021;0;1.0206207261596576;0;1;;0.408248290463863;2.5;3
420;2022;0;1.0206207261596576;0;1;;0.408248290463863;2.5;3
421;2019;0;0.816496580927726;0;1;-0.9999999999999998;0.816496580927726;1.0;3
421;2020;0;0.816496580927726;0;1;-0.9999999999999998;0.816496580927726;1.0;3
421;2021;0;0.816496580927726;0;1;-0.9999999999999998;0.816496580927726;1.0;3
421;2022;0;0.816496580927726;0;1;-0.9999999999999998;0.816496580927726;1.0;3
423;2019;3;6.123724356957945;0;9;0.0;2.449489742783178;2.5;3
423;2020;3;6.123724356957945;0;9;0.0;2.449489742783178;2.5;3
423;2021;3;6.123724356957945;0;9;0.0;2.449489742783178;2.5;3
423;2022;3;6.123724356957945;0;9;0.0;2.449489742783178;2.5;3
424;2019;3;4.08248290463863;0;7;-0.18898223650461357;1.632993161855452;2.5;3
424;2020;4;4.08248290463863;0;8;-0.18898223650461357;1.632993161855452;2.5;3
424;2021;5;4.08248290463863;1;9;-0.18898223650461357;1.632993161855452;2.5;3
424;2022;6;4.08248290463863;2;10;-0.18898223650461357;1.632993161855452;2.5;3
425;2019;14;13.268069440075546;1;27;-0.45855714559967564;5.307227776030219;2.5;3
425;2020;10;13.268069440075546;0;24;-0.45855714559967564;5.307227776030219;2.5;3
425;2021;7;13.268069440075546;0;20;-0.45855714559967564;5.307227776030219;2.5;3
425;2022;3;13.268069440075546;0;17;-0.45855714559967564;5.307227776030219;2.5;3
426;2019;1;4.898979485566357;0;6;-0.5000000000000001;2.4494897427831783;2.0;3
426;2020;1;4.898979485566357;0;6;-0.5000000000000001;2.4494897427831783;2.0;3
426;2021;1;4.898979485566357;0;6;-0.5000000000000001;2.4494897427831783;2.0;3
426;2022;1;4.898979485566357;0;6;-0.5000000000000001;2.4494897427831783;2.0;3
427;2019;0;0.816496580927726;0;1;0.9999999999999998;0.816496580927726;1.0;3
427;2020;0;0.816496580927726;0;1;0.9999999999999998;0.816496580927726;1.0;3
427;2021;0;0.816496580927726;0;1;0.9999999999999998;0.816496580927726;1.0;3
427;2022;0;0.816496580927726;0;1;0.9999999999999998;0.816496580927726;1.0;3
428;2019;0;1.224744871391589;0;1;0.9707253433941511;1.224744871391589;1.0;3
428;2020;1;1.224744871391589;0;2;0.9707253433941511;1.224744871391589;1.0;3
428;2021;2;1.224744871391589;1;4;0.9707253433941511;1.224744871391589;1.0;3
428;2022;4;1.224744871391589;3;5;0.9707253433941511;1.224744871391589;1.0;3
429;2019;0;1.632993161855452;0;2;-0.6719319439596788;0.816496580927726;2.0;3
429;2020;0;1.632993161855452;0;2;-0.6719319439596788;0.816496580927726;2.0;3
429;2021;0;1.632993161855452;0;2;-0.6719319439596788;0.816496580927726;2.0;3
429;2022;0;1.632993161855452;0;2;-0.6719319439596788;0.816496580927726;2.0;3
430;2019;0;1.632993161855452;0;1;-0.5;0.816496580927726;2.0;3
430;2020;1;1.632993161855452;0;2;-0.5;0.816496580927726;2.0;3
430;2021;2;1.632993161855452;0;3;-0.5;0.816496580927726;2.0;3
430;2022;3;1.632993161855452;1;4;-0.5;0.816496580927726;2.0;3
431;2019;0;0.0;0;0;-0.8660254037844387;0.0;1.5;3
431;2020;1;0.0;1;1;-0.8660254037844387;0.0;1.5;3
431;2021;2;0.0;2;2;-0.8660254037844387;0.0;1.5;3
431;2022;3;0.0;3;3;-0.8660254037844387;0.0;1.5;3
432;2019;2;0.0;2;2;0.8660254037844387;0.0;1.5;3
432;2020;1;0.0;1;1;0.8660254037844387;0.0;1.5;3
432;2021;0;0.0;0;0;0.8660254037844387;0.0;1.5;3
432;2022;0;0.0;0;0;0.8660254037844387;0.0;1.5;3
433;2019;4;8.16496580927726;0;12;0.21677749238103003;3.265986323710904;2.5;3
433;2020;3;8.16496580927726;0;11;0.21677749238103003;3.265986323710904;2.5;3
433;2021;2;8.16496580927726;0;10;0.21677749238103003;3.265986323710904;2.5;3
433;2022;1;8.16496580927726;0;9;0.21677749238103003;3.265986323710904;2.5;3
434;2019;0;0.0;0;0;;0.0;2.5;3
434;2020;0;0.0;0;0;;0.0;2.5;3
434;2021;0;0.0;0;0;;0.0;2.5;3
434;2022;0;0.0;0;0;;0.0;2.5;3
435;2019;0;0.0;0;0;;0.0;2.5;3
435;2020;0;0.0;0;0;;0.0;2.5;3
435;2021;0;0.0;0;0;;0.0;2.5;3
435;2022;0;0.0;0;0;;0.0;2.5;3
436;2019;1;1.224744871391589;0;2;-0.7559289460184545;0.816496580927726;1.5;3
436;2020;2;1.224744871391589;0;3;-0.7559289460184545;0.816496580927726;1.5;3
436;2021;3;1.224744871391589;1;4;-0.7559289460184545;0.816496580927726;1.5;3
436;2022;4;1.224744871391589;2;5;-0.7559289460184545;0.816496580927726;1.5;3
437;2019;1;1.0206207261596576;0;2;0.0;0.408248290463863;2.5;3
437;2020;0;1.0206207261596576;0;1;0.0;0.408248290463863;2.5;3
437;2021;0;1.0206207261596576;0;1;0.0;0.408248290463863;2.5;3
437;2022;0;1.0206207261596576;0;0;0.0;0.408248290463863;2.5;3
439;2019;10;7.144345083117603;3;17;-0.28256254931776525;2.857738033247041;2.5;3
439;2020;8;7.144345083117603;1;15;-0.28256254931776525;2.857738033247041;2.5;3
439;2021;7;7.144345083117603;0;14;-0.28256254931776525;2.857738033247041;2.5;3
439;2022;5;7.144345083117603;0;12;-0.28256254931776525;2.857738033247041;2.5;3
440;2019;0;0.0;0;0;;0.0;2.5;3
440;2020;0;0.0;0;0;;0.0;2.5;3
440;2021;0;0.0;0;0;;0.0;2.5;3
440;2022;0;0.0;0;0;;0.0;2.5;3
441;2019;2;1.8371173070873834;1;4;-0.8660254037844387;1.224744871391589;1.5;3
441;2020;2;1.8371173070873834;0;4;-0.8660254037844387;1.224744871391589;1.5;3
441;2021;2;1.8371173070873834;0;3;-0.8660254037844387;1.224744871391589;1.5;3
441;2022;1;1.8371173070873834;0;3;-0.8660254037844387;1.224744871391589;1.5;3
442;2019;5;0.0;5;5;-1.0;0.0;1.0;3
442;2020;3;0.0;3;3;-1.0;0.0;1.0;3
442;2021;1;0.0;1;1;-1.0;0.0;1.0;3
442;2022;0;0.0;0;0;-1.0;0.0;1.0;3
443;2019;1;5.103103630798288;0;6;;2.041241452319315;2.5;3
443;2020;1;5.103103630798288;0;6;;2.041241452319315;2.5;3
443;2021;2;5.103103630798288;0;7;;2.041241452319315;2.5;3
443;2022;2;5.103103630798288;0;7;;2.041241452319315;2.5;3
444;2019;2;3.0618621784789726;0;6;;1.224744871391589;2.5;3
444;2020;1;3.0618621784789726;0;4;;1.224744871391589;2.5;3
444;2021;0;3.0618621784789726;0;3;;1.224744871391589;2.5;3
444;2022;0;3.0618621784789726;0;1;;1.224744871391589;2.5;3
445;2019;0;0.0;0;0;;0.0;2.5;3
445;2020;0;0.0;0;0;;0.0;2.5;3
445;2021;0;0.0;0;0;;0.0;2.5;3
445;2022;0;0.0;0;0;;0.0;2.5;3
446;2019;2;6.123724356957945;0;8;-0.8660254037844387;4.08248290463863;1.5;3
446;2020;2;6.123724356957945;0;8;-0.8660254037844387;4.08248290463863;1.5;3
446;2021;2;6.123724356957945;0;8;-0.8660254037844387;4.08248290463863;1.5;3
446;2022;2;6.123724356957945;0;8;-0.8660254037844387;4.08248290463863;1.5;3
447;2019;2;4.0824829046386295;0;6;0.35921060405354976;1.6329931618554518;2.5;3
447;2020;2;4.0824829046386295;0;6;0.35921060405354976;1.6329931618554518;2.5;3
447;2021;2;4.0824829046386295;0;6;0.35921060405354976;1.6329931618554518;2.5;3
447;2022;2;4.0824829046386295;0;6;0.35921060405354976;1.6329931618554518;2.5;3
448;2019;3;5.103103630798288;0;8;-0.1889822365046136;2.041241452319315;2.5;3
448;2020;3;5.103103630798288;0;8;-0.1889822365046136;2.041241452319315;2.5;3
448;2021;2;5.103103630798288;0;7;-0.1889822365046136;2.041241452319315;2.5;3
448;2022;2;5.103103630798288;0;7;-0.1889822365046136;2.041241452319315;2.5;3
449;2019;0;3.0618621784789726;0;4;0.0;1.224744871391589;2.5;3
449;2020;1;3.0618621784789726;0;4;0.0;1.224744871391589;2.5;3
449;2021;2;3.0618621784789726;0;5;0.0;1.224744871391589;2.5;3
449;2022;2;3.0618621784789726;0;5;0.0;1.224744871391589;2.5;3
450;2019;10;13.268069440075546;0;23;0.2872284522518426;5.307227776030219;2.5;3
450;2020;7;13.268069440075546;0;21;0.2872284522518426;5.307227776030219;2.5;3
450;2021;5;13.268069440075546;0;18;0.2872284522518426;5.307227776030219;2.5;3
450;2022;2;13.268069440075546;0;16;0.2872284522518426;5.307227776030219;2.5;3
451;2019;5;4.898979485566356;0;10;-0.5;2.449489742783178;2.0;3
451;2020;2;4.898979485566356;0;7;-0.5;2.449489742783178;2.0;3
451;2021;0;4.898979485566356;0;4;-0.5;2.449489742783178;2.0;3
451;2022;0;4.898979485566356;0;1;-0.5;2.449489742783178;2.0;3
452;2019;1;4.898979485566357;0;6;0.5000000000000001;2.4494897427831783;2.0;3
452;2020;1;4.898979485566357;0;6;0.5000000000000001;2.4494897427831783;2.0;3
452;2021;1;4.898979485566357;0;6;0.5000000000000001;2.4494897427831783;2.0;3
452;2022;1;4.898979485566357;0;6;0.5000000000000001;2.4494897427831783;2.0;3
453;2019;2;3.6742346141747673;0;5;0.9819805060619656;3.6742346141747673;1.0;3
453;2020;2;3.6742346141747673;0;6;0.9819805060619656;3.6742346141747673;1.0;3
453;2021;2;3.6742346141747673;0;6;0.9819805060619656;3.6742346141747673;1.0;3
453;2022;3;3.6742346141747673;0;7;0.9819805060619656;3.6742346141747673;1.0;3
454;2019;1;1.0206207261596576;0;2;0.0;0.408248290463863;2.5;3
454;2020;1;1.0206207261596576;0;2;0.0;0.408248290463863;2.5;3
454;2021;0;1.0206207261596576;0;1;0.0;0.408248290463863;2.5;3
454;2022;0;1.0206207261596576;0;1;0.0;0.408248290463863;2.5;3
455;2019;20;27.556759606310752;0;47;0.3523807393012047;11.022703842524301;2.5;3
455;2020;10;27.556759606310752;0;38;0.3523807393012047;11.022703842524301;2.5;3
455;2021;0;27.556759606310752;0;28;0.3523807393012047;11.022703842524301;2.5;3
455;2022;0;27.556759606310752;0;19;0.3523807393012047;11.022703842524301;2.5;3
456;2019;0;0.0;0;0;;0.0;2.5;3
456;2020;0;0.0;0;0;;0.0;2.5;3
456;2021;0;0.0;0;0;;0.0;2.5;3
456;2022;0;0.0;0;0;;0.0;2.5;3
457;2019;0;0.0;0;0;;0.0;2.5;3
457;2020;0;0.0;0;0;;0.0;2.5;3
457;2021;0;0.0;0;0;;0.0;2.5;3
457;2022;0;0.0;0;0;;0.0;2.5;3
458;2019;5;1.0206207261596576;4;6;0.21677749238102997;0.408248290463863;2.5;3
458;2020;2;1.0206207261596576;1;3;0.21677749238102997;0.408248290463863;2.5;3
458;2021;0;1.0206207261596576;0;1;0.21677749238102997;0.408248290463863;2.5;3
458;2022;0;1.0206207261596576;0;0;0.21677749238102997;0.408248290463863;2.5;3
460;2019;0;0.0;0;0;;0.0;2.5;3
460;2020;0;0.0;0;0;;0.0;2.5;3
460;2021;0;0.0;0;0;;0.0;2.5;3
460;2022;0;0.0;0;0;;0.0;2.5;3
461;2019;7;4.898979485566356;2;12;0.7824666287099551;3.265986323710904;1.5;3
461;2020;4;4.898979485566356;0;9;0.7824666287099551;3.265986323710904;1.5;3
461;2021;1;4.898979485566356;0;6;0.7824666287099551;3.265986323710904;1.5;3
461;2022;0;4.898979485566356;0;3;0.7824666287099551;3.265986323710904;1.5;3
463;2019;0;0.0;0;0;;0.0;2.5;3
463;2020;0;0.0;0;0;;0.0;2.5;3
463;2021;0;0.0;0;0;;0.0;2.5;3
463;2022;0;0.0;0;0;;0.0;2.5;3
464;2019;4;3.0618621784789726;0;7;0.0;1.224744871391589;2.5;3
464;2020;3;3.0618621784789726;0;6;0.0;1.224744871391589;2.5;3
464;2021;2;3.0618621784789726;0;6;0.0;1.224744871391589;2.5;3
464;2022;2;3.0618621784789726;0;5;0.0;1.224744871391589;2.5;3
465;2019;2;3.0618621784789726;0;5;0.32732683535398854;1.224744871391589;2.5;3
465;2020;2;3.0618621784789726;0;5;0.32732683535398854;1.224744871391589;2.5;3
465;2021;2;3.0618621784789726;0;6;0.32732683535398854;1.224744871391589;2.5;3
465;2022;3;3.0618621784789726;0;6;0.32732683535398854;1.224744871391589;2.5;3
466;2019;0;2.041241452319315;0;2;;0.816496580927726;2.5;3
466;2020;1;2.041241452319315;0;3;;0.816496580927726;2.5;3
466;2021;2;2.041241452319315;0;4;;0.816496580927726;2.5;3
466;2022;3;2.041241452319315;1;5;;0.816496580927726;2.5;3
467;2019;0;0.816496580927726;0;1;-0.5;0.408248290463863;2.0;3
467;2020;0;0.816496580927726;0;1;-0.5;0.408248290463863;2.0;3
467;2021;1;0.816496580927726;0;2;-0.5;0.408248290463863;2.0;3
467;2022;1;0.816496580927726;1;2;-0.5;0.408248290463863;2.0;3
468;2019;142;6.531972647421808;135;148;-0.9224587508450028;6.531972647421808;1.0;3
468;2020;127;6.531972647421808;120;133;-0.9224587508450028;6.531972647421808;1.0;3
468;2021;112;6.531972647421808;105;118;-0.9224587508450028;6.531972647421808;1.0;3
468;2022;97;6.531972647421808;90;103;-0.9224587508450028;6.531972647421808;1.0;3
469;2019;96;42.86607049870562;53;139;-0.18637692524515667;17.146428199482248;2.5;3
469;2020;78;42.86607049870562;35;121;-0.18637692524515667;17.146428199482248;2.5;3
469;2021;60;42.86607049870562;17;103;-0.18637692524515667;17.146428199482248;2.5;3
469;2022;42;42.86607049870562;0;85;-0.18637692524515667;17.146428199482248;2.5;3
470;2019;8;7.960841664045329;0;16;0.7244897959183674;5.30722777603022;1.5;3
470;2020;9;7.960841664045329;1;17;0.7244897959183674;5.30722777603022;1.5;3
470;2021;11;7.960841664045329;3;19;0.7244897959183674;5.30722777603022;1.5;3
470;2022;12;7.960841664045329;4;20;0.7244897959183674;5.30722777603022;1.5;3
471;2019;10;3.0618621784789726;6;13;-0.052414241836095915;1.224744871391589;2.5;3
471;2020;7;3.0618621784789726;4;10;-0.052414241836095915;1.224744871391589;2.5;3
471;2021;4;3.0618621784789726;1;8;-0.052414241836095915;1.224744871391589;2.5;3
471;2022;2;3.0618621784789726;0;5;-0.052414241836095915;1.224744871391589;2.5;3
472;2019;0;0.0;0;0;;0.0;2.5;3
472;2020;0;0.0;0;0;;0.0;2.5;3
472;2021;0;0.0;0;0;;0.0;2.5;3
472;2022;0;0.0;0;0;;0.0;2.5;3
473;2019;3;3.265986323710904;0;7;-0.9912407071619304;3.265986323710904;1.0;3
473;2020;6;3.265986323710904;3;10;-0.9912407071619304;3.265986323710904;1.0;3
473;2021;9;3.265986323710904;6;13;-0.9912407071619304;3.265986323710904;1.0;3
473;2022;12;3.265986323710904;9;16;-0.9912407071619304;3.265986323710904;1.0;3
474;2019;111;1.224744871391589;109;112;-0.8300308207898853;0.816496580927726;1.5;3
474;2020;83;1.224744871391589;81;84;-0.8300308207898853;0.816496580927726;1.5;3
474;2021;55;1.224744871391589;53;56;-0.8300308207898853;0.816496580927726;1.5;3
474;2022;27;1.224744871391589;25;28;-0.8300308207898853;0.816496580927726;1.5;3
476;2019;1;1.6329931618554518;0;3;-0.6286185570937122;0.8164965809277259;2.0;3
476;2020;1;1.6329931618554518;0;3;-0.6286185570937122;0.8164965809277259;2.0;3
476;2021;1;1.6329931618554518;0;3;-0.6286185570937122;0.8164965809277259;2.0;3
476;2022;1;1.6329931618554518;0;3;-0.6286185570937122;0.8164965809277259;2.0;3
478;2019;33;28.577380332470415;5;62;-0.06229501918672287;11.430952132988166;2.5;3
478;2020;23;28.577380332470415;0;52;-0.06229501918672287;11.430952132988166;2.5;3
478;2021;13;28.577380332470415;0;42;-0.06229501918672287;11.430952132988166;2.5;3
478;2022;3;28.577380332470415;0;32;-0.06229501918672287;11.430952132988166;2.5;3
479;2019;3;4.0824829046386295;0;7;-0.6933752452815363;2.0412414523193148;2.0;3
479;2020;2;4.0824829046386295;0;6;-0.6933752452815363;2.0412414523193148;2.0;3
479;2021;0;4.0824829046386295;0;4;-0.6933752452815363;2.0412414523193148;2.0;3
479;2022;0;4.0824829046386295;0;3;-0.6933752452815363;2.0412414523193148;2.0;3
480;2019;0;0.6123724356957945;0;0;-0.8660254037844385;0.408248290463863;1.5;3
480;2020;0;0.6123724356957945;0;1;-0.8660254037844385;0.408248290463863;1.5;3
480;2021;1;0.6123724356957945;0;1;-0.8660254037844385;0.408248290463863;1.5;3
480;2022;1;0.6123724356957945;1;2;-0.8660254037844385;0.408248290463863;1.5;3
481;2019;0;1.0206207261596576;0;1;-0.4999999999999999;0.408248290463863;2.5;3
481;2020;0;1.0206207261596576;0;1;-0.4999999999999999;0.408248290463863;2.5;3
481;2021;1;1.0206207261596576;0;2;-0.4999999999999999;0.408248290463863;2.5;3
481;2022;1;1.0206207261596576;0;2;-0.4999999999999999;0.408248290463863;2.5;3
482;2019;0;4.0824829046386295;0;4;-0.5765566601970551;2.0412414523193148;2.0;3
482;2020;2;4.0824829046386295;0;6;-0.5765566601970551;2.0412414523193148;2.0;3
482;2021;3;4.0824829046386295;0;7;-0.5765566601970551;2.0412414523193148;2.0;3
482;2022;5;4.0824829046386295;1;9;-0.5765566601970551;2.0412414523193148;2.0;3
483;2019;1;1.0206207261596576;0;2;;0.408248290463863;2.5;3
483;2020;1;1.0206207261596576;0;2;;0.408248290463863;2.5;3
483;2021;0;1.0206207261596576;0;1;;0.408248290463863;2.5;3
483;2022;0;1.0206207261596576;0;1;;0.408248290463863;2.5;3
484;2019;0;0.816496580927726;0;1;-0.5;0.408248290463863;2.0;3
484;2020;0;0.816496580927726;0;1;-0.5;0.408248290463863;2.0;3
484;2021;1;0.816496580927726;0;2;-0.5;0.408248290463863;2.0;3
484;2022;1;0.816496580927726;1;2;-0.5;0.408248290463863;2.0;3
485;2019;0;0.0;0;0;;0.0;2.5;3
485;2020;0;0.0;0;0;;0.0;2.5;3
485;2021;0;0.0;0;0;;0.0;2.5;3
485;2022;0;0.0;0;0;;0.0;2.5;3
486;2019;5;0.816496580927726;4;5;1.0;0.816496580927726;1.0;3
486;2020;4;0.816496580927726;3;4;1.0;0.816496580927726;1.0;3
486;2021;3;0.816496580927726;2;3;1.0;0.816496580927726;1.0;3
486;2022;2;0.816496580927726;1;2;1.0;0.816496580927726;1.0;3
487;2019;0;0.0;0;0;;0.0;2.5;3
487;2020;0;0.0;0;0;;0.0;2.5;3
487;2021;0;0.0;0;0;;0.0;2.5;3
487;2022;0;0.0;0;0;;0.0;2.5;3
488;2019;443;588.8981589941225;0;1032;0.3893983229402564;235.55926359764896;2.5;3
488;2020;367;588.8981589941225;0;956;0.3893983229402564;235.55926359764896;2.5;3
488;2021;292;588.8981589941225;0;881;0.3893983229402564;235.55926359764896;2.5;3
488;2022;216;588.8981589941225;0;805;0.3893983229402564;235.55926359764896;2.5;3
489;2019;98;124.51572859147822;0;222;-0.23616753454307587;49.80629143659129;2.5;3
489;2020;75;124.51572859147822;0;199;-0.23616753454307587;49.80629143659129;2.5;3
489;2021;52;124.51572859147822;0;176;-0.23616753454307587;49.80629143659129;2.5;3
489;2022;29;124.51572859147822;0;153;-0.23616753454307587;49.80629143659129;2.5;3
490;2019;0;0.0;0;0;;0.0;2.5;3
490;2020;0;0.0;0;0;;0.0;2.5;3
490;2021;0;0.0;0;0;;0.0;2.5;3
490;2022;0;0.0;0;0;;0.0;2.5;3
491;2019;0;1.224744871391589;0;1;1.0;1.224744871391589;1.0;3
491;2020;1;1.224744871391589;0;2;1.0;1.224744871391589;1.0;3
491;2021;2;1.224744871391589;1;4;1.0;1.224744871391589;1.0;3
491;2022;4;1.224744871391589;3;5;1.0;1.224744871391589;1.0;3
492;2019;0;0.0;0;0;-0.7559289460184544;0.0;1.5;3
492;2020;2;0.0;2;2;-0.7559289460184544;0.0;1.5;3
492;2021;4;0.0;4;4;-0.7559289460184544;0.0;1.5;3
492;2022;6;0.0;6;6;-0.7559289460184544;0.0;1.5;3
493;2019;0;0.0;0;0;;0.0;2.5;3
493;2020;0;0.0;0;0;;0.0;2.5;3
493;2021;0;0.0;0;0;;0.0;2.5;3
493;2022;0;0.0;0;0;;0.0;2.5;3
494;2019;75;135.74255657923447;0;211;-0.02207054388022588;54.297022631693785;2.5;3
494;2020;59;135.74255657923447;0;195;-0.02207054388022588;54.297022631693785;2.5;3
494;2021;44;135.74255657923447;0;180;-0.02207054388022588;54.297022631693785;2.5;3
494;2022;28;135.74255657923447;0;164;-0.02207054388022588;54.297022631693785;2.5;3
495;2019;2;3.0618621784789726;0;5;0.3973597071195132;1.224744871391589;2.5;3
495;2020;1;3.0618621784789726;0;4;0.3973597071195132;1.224744871391589;2.5;3
495;2021;0;3.0618621784789726;0;4;0.3973597071195132;1.224744871391589;2.5;3
495;2022;0;3.0618621784789726;0;3;0.3973597071195132;1.224744871391589;2.5;3
496;2019;9;7.3484692283495345;2;16;0.9750002110024923;7.3484692283495345;1.0;3
496;2020;11;7.3484692283495345;4;18;0.9750002110024923;7.3484692283495345;1.0;3
496;2021;13;7.3484692283495345;6;20;0.9750002110024923;7.3484692283495345;1.0;3
496;2022;15;7.3484692283495345;8;22;0.9750002110024923;7.3484692283495345;1.0;3
497;2019;13;20.41241452319315;0;34;0.02509428066142478;8.164965809277259;2.5;3
497;2020;13;20.41241452319315;0;34;0.02509428066142478;8.164965809277259;2.5;3
497;2021;13;20.41241452319315;0;34;0.02509428066142478;8.164965809277259;2.5;3
497;2022;13;20.41241452319315;0;34;0.02509428066142478;8.164965809277259;2.5;3
498;2019;4;4.898979485566357;0;9;0.5000000000000001;2.4494897427831783;2.0;3
498;2020;4;4.898979485566357;0;9;0.5000000000000001;2.4494897427831783;2.0;3
498;2021;4;4.898979485566357;0;9;0.5000000000000001;2.4494897427831783;2.0;3
498;2022;4;4.898979485566357;0;9;0.5000000000000001;2.4494897427831783;2.0;3
499;2019;5;2.8577380332470415;2;8;0.9878291611472622;2.8577380332470415;1.0;3
499;2020;2;2.8577380332470415;0;5;0.9878291611472622;2.8577380332470415;1.0;3
499;2021;0;2.8577380332470415;0;3;0.9878291611472622;2.8577380332470415;1.0;3
499;2022;0;2.8577380332470415;0;0;0.9878291611472622;2.8577380332470415;1.0;3
