municipio_id;ano_previsao;previsao_homicidios;margem_erro_k;previsao_min;previsao_max;correlacao_temporal_r;erro_padrao_se;fator_penalidade_fr;n_anos_dados
1;2019;1;3.3266599866332442;0;4;0.6827243455226345;1.6633299933166221;2.0;5
1;2020;1;3.3266599866332442;0;5;0.6827243455226345;1.6633299933166221;2.0;5
1;2021;2;3.3266599866332442;0;5;0.6827243455226345;1.6633299933166221;2.0;5
1;2022;2;3.3266599866332442;0;5;0.6827243455226345;1.6633299933166221;2.0;5
1;2023;2;3.3266599866332442;0;6;0.6827243455226345;1.6633299933166221;2.0;5
1;2024;2;3.3266599866332442;0;6;0.6827243455226345;1.6633299933166221;2.0;5
2;2019;0;1.5138251770487263;0;2;0.372677996249965;0.6055300708194905;2.5;5
2;2020;0;1.5138251770487263;0;2;0.372677996249965;0.6055300708194905;2.5;5
2;2021;0;1.5138251770487263;0;2;0.372677996249965;0.6055300708194905;2.5;5
2;2022;0;1.5138251770487263;0;2;0.372677996249965;0.6055300708194905;2.5;5
2;2023;1;1.5138251770487263;0;2;0.372677996249965;0.6055300708194905;2.5;5
2;2024;1;1.5138251770487263;0;2;0.372677996249965;0.6055300708194905;2.5;5
3;2019;2;3.2596012026012877;0;5;-0.4564354645876385;1.303840481040515;2.5;5
3;2020;1;3.2596012026012877;0;5;-0.4564354645876385;1.303840481040515;2.5;5
3;2021;1;3.2596012026012877;0;4;-0.4564354645876385;1.303840481040515;2.5;5
3;2022;1;3.2596012026012877;0;4;-0.4564354645876385;1.303840481040515;2.5;5
3;2023;0;3.2596012026012877;0;4;-0.4564354645876385;1.303840481040515;2.5;5
3;2024;0;3.2596012026012877;0;3;-0.4564354645876385;1.303840481040515;2.5;5
4;2019;98;58.23086237841064;40;157;-0.37876353552384845;23.292344951364257;2.5;5
4;2020;84;58.23086237841064;26;142;-0.37876353552384845;23.292344951364257;2.5;5
4;2021;70;58.23086237841064;12;128;-0.37876353552384845;23.292344951364257;2.5;5
4;2022;56;58.23086237841064;0;114;-0.37876353552384845;23.292344951364257;2.5;5
4;2023;42;58.23086237841064;0;100;-0.37876353552384845;23.292344951364257;2.5;5
4;2024;27;58.23086237841064;0;86;-0.37876353552384845;23.292344951364257;2.5;5
5;2019;2;2.309401076758503;0;4;0.5590169943749475;1.1547005383792515;2.0;5
5;2020;2;2.309401076758503;0;4;0.5590169943749475;1.1547005383792515;2.0;5
5;2021;2;2.309401076758503;0;4;0.5590169943749475;1.1547005383792515;2.0;5
5;2022;2;2.309401076758503;0;4;0.5590169943749475;1.1547005383792515;2.0;5
5;2023;2;2.309401076758503;0;4;0.5590169943749475;1.1547005383792515;2.0;5
5;2024;2;2.309401076758503;0;4;0.5590169943749475;1.1547005383792515;2.0;5
6;2019;6;10.224154406763029;0;16;0.6821562372388006;5.1120772033815145;2.0;5
6;2020;7;10.224154406763029;0;18;0.6821562372388006;5.1120772033815145;2.0;5
6;2021;9;10.224154406763029;0;19;0.6821562372388006;5.1120772033815145;2.0;5
6;2022;11;10.224154406763029;0;21;0.6821562372388006;5.1120772033815145;2.0;5
6;2023;12;10.224154406763029;2;22;0.6821562372388006;5.1120772033815145;2.0;5
6;2024;14;10.224154406763029;4;24;0.6821562372388006;5.1120772033815145;2.0;5
7;2019;4;2.9930474993446623;1;7;-0.3087215730716292;1.1972189997378648;2.5;5
7;2020;3;2.9930474993446623;0;6;-0.3087215730716292;1.1972189997378648;2.5;5
7;2021;3;2.9930474993446623;0;6;-0.3087215730716292;1.1972189997378648;2.5;5
7;2022;2;2.9930474993446623;0;5;-0.3087215730716292;1.1972189997378648;2.5;5
7;2023;2;2.9930474993446623;0;5;-0.3087215730716292;1.1972189997378648;2.5;5
7;2024;1;2.9930474993446623;0;4;-0.3087215730716292;1.1972189997378648;2.5;5
8;2019;1;4.774934554525214;0;6;0.8045819261217457;3.1832897030168095;1.5;5
8;2020;5;4.774934554525214;0;10;0.8045819261217457;3.1832897030168095;1.5;5
8;2021;9;4.774934554525214;4;14;0.8045819261217457;3.1832897030168095;1.5;5
8;2022;13;4.774934554525214;8;17;0.8045819261217457;3.1832897030168095;1.5;5
8;2023;16;4.774934554525214;12;21;0.8045819261217457;3.1832897030168095;1.5;5
8;2024;20;4.774934554525214;15;25;0.8045819261217457;3.1832897030168095;1.5;5
9;2019;1;3.5059473279938187;0;5;-0.12862393885688167;1.4023789311975274;2.5;5
9;2020;1;3.5059473279938187;0;5;-0.12862393885688167;1.4023789311975274;2.5;5
9;2021;1;3.5059473279938187;0;4;-0.12862393885688167;1.4023789311975274;2.5;5
9;2022;0;3.5059473279938187;0;4;-0.12862393885688167;1.4023789311975274;2.5;5
9;2023;0;3.5059473279938187;0;4;-0.12862393885688167;1.4023789311975274;2.5;5
9;2024;0;3.5059473279938187;0;3;-0.12862393885688167;1.4023789311975274;2.5;5
10;2019;0;7.728734264634336;0;8;0.6123724356957946;3.864367132317168;2.0;5
10;2020;1;7.728734264634336;0;9;0.6123724356957946;3.864367132317168;2.0;5
10;2021;2;7.728734264634336;0;9;0.6123724356957946;3.864367132317168;2.0;5
10;2022;2;7.728734264634336;0;10;0.6123724356957946;3.864367132317168;2.0;5
10;2023;3;7.728734264634336;0;11;0.6123724356957946;3.864367132317168;2.0;5
10;2024;4;7.728734264634336;0;12;0.6123724356957946;3.864367132317168;2.0;5
11;2019;0;1.5916448515084716;0;2;-0.5710915448162817;0.7958224257542358;2.0;5
11;2020;0;1.5916448515084716;0;2;-0.5710915448162817;0.7958224257542358;2.0;5
11;2021;1;1.5916448515084716;0;2;-0.5710915448162817;0.7958224257542358;2.0;5
11;2022;1;1.5916448515084716;0;3;-0.5710915448162817;0.7958224257542358;2.0;5
11;2023;1;1.5916448515084716;0;3;-0.5710915448162817;0.7958224257542358;2.0;5
11;2024;2;1.5916448515084716;0;3;-0.5710915448162817;0.7958224257542358;2.0;5
12;2019;1;2.41522945769821;0;3;-0.309426373877638;0.9660917830792841;2.5;5
12;2020;1;2.41522945769821;0;3;-0.309426373877638;0.9660917830792841;2.5;5
12;2021;0;2.41522945769821;0;3;-0.309426373877638;0.9660917830792841;2.5;5
12;2022;0;2.41522945769821;0;3;-0.309426373877638;0.9660917830792841;2.5;5
12;2023;0;2.41522945769821;0;2;-0.309426373877638;0.9660917830792841;2.5;5
12;2024;0;2.41522945769821;0;2;-0.309426373877638;0.9660917830792841;2.5;5
13;2019;0;1.5138251770487263;0;2;-0.372677996249965;0.6055300708194905;2.5;5
13;2020;0;1.5138251770487263;0;2;-0.372677996249965;0.6055300708194905;2.5;5
13;2021;0;1.5138251770487263;0;2;-0.372677996249965;0.6055300708194905;2.5;5
13;2022;0;1.5138251770487263;0;2;-0.372677996249965;0.6055300708194905;2.5;5
13;2023;1;1.5138251770487263;0;2;-0.372677996249965;0.6055300708194905;2.5;5
13;2024;1;1.5138251770487263;0;2;-0.372677996249965;0.6055300708194905;2.5;5
14;2019;4;4.442221666388716;0;8;-0.5366734884263649;2.221110833194358;2.0;5
14;2020;3;4.442221666388716;0;7;-0.5366734884263649;2.221110833194358;2.0;5
14;2021;2;4.442221666388716;0;6;-0.5366734884263649;2.221110833194358;2.0;5
14;2022;1;4.442221666388716;0;5;-0.5366734884263649;2.221110833194358;2.0;5
14;2023;0;4.442221666388716;0;4;-0.5366734884263649;2.221110833194358;2.0;5
14;2024;0;4.442221666388716;0;3;-0.5366734884263649;2.221110833194358;2.0;5
15;2019;1;1.0327955589886444;0;2;-0.9185586535436918;1.0327955589886444;1.0;5
15;2020;1;1.0327955589886444;0;2;-0.9185586535436918;1.0327955589886444;1.0;5
15;2021;1;1.0327955589886444;0;2;-0.9185586535436918;1.0327955589886444;1.0;5
15;2022;1;1.0327955589886444;0;2;-0.9185586535436918;1.0327955589886444;1.0;5
15;2023;1;1.0327955589886444;0;2;-0.9185586535436918;1.0327955589886444;1.0;5
15;2024;1;1.0327955589886444;0;2;-0.9185586535436918;1.0327955589886444;1.0;5
16;2019;1;2.32379000772445;0;4;-0.8760229596018354;1.5491933384829668;1.5;5
16;2020;1;2.32379000772445;0;4;-0.8760229596018354;1.5491933384829668;1.5;5
16;2021;1;2.32379000772445;0;4;-0.8760229596018354;1.5491933384829668;1.5;5
16;2022;1;2.32379000772445;0;4;-0.8760229596018354;1.5491933384829668;1.5;5
16;2023;1;2.32379000772445;0;4;-0.8760229596018354;1.5491933384829668;1.5;5
16;2024;1;2.32379000772445;0;4;-0.8760229596018354;1.5491933384829668;1.5;5
17;2019;1;4.798437245604042;0;6;-0.7968583512122205;3.1989581637360276;1.5;5
17;2020;2;4.798437245604042;0;7;-0.7968583512122205;3.1989581637360276;1.5;5
17;2021;3;4.798437245604042;0;8;-0.7968583512122205;3.1989581637360276;1.5;5
17;2022;4;4.798437245604042;0;9;-0.7968583512122205;3.1989581637360276;1.5;5
17;2023;5;4.798437245604042;0;10;-0.7968583512122205;3.1989581637360276;1.5;5
17;2024;6;4.798437245604042;1;11;-0.7968583512122205;3.1989581637360276;1.5;5
18;2019;6;3.496426747409418;2;9;0.831126078156518;2.330951164939612;1.5;5
18;2020;5;3.496426747409418;2;9;0.831126078156518;2.330951164939612;1.5;5
18;2021;5;3.496426747409418;1;8;0.831126078156518;2.330951164939612;1.5;5
18;2022;4;3.496426747409418;1;8;0.831126078156518;2.330951164939612;1.5;5
18;2023;4;3.496426747409418;0;7;0.831126078156518;2.330951164939612;1.5;5
18;2024;3;3.496426747409418;0;7;0.831126078156518;2.330951164939612;1.5;5
19;2019;1;1.9895560643855328;0;3;-0.44426165831931924;0.7958224257542131;2.5;5
19;2020;1;1.9895560643855328;0;3;-0.44426165831931924;0.7958224257542131;2.5;5
19;2021;1;1.9895560643855328;0;3;-0.44426165831931924;0.7958224257542131;2.5;5
19;2022;1;1.9895560643855328;0;3;-0.44426165831931924;0.7958224257542131;2.5;5
19;2023;1;1.9895560643855328;0;3;-0.44426165831931924;0.7958224257542131;2.5;5
19;2024;1;1.9895560643855328;0;3;-0.44426165831931924;0.7958224257542131;2.5;5
20;2019;1;3.346640106136393;0;4;-0.639072678449717;1.6733200530681964;2.0;5
20;2020;1;3.346640106136393;0;5;-0.639072678449717;1.6733200530681964;2.0;5
20;2021;2;3.346640106136393;0;6;-0.639072678449717;1.6733200530681964;2.0;5
20;2022;3;3.346640106136393;0;6;-0.639072678449717;1.6733200530681964;2.0;5
20;2023;4;3.346640106136393;0;7;-0.639072678449717;1.6733200530681964;2.0;5
20;2024;5;3.346640106136393;1;8;-0.639072678449717;1.6733200530681964;2.0;5
21;2019;0;2.236067977499705;0;2;0.4128614119223852;0.894427190999882;2.5;5
21;2020;1;2.236067977499705;0;3;0.4128614119223852;0.894427190999882;2.5;5
21;2021;1;2.236067977499705;0;3;0.4128614119223852;0.894427190999882;2.5;5
21;2022;1;2.236067977499705;0;4;0.4128614119223852;0.894427190999882;2.5;5
21;2023;2;2.236067977499705;0;4;0.4128614119223852;0.894427190999882;2.5;5
21;2024;2;2.236067977499705;0;4;0.4128614119223852;0.894427190999882;2.5;5
22;2019;0;0.0;0;0;;0.0;2.5;5
22;2020;0;0.0;0;0;;0.0;2.5;5
22;2021;0;0.0;0;0;;0.0;2.5;5
22;2022;0;0.0;0;0;;0.0;2.5;5
22;2023;0;0.0;0;0;;0.0;2.5;5
22;2024;0;0.0;0;0;;0.0;2.5;5
23;2019;0;0.0;0;0;;0.0;2.5;5
23;2020;0;0.0;0;0;;0.0;2.5;5
23;2021;0;0.0;0;0;;0.0;2.5;5
23;2022;0;0.0;0;0;;0.0;2.5;5
23;2023;0;0.0;0;0;;0.0;2.5;5
23;2024;0;0.0;0;0;;0.0;2.5;5
24;2019;0;0.7302967433402423;0;1;-0.6123724356957946;0.36514837167012115;2.0;5
24;2020;0;0.7302967433402423;0;1;-0.6123724356957946;0.36514837167012115;2.0;5
24;2021;0;0.7302967433402423;0;1;-0.6123724356957946;0.36514837167012115;2.0;5
24;2022;0;0.7302967433402423;0;1;-0.6123724356957946;0.36514837167012115;2.0;5
24;2023;1;0.7302967433402423;0;1;-0.6123724356957946;0.36514837167012115;2.0;5
24;2024;1;0.7302967433402423;0;2;-0.6123724356957946;0.36514837167012115;2.0;5
25;2019;0;0.0;0;0;;0.0;2.5;5
25;2020;0;0.0;0;0;;0.0;2.5;5
25;2021;0;0.0;0;0;;0.0;2.5;5
25;2022;0;0.0;0;0;;0.0;2.5;5
25;2023;0;0.0;0;0;;0.0;2.5;5
25;2024;0;0.0;0;0;;0.0;2.5;5
26;2019;1;0.5477225575051661;0;1;0.8749999999999998;0.3651483716701107;1.5;5
26;2020;0;0.5477225575051661;0;1;0.8749999999999998;0.3651483716701107;1.5;5
26;2021;0;0.5477225575051661;0;1;0.8749999999999998;0.3651483716701107;1.5;5
26;2022;0;0.5477225575051661;0;1;0.8749999999999998;0.3651483716701107;1.5;5
26;2023;0;0.5477225575051661;0;0;0.8749999999999998;0.3651483716701107;1.5;5
26;2024;0;0.5477225575051661;0;0;0.8749999999999998;0.3651483716701107;1.5;5
27;2019;0;0.0;0;0;;0.0;2.5;5
27;2020;0;0.0;0;0;;0.0;2.5;5
27;2021;0;0.0;0;0;;0.0;2.5;5
27;2022;0;0.0;0;0;;0.0;2.5;5
27;2023;0;0.0;0;0;;0.0;2.5;5
27;2024;0;0.0;0;0;;0.0;2.5;5
28;2019;0;1.03279555898863;0;1;0.6123724356957946;0.516397779494315;2.0;5
28;2020;0;1.03279555898863;0;1;0.6123724356957946;0.516397779494315;2.0;5
28;2021;0;1.03279555898863;0;1;0.6123724356957946;0.516397779494315;2.0;5
28;2022;1;1.03279555898863;0;2;0.6123724356957946;0.516397779494315;2.0;5
28;2023;1;1.03279555898863;0;2;0.6123724356957946;0.516397779494315;2.0;5
28;2024;1;1.03279555898863;0;2;0.6123724356957946;0.516397779494315;2.0;5
29;2019;0;0.9660917830792841;0;1;0.5833333333333334;0.48304589153964206;2.0;5
29;2020;0;0.9660917830792841;0;1;0.5833333333333334;0.48304589153964206;2.0;5
29;2021;0;0.9660917830792841;0;1;0.5833333333333334;0.48304589153964206;2.0;5
29;2022;0;0.9660917830792841;0;1;0.5833333333333334;0.48304589153964206;2.0;5
29;2023;0;0.9660917830792841;0;1;0.5833333333333334;0.48304589153964206;2.0;5
29;2024;0;0.9660917830792841;0;1;0.5833333333333334;0.48304589153964206;2.0;5
30;2019;0;0.0;0;0;;0.0;2.5;5
30;2020;0;0.0;0;0;;0.0;2.5;5
30;2021;0;0.0;0;0;;0.0;2.5;5
30;2022;0;0.0;0;0;;0.0;2.5;5
30;2023;0;0.0;0;0;;0.0;2.5;5
30;2024;0;0.0;0;0;;0.0;2.5;5
31;2019;16;10.24695076595995;6;26;0.43797250053381515;4.09878030638398;2.5;5
31;2020;15;10.24695076595995;4;25;0.43797250053381515;4.09878030638398;2.5;5
31;2021;13;10.24695076595995;3;23;0.43797250053381515;4.09878030638398;2.5;5
31;2022;11;10.24695076595995;1;22;0.43797250053381515;4.09878030638398;2.5;5
31;2023;10;10.24695076595995;0;20;0.43797250053381515;4.09878030638398;2.5;5
31;2024;8;10.24695076595995;0;18;0.43797250053381515;4.09878030638398;2.5;5
32;2019;0;0.0;0;0;;0.0;2.5;5
32;2020;0;0.0;0;0;;0.0;2.5;5
32;2021;0;0.0;0;0;;0.0;2.5;5
32;2022;0;0.0;0;0;;0.0;2.5;5
32;2023;0;0.0;0;0;;0.0;2.5;5
32;2024;0;0.0;0;0;;0.0;2.5;5
33;2019;2;1.2110601416390123;0;3;0.9101820546182064;1.2110601416390123;1.0;5
33;2020;1;1.2110601416390123;0;3;0.9101820546182064;1.2110601416390123;1.0;5
33;2021;1;1.2110601416390123;0;2;0.9101820546182064;1.2110601416390123;1.0;5
33;2022;1;1.2110601416390123;0;2;0.9101820546182064;1.2110601416390123;1.0;5
33;2023;1;1.2110601416390123;0;2;0.9101820546182064;1.2110601416390123;1.0;5
33;2024;1;1.2110601416390123;0;2;0.9101820546182064;1.2110601416390123;1.0;5
34;2019;2;3.7360852952433152;0;5;0.16385589739043474;1.4944341180973262;2.5;5
34;2020;2;3.7360852952433152;0;6;0.16385589739043474;1.4944341180973262;2.5;5
34;2021;3;3.7360852952433152;0;6;0.16385589739043474;1.4944341180973262;2.5;5
34;2022;3;3.7360852952433152;0;7;0.16385589739043474;1.4944341180973262;2.5;5
34;2023;4;3.7360852952433152;0;7;0.16385589739043474;1.4944341180973262;2.5;5
34;2024;4;3.7360852952433152;0;8;0.16385589739043474;1.4944341180973262;2.5;5
35;2019;1;1.989556064385637;0;3;0.07881104062391008;0.7958224257542548;2.5;5
35;2020;1;1.989556064385637;0;3;0.07881104062391008;0.7958224257542548;2.5;5
35;2021;1;1.989556064385637;0;3;0.07881104062391008;0.7958224257542548;2.5;5
35;2022;2;1.989556064385637;0;3;0.07881104062391008;0.7958224257542548;2.5;5
35;2023;2;1.989556064385637;0;4;0.07881104062391008;0.7958224257542548;2.5;5
35;2024;2;1.989556064385637;0;4;0.07881104062391008;0.7958224257542548;2.5;5
36;2019;3;2.2583179581272503;1;5;-0.7596751582829295;1.505545305418167;1.5;5
36;2020;3;2.2583179581272503;0;5;-0.7596751582829295;1.505545305418167;1.5;5
36;2021;2;2.2583179581272503;0;5;-0.7596751582829295;1.505545305418167;1.5;5
36;2022;2;2.2583179581272503;0;4;-0.7596751582829295;1.505545305418167;1.5;5
36;2023;2;2.2583179581272503;0;4;-0.7596751582829295;1.505545305418167;1.5;5
36;2024;2;2.2583179581272503;0;4;-0.7596751582829295;1.505545305418167;1.5;5
37;2019;0;2.0655911179772746;0;2;0.605601743906193;1.0327955589886373;2.0;5
37;2020;1;2.0655911179772746;0;3;0.605601743906193;1.0327955589886373;2.0;5
37;2021;1;2.0655911179772746;0;3;0.605601743906193;1.0327955589886373;2.0;5
37;2022;2;2.0655911179772746;0;4;0.605601743906193;1.0327955589886373;2.0;5
37;2023;2;2.0655911179772746;0;4;0.605601743906193;1.0327955589886373;2.0;5
37;2024;2;2.0655911179772746;0;4;0.605601743906193;1.0327955589886373;2.0;5
38;2019;0;0.0;0;0;;0.0;2.5;5
38;2020;0;0.0;0;0;;0.0;2.5;5
38;2021;0;0.0;0;0;;0.0;2.5;5
38;2022;0;0.0;0;0;;0.0;2.5;5
38;2023;0;0.0;0;0;;0.0;2.5;5
38;2024;0;0.0;0;0;;0.0;2.5;5
39;2019;0;1.207614728849105;0;2;0.1336306209562122;0.48304589153964206;2.5;5
39;2020;0;1.207614728849105;0;2;0.1336306209562122;0.48304589153964206;2.5;5
39;2021;0;1.207614728849105;0;1;0.1336306209562122;0.48304589153964206;2.5;5
39;2022;0;1.207614728849105;0;1;0.1336306209562122;0.48304589153964206;2.5;5
39;2023;0;1.207614728849105;0;1;0.1336306209562122;0.48304589153964206;2.5;5
39;2024;0;1.207614728849105;0;1;0.1336306209562122;0.48304589153964206;2.5;5
40;2019;2;7.231297716638899;0;9;0.09915372244226285;2.8925190866555597;2.5;5
40;2020;2;7.231297716638899;0;9;0.09915372244226285;2.8925190866555597;2.5;5
40;2021;2;7.231297716638899;0;9;0.09915372244226285;2.8925190866555597;2.5;5
40;2022;2;7.231297716638899;0;9;0.09915372244226285;2.8925190866555597;2.5;5
40;2023;1;7.231297716638899;0;9;0.09915372244226285;2.8925190866555597;2.5;5
40;2024;1;7.231297716638899;0;9;0.09915372244226285;2.8925190866555597;2.5;5
41;2019;1;2.41522945769824;0;3;0.21821789023599245;0.966091783079296;2.5;5
41;2020;1;2.41522945769824;0;3;0.21821789023599245;0.966091783079296;2.5;5
41;2021;1;2.41522945769824;0;3;0.21821789023599245;0.966091783079296;2.5;5
41;2022;1;2.41522945769824;0;3;0.21821789023599245;0.966091783079296;2.5;5
41;2023;1;2.41522945769824;0;3;0.21821789023599245;0.966091783079296;2.5;5
41;2024;1;2.41522945769824;0;3;0.21821789023599245;0.966091783079296;2.5;5
42;2019;3;2.850438562747928;0;6;0.2357022603955159;1.1401754250991711;2.5;5
42;2020;2;2.850438562747928;0;5;0.2357022603955159;1.1401754250991711;2.5;5
42;2021;1;2.850438562747928;0;4;0.2357022603955159;1.1401754250991711;2.5;5
42;2022;0;2.850438562747928;0;3;0.2357022603955159;1.1401754250991711;2.5;5
42;2023;0;2.850438562747928;0;2;0.2357022603955159;1.1401754250991711;2.5;5
42;2024;0;2.850438562747928;0;1;0.2357022603955159;1.1401754250991711;2.5;5
43;2019;1;2.309401076758503;0;3;-0.6085806194501845;1.1547005383792515;2.0;5
43;2020;1;2.309401076758503;0;3;-0.6085806194501845;1.1547005383792515;2.0;5
43;2021;1;2.309401076758503;0;3;-0.6085806194501845;1.1547005383792515;2.0;5
43;2022;1;2.309401076758503;0;3;-0.6085806194501845;1.1547005383792515;2.0;5
43;2023;1;2.309401076758503;0;3;-0.6085806194501845;1.1547005383792515;2.0;5
43;2024;1;2.309401076758503;0;3;-0.6085806194501845;1.1547005383792515;2.0;5
44;2019;1;2.0330600909302636;0;3;-0.5625;1.0165300454651318;2.0;5
44;2020;1;2.0330600909302636;0;3;-0.5625;1.0165300454651318;2.0;5
44;2021;1;2.0330600909302636;0;3;-0.5625;1.0165300454651318;2.0;5
44;2022;0;2.0330600909302636;0;3;-0.5625;1.0165300454651318;2.0;5
44;2023;0;2.0330600909302636;0;2;-0.5625;1.0165300454651318;2.0;5
44;2024;0;2.0330600909302636;0;2;-0.5625;1.0165300454651318;2.0;5
45;2019;6;8.85437744847149;0;15;0.5753964555687504;4.427188724235745;2.0;5
45;2020;6;8.85437744847149;0;14;0.5753964555687504;4.427188724235745;2.0;5
45;2021;5;8.85437744847149;0;14;0.5753964555687504;4.427188724235745;2.0;5
45;2022;5;8.85437744847149;0;14;0.5753964555687504;4.427188724235745;2.0;5
45;2023;5;8.85437744847149;0;14;0.5753964555687504;4.427188724235745;2.0;5
45;2024;5;8.85437744847149;0;14;0.5753964555687504;4.427188724235745;2.0;5
46;2019;3;1.82574185835045;1;4;-0.45014069095231973;0.73029674334018;2.5;5
46;2020;2;1.82574185835045;0;4;-0.45014069095231973;0.73029674334018;2.5;5
46;2021;1;1.82574185835045;0;3;-0.45014069095231973;0.73029674334018;2.5;5
46;2022;1;1.82574185835045;0;3;-0.45014069095231973;0.73029674334018;2.5;5
46;2023;0;1.82574185835045;0;2;-0.45014069095231973;0.73029674334018;2.5;5
46;2024;0;1.82574185835045;0;1;-0.45014069095231973;0.73029674334018;2.5;5
47;2019;0;0.0;0;0;;0.0;2.5;4
47;2021;0;0.0;0;0;;0.0;2.5;4
47;2022;0;0.0;0;0;;0.0;2.5;4
47;2023;0;0.0;0;0;;0.0;2.5;4
47;2024;0;0.0;0;0;;0.0;2.5;4
48;2019;29;42.21966366516811;0;71;-0.17236826151287243;16.887865466067247;2.5;5
48;2020;24;42.21966366516811;0;66;-0.17236826151287243;16.887865466067247;2.5;5
48;2021;19;42.21966366516811;0;61;-0.17236826151287243;16.887865466067247;2.5;5
48;2022;14;42.21966366516811;0;56;-0.17236826151287243;16.887865466067247;2.5;5
48;2023;9;42.21966366516811;0;52;-0.17236826151287243;16.887865466067247;2.5;5
48;2024;5;42.21966366516811;0;47;-0.17236826151287243;16.887865466067247;2.5;5
49;2019;1;4.281744192888388;0;5;0.42174116783664994;1.712697677155355;2.5;5
49;2020;1;4.281744192888388;0;6;0.42174116783664994;1.712697677155355;2.5;5
49;2021;2;4.281744192888388;0;6;0.42174116783664994;1.712697677155355;2.5;5
49;2022;2;4.281744192888388;0;6;0.42174116783664994;1.712697677155355;2.5;5
49;2023;2;4.281744192888388;0;6;0.42174116783664994;1.712697677155355;2.5;5
49;2024;2;4.281744192888388;0;6;0.42174116783664994;1.712697677155355;2.5;5
50;2019;2;2.6331223544175217;0;4;-0.5615970130135128;1.3165611772087609;2.0;5
50;2020;1;2.6331223544175217;0;4;-0.5615970130135128;1.3165611772087609;2.0;5
50;2021;1;2.6331223544175217;0;3;-0.5615970130135128;1.3165611772087609;2.0;5
50;2022;0;2.6331223544175217;0;3;-0.5615970130135128;1.3165611772087609;2.0;5
50;2023;0;2.6331223544175217;0;3;-0.5615970130135128;1.3165611772087609;2.0;5
50;2024;0;2.6331223544175217;0;2;-0.5615970130135128;1.3165611772087609;2.0;5
51;2019;5;14.281398157510258;0;19;-0.07283069079764057;5.7125592630041035;2.5;5
51;2020;6;14.281398157510258;0;20;-0.07283069079764057;5.7125592630041035;2.5;5
51;2021;6;14.281398157510258;0;20;-0.07283069079764057;5.7125592630041035;2.5;5
51;2022;7;14.281398157510258;0;21;-0.07283069079764057;5.7125592630041035;2.5;5
51;2023;8;14.281398157510258;0;22;-0.07283069079764057;5.7125592630041035;2.5;5
51;2024;8;14.281398157510258;0;23;-0.07283069079764057;5.7125592630041035;2.5;5
52;2019;8;23.839742727918292;0;32;;9.535897091167318;2.5;5
52;2020;6;23.839742727918292;0;30;;9.535897091167318;2.5;5
52;2021;4;23.839742727918292;0;28;;9.535897091167318;2.5;5
52;2022;2;23.839742727918292;0;26;;9.535897091167318;2.5;5
52;2023;0;23.839742727918292;0;24;;9.535897091167318;2.5;5
52;2024;0;23.839742727918292;0;22;;9.535897091167318;2.5;5
53;2019;1;1.5138251770487654;0;2;0.29475317237328164;0.6055300708195062;2.5;5
53;2020;1;1.5138251770487654;0;2;0.29475317237328164;0.6055300708195062;2.5;5
53;2021;1;1.5138251770487654;0;2;0.29475317237328164;0.6055300708195062;2.5;5
53;2022;0;1.5138251770487654;0;2;0.29475317237328164;0.6055300708195062;2.5;5
53;2023;0;1.5138251770487654;0;2;0.29475317237328164;0.6055300708195062;2.5;5
53;2024;0;1.5138251770487654;0;2;0.29475317237328164;0.6055300708195062;2.5;5
54;2019;0;2.3874672772625645;0;3;0.801783725737273;1.5916448515083763;1.5;5
54;2020;1;2.3874672772625645;0;3;0.801783725737273;1.5916448515083763;1.5;5
54;2021;2;2.3874672772625645;0;4;0.801783725737273;1.5916448515083763;1.5;5
54;2022;2;2.3874672772625645;0;5;0.801783725737273;1.5916448515083763;1.5;5
54;2023;3;2.3874672772625645;0;5;0.801783725737273;1.5916448515083763;1.5;5
54;2024;3;2.3874672772625645;1;6;0.801783725737273;1.5916448515083763;1.5;5
55;2019;3;4.281744192888343;0;7;-0.2737345791026131;1.7126976771553373;2.5;5
55;2020;3;4.281744192888343;0;7;-0.2737345791026131;1.7126976771553373;2.5;5
55;2021;3;4.281744192888343;0;8;-0.2737345791026131;1.7126976771553373;2.5;5
55;2022;4;4.281744192888343;0;8;-0.2737345791026131;1.7126976771553373;2.5;5
55;2023;4;4.281744192888343;0;8;-0.2737345791026131;1.7126976771553373;2.5;5
55;2024;4;4.281744192888343;0;8;-0.2737345791026131;1.7126976771553373;2.5;5
56;2019;14;8.979142498032761;5;23;0.21451306289884645;3.591656999213104;2.5;5
56;2020;19;8.979142498032761;10;28;0.21451306289884645;3.591656999213104;2.5;5
56;2021;24;8.979142498032761;15;33;0.21451306289884645;3.591656999213104;2.5;5
56;2022;29;8.979142498032761;20;38;0.21451306289884645;3.591656999213104;2.5;5
56;2023;34;8.979142498032761;25;43;0.21451306289884645;3.591656999213104;2.5;5
56;2024;38;8.979142498032761;30;47;0.21451306289884645;3.591656999213104;2.5;5
57;2019;2;2.581988897471464;0;5;0.46966821831386224;1.0327955589885858;2.5;5
57;2020;1;2.581988897471464;0;4;0.46966821831386224;1.0327955589885858;2.5;5
57;2021;1;2.581988897471464;0;3;0.46966821831386224;1.0327955589885858;2.5;5
57;2022;0;2.581988897471464;0;3;0.46966821831386224;1.0327955589885858;2.5;5
57;2023;0;2.581988897471464;0;2;0.46966821831386224;1.0327955589885858;2.5;5
57;2024;0;2.581988897471464;0;2;0.46966821831386224;1.0327955589885858;2.5;5
58;2019;45;43.23386018697268;2;88;-0.11868557492739343;17.29354407478907;2.5;5
58;2020;39;43.23386018697268;0;82;-0.11868557492739343;17.29354407478907;2.5;5
58;2021;32;43.23386018697268;0;75;-0.11868557492739343;17.29354407478907;2.5;5
58;2022;26;43.23386018697268;0;69;-0.11868557492739343;17.29354407478907;2.5;5
58;2023;19;43.23386018697268;0;63;-0.11868557492739343;17.29354407478907;2.5;5
58;2024;13;43.23386018697268;0;56;-0.11868557492739343;17.29354407478907;2.5;5
59;2019;2;2.700308624336609;0;5;-0.4921870193488487;1.0801234497346435;2.5;5
59;2020;2;2.700308624336609;0;4;-0.4921870193488487;1.0801234497346435;2.5;5
59;2021;1;2.700308624336609;0;4;-0.4921870193488487;1.0801234497346435;2.5;5
59;2022;0;2.700308624336609;0;3;-0.4921870193488487;1.0801234497346435;2.5;5
59;2023;0;2.700308624336609;0;3;-0.4921870193488487;1.0801234497346435;2.5;5
59;2024;0;2.700308624336609;0;2;-0.4921870193488487;1.0801234497346435;2.5;5
60;2019;0;1.207614728849115;0;1;0.25000000000000006;0.483045891539646;2.5;5
60;2020;0;1.207614728849115;0;1;0.25000000000000006;0.483045891539646;2.5;5
60;2021;0;1.207614728849115;0;1;0.25000000000000006;0.483045891539646;2.5;5
60;2022;0;1.207614728849115;0;2;0.25000000000000006;0.483045891539646;2.5;5
60;2023;0;1.207614728849115;0;2;0.25000000000000006;0.483045891539646;2.5;5
60;2024;0;1.207614728849115;0;2;0.25000000000000006;0.483045891539646;2.5;5
61;2019;5;2.4341322889276276;2;7;0.8300573566392896;1.622754859285085;1.5;5
61;2020;4;2.4341322889276276;2;7;0.8300573566392896;1.622754859285085;1.5;5
61;2021;4;2.4341322889276276;2;7;0.8300573566392896;1.622754859285085;1.5;5
61;2022;4;2.4341322889276276;1;6;0.8300573566392896;1.622754859285085;1.5;5
61;2023;4;2.4341322889276276;1;6;0.8300573566392896;1.622754859285085;1.5;5
61;2024;3;2.4341322889276276;1;6;0.8300573566392896;1.622754859285085;1.5;5
62;2019;1;2.8982753492379345;0;4;-0.6123724356957946;1.4491376746189673;2.0;5
62;2020;1;2.8982753492379345;0;4;-0.6123724356957946;1.4491376746189673;2.0;5
62;2021;1;2.8982753492379345;0;3;-0.6123724356957946;1.4491376746189673;2.0;5
62;2022;0;2.8982753492379345;0;3;-0.6123724356957946;1.4491376746189673;2.0;5
62;2023;0;2.8982753492379345;0;3;-0.6123724356957946;1.4491376746189673;2.0;5
62;2024;0;2.8982753492379345;0;3;-0.6123724356957946;1.4491376746189673;2.0;5
63;2019;4;8.696263565463044;0;12;0.49827882449646677;3.4785054261852175;2.5;5
63;2020;3;8.696263565463044;0;12;0.49827882449646677;3.4785054261852175;2.5;5
63;2021;3;8.696263565463044;0;11;0.49827882449646677;3.4785054261852175;2.5;5
63;2022;2;8.696263565463044;0;11;0.49827882449646677;3.4785054261852175;2.5;5
63;2023;2;8.696263565463044;0;10;0.49827882449646677;3.4785054261852175;2.5;5
63;2024;1;8.696263565463044;0;10;0.49827882449646677;3.4785054261852175;2.5;5
64;2019;1;2.6076809620810524;0;4;0.5393193716300061;1.3038404810405262;2.0;5
64;2020;1;2.6076809620810524;0;4;0.5393193716300061;1.3038404810405262;2.0;5
64;2021;1;2.6076809620810524;0;4;0.5393193716300061;1.3038404810405262;2.0;5
64;2022;2;2.6076809620810524;0;4;0.5393193716300061;1.3038404810405262;2.0;5
64;2023;2;2.6076809620810524;0;4;0.5393193716300061;1.3038404810405262;2.0;5
64;2024;2;2.6076809620810524;0;4;0.5393193716300061;1.3038404810405262;2.0;5
65;2019;0;0.9128709291753029;0;1;0.1336306209562122;0.36514837167012115;2.5;5
65;2020;0;0.9128709291753029;0;1;0.1336306209562122;0.36514837167012115;2.5;5
65;2021;0;0.9128709291753029;0;1;0.1336306209562122;0.36514837167012115;2.5;5
65;2022;0;0.9128709291753029;0;1;0.1336306209562122;0.36514837167012115;2.5;5
65;2023;1;0.9128709291753029;0;2;0.1336306209562122;0.36514837167012115;2.5;5
65;2024;1;0.9128709291753029;0;2;0.1336306209562122;0.36514837167012115;2.5;5
66;2019;0;3.9791121287713453;0;4;0.30578831486257535;1.5916448515085382;2.5;5
66;2020;1;3.9791121287713453;0;5;0.30578831486257535;1.5916448515085382;2.5;5
66;2021;2;3.9791121287713453;0;6;0.30578831486257535;1.5916448515085382;2.5;5
66;2022;3;3.9791121287713453;0;7;0.30578831486257535;1.5916448515085382;2.5;5
66;2023;4;3.9791121287713453;0;8;0.30578831486257535;1.5916448515085382;2.5;5
66;2024;6;3.9791121287713453;2;10;0.30578831486257535;1.5916448515085382;2.5;5
67;2019;0;2.5819888974716116;0;3;0.0;1.0327955589886446;2.5;5
67;2020;0;2.5819888974716116;0;3;0.0;1.0327955589886446;2.5;5
67;2021;0;2.5819888974716116;0;3;0.0;1.0327955589886446;2.5;5
67;2022;0;2.5819888974716116;0;3;0.0;1.0327955589886446;2.5;5
67;2023;0;2.5819888974716116;0;3;0.0;1.0327955589886446;2.5;5
67;2024;0;2.5819888974716116;0;3;0.0;1.0327955589886446;2.5;5
68;2019;51;83.74380574108153;0;134;0.8786625297271424;55.82920382738769;1.5;5
68;2020;38;83.74380574108153;0;122;0.8786625297271424;55.82920382738769;1.5;5
68;2021;26;83.74380574108153;0;109;0.8786625297271424;55.82920382738769;1.5;5
68;2022;13;83.74380574108153;0;97;0.8786625297271424;55.82920382738769;1.5;5
68;2023;1;83.74380574108153;0;84;0.8786625297271424;55.82920382738769;1.5;5
68;2024;0;83.74380574108153;0;72;0.8786625297271424;55.82920382738769;1.5;5
69;2019;0;1.2909944487358058;0;1;0.408248290463863;0.5163977794943223;2.5;5
69;2020;0;1.2909944487358058;0;1;0.408248290463863;0.5163977794943223;2.5;5
69;2021;0;1.2909944487358058;0;1;0.408248290463863;0.5163977794943223;2.5;5
69;2022;0;1.2909944487358058;0;1;0.408248290463863;0.5163977794943223;2.5;5
69;2023;0;1.2909944487358058;0;1;0.408248290463863;0.5163977794943223;2.5;5
69;2024;0;1.2909944487358058;0;1;0.408248290463863;0.5163977794943223;2.5;5
70;2019;0;0.0;0;0;;0.0;2.5;5
70;2020;0;0.0;0;0;;0.0;2.5;5
70;2021;0;0.0;0;0;;0.0;2.5;5
70;2022;0;0.0;0;0;;0.0;2.5;5
70;2023;0;0.0;0;0;;0.0;2.5;5
70;2024;0;0.0;0;0;;0.0;2.5;5
71;2019;0;2.033060090930256;0;2;0.6123724356957946;1.016530045465128;2.0;5
71;2020;0;2.033060090930256;0;3;0.6123724356957946;1.016530045465128;2.0;5
71;2021;1;2.033060090930256;0;3;0.6123724356957946;1.016530045465128;2.0;5
71;2022;1;2.033060090930256;0;3;0.6123724356957946;1.016530045465128;2.0;5
71;2023;1;2.033060090930256;0;3;0.6123724356957946;1.016530045465128;2.0;5
71;2024;1;2.033060090930256;0;3;0.6123724356957946;1.016530045465128;2.0;5
72;2019;123;46.350116864294634;77;169;-0.2506785379941669;18.540046745717852;2.5;5
72;2020;100;46.350116864294634;53;146;-0.2506785379941669;18.540046745717852;2.5;5
72;2021;76;46.350116864294634;30;123;-0.2506785379941669;18.540046745717852;2.5;5
72;2022;53;46.350116864294634;6;99;-0.2506785379941669;18.540046745717852;2.5;5
72;2023;29;46.350116864294634;0;76;-0.2506785379941669;18.540046745717852;2.5;5
72;2024;6;46.350116864294634;0;52;-0.2506785379941669;18.540046745717852;2.5;5
73;2019;0;5.552777082985894;0;5;-0.27911694506082074;2.2211108331943574;2.5;5
73;2020;1;5.552777082985894;0;6;-0.27911694506082074;2.2211108331943574;2.5;5
73;2021;2;5.552777082985894;0;7;-0.27911694506082074;2.2211108331943574;2.5;5
73;2022;3;5.552777082985894;0;8;-0.27911694506082074;2.2211108331943574;2.5;5
73;2023;4;5.552777082985894;0;9;-0.27911694506082074;2.2211108331943574;2.5;5
73;2024;5;5.552777082985894;0;10;-0.27911694506082074;2.2211108331943574;2.5;5
74;2019;0;3.4156502553199215;0;3;0.16137430609197573;1.3662601021279686;2.5;5
74;2020;0;3.4156502553199215;0;4;0.16137430609197573;1.3662601021279686;2.5;5
74;2021;1;3.4156502553199215;0;4;0.16137430609197573;1.3662601021279686;2.5;5
74;2022;2;3.4156502553199215;0;5;0.16137430609197573;1.3662601021279686;2.5;5
74;2023;3;3.4156502553199215;0;6;0.16137430609197573;1.3662601021279686;2.5;5
74;2024;3;3.4156502553199215;0;7;0.16137430609197573;1.3662601021279686;2.5;5
75;2019;0;1.2909944487357874;0;1;-0.4082482904638631;0.516397779494315;2.5;5
75;2020;0;1.2909944487357874;0;1;-0.4082482904638631;0.516397779494315;2.5;5
75;2021;0;1.2909944487357874;0;2;-0.4082482904638631;0.516397779494315;2.5;5
75;2022;1;1.2909944487357874;0;2;-0.4082482904638631;0.516397779494315;2.5;5
75;2023;1;1.2909944487357874;0;2;-0.4082482904638631;0.516397779494315;2.5;5
75;2024;1;1.2909944487357874;0;2;-0.4082482904638631;0.516397779494315;2.5;5
76;2019;4;3.651483716701237;1;8;0.42389562394532926;1.4605934866804948;2.5;5
76;2020;4;3.651483716701237;0;7;0.42389562394532926;1.4605934866804948;2.5;5
76;2021;3;3.651483716701237;0;6;0.42389562394532926;1.4605934866804948;2.5;5
76;2022;2;3.651483716701237;0;6;0.42389562394532926;1.4605934866804948;2.5;5
76;2023;1;3.651483716701237;0;5;0.42389562394532926;1.4605934866804948;2.5;5
76;2024;0;3.651483716701237;0;4;0.42389562394532926;1.4605934866804948;2.5;5
77;2019;1;4.437059837324783;0;6;-0.3333333333333333;1.7748239349299135;2.5;4
77;2020;1;4.437059837324783;0;5;-0.3333333333333333;1.7748239349299135;2.5;4
77;2021;1;4.437059837324783;0;5;-0.3333333333333333;1.7748239349299135;2.5;4
77;2022;0;4.437059837324783;0;5;-0.3333333333333333;1.7748239349299135;2.5;4
77;2023;0;4.437059837324783;0;4;-0.3333333333333333;1.7748239349299135;2.5;4
78;2019;0;1.207614728849105;0;2;;0.48304589153964206;2.5;5
78;2020;0;1.207614728849105;0;2;;0.48304589153964206;2.5;5
78;2021;0;1.207614728849105;0;1;;0.48304589153964206;2.5;5
78;2022;0;1.207614728849105;0;1;;0.48304589153964206;2.5;5
78;2023;0;1.207614728849105;0;1;;0.48304589153964206;2.5;5
78;2024;0;1.207614728849105;0;1;;0.48304589153964206;2.5;5
79;2019;6;3.245509718570212;2;9;0.5828155051501961;1.622754859285106;2.0;5
79;2020;4;3.245509718570212;1;7;0.5828155051501961;1.622754859285106;2.0;5
79;2021;2;3.245509718570212;0;5;0.5828155051501961;1.622754859285106;2.0;5
79;2022;0;3.245509718570212;0;4;0.5828155051501961;1.622754859285106;2.0;5
79;2023;0;3.245509718570212;0;2;0.5828155051501961;1.622754859285106;2.0;5
79;2024;0;3.245509718570212;0;0;0.5828155051501961;1.622754859285106;2.0;5
80;2019;1;0.9128709291752768;0;2;-0.23953506879020417;0.3651483716701107;2.5;5
80;2020;0;0.9128709291752768;0;1;-0.23953506879020417;0.3651483716701107;2.5;5
80;2021;0;0.9128709291752768;0;1;-0.23953506879020417;0.3651483716701107;2.5;5
80;2022;0;0.9128709291752768;0;1;-0.23953506879020417;0.3651483716701107;2.5;5
80;2023;0;0.9128709291752768;0;1;-0.23953506879020417;0.3651483716701107;2.5;5
80;2024;0;0.9128709291752768;0;1;-0.23953506879020417;0.3651483716701107;2.5;5
81;2019;3;6.630108093638714;0;9;0.39850348988000195;2.6520432374554854;2.5;5
81;2020;3;6.630108093638714;0;9;0.39850348988000195;2.6520432374554854;2.5;5
81;2021;2;6.630108093638714;0;9;0.39850348988000195;2.6520432374554854;2.5;5
81;2022;2;6.630108093638714;0;9;0.39850348988000195;2.6520432374554854;2.5;5
81;2023;2;6.630108093638714;0;9;0.39850348988000195;2.6520432374554854;2.5;5
81;2024;2;6.630108093638714;0;9;0.39850348988000195;2.6520432374554854;2.5;5
82;2019;9;11.242775458044136;0;20;-0.6723489199548077;5.621387729022068;2.0;5
82;2020;8;11.242775458044136;0;19;-0.6723489199548077;5.621387729022068;2.0;5
82;2021;7;11.242775458044136;0;19;-0.6723489199548077;5.621387729022068;2.0;5
82;2022;7;11.242775458044136;0;18;-0.6723489199548077;5.621387729022068;2.0;5
82;2023;6;11.242775458044136;0;17;-0.6723489199548077;5.621387729022068;2.0;5
82;2024;5;11.242775458044136;0;16;-0.6723489199548077;5.621387729022068;2.0;5
83;2019;1;1.207614728849115;0;2;-0.294174202707276;0.483045891539646;2.5;5
83;2020;1;1.207614728849115;0;2;-0.294174202707276;0.483045891539646;2.5;5
83;2021;1;1.207614728849115;0;2;-0.294174202707276;0.483045891539646;2.5;5
83;2022;1;1.207614728849115;0;2;-0.294174202707276;0.483045891539646;2.5;5
83;2023;1;1.207614728849115;0;2;-0.294174202707276;0.483045891539646;2.5;5
83;2024;1;1.207614728849115;0;2;-0.294174202707276;0.483045891539646;2.5;5
84;2019;4;3.1832897030168286;1;7;0.5345224838248488;1.5916448515084143;2.0;5
84;2020;3;3.1832897030168286;0;6;0.5345224838248488;1.5916448515084143;2.0;5
84;2021;3;3.1832897030168286;0;6;0.5345224838248488;1.5916448515084143;2.0;5
84;2022;2;3.1832897030168286;0;5;0.5345224838248488;1.5916448515084143;2.0;5
84;2023;1;3.1832897030168286;0;5;0.5345224838248488;1.5916448515084143;2.0;5
84;2024;1;3.1832897030168286;0;4;0.5345224838248488;1.5916448515084143;2.0;5
85;2019;2;1.2649110640673997;1;3;-0.5417363388859614;0.6324555320336999;2.0;5
85;2020;1;1.2649110640673997;0;3;-0.5417363388859614;0.6324555320336999;2.0;5
85;2021;1;1.2649110640673997;0;2;-0.5417363388859614;0.6324555320336999;2.0;5
85;2022;0;1.2649110640673997;0;1;-0.5417363388859614;0.6324555320336999;2.0;5
85;2023;0;1.2649110640673997;0;1;-0.5417363388859614;0.6324555320336999;2.0;5
85;2024;0;1.2649110640673997;0;0;-0.5417363388859614;0.6324555320336999;2.0;5
86;2019;2;4.381780460041312;0;7;0.6166419289548358;2.190890230020656;2.0;5
86;2020;3;4.381780460041312;0;7;0.6166419289548358;2.190890230020656;2.0;5
86;2021;3;4.381780460041312;0;7;0.6166419289548358;2.190890230020656;2.0;5
86;2022;3;4.381780460041312;0;7;0.6166419289548358;2.190890230020656;2.0;5
86;2023;3;4.381780460041312;0;8;0.6166419289548358;2.190890230020656;2.0;5
86;2024;3;4.381780460041312;0;8;0.6166419289548358;2.190890230020656;2.0;5
87;2019;9;7.115124735378854;2;16;-0.8849947770681913;4.743416490252569;1.5;5
87;2020;8;7.115124735378854;1;16;-0.8849947770681913;4.743416490252569;1.5;5
87;2021;8;7.115124735378854;1;15;-0.8849947770681913;4.743416490252569;1.5;5
87;2022;8;7.115124735378854;0;15;-0.8849947770681913;4.743416490252569;1.5;5
87;2023;7;7.115124735378854;0;14;-0.8849947770681913;4.743416490252569;1.5;5
87;2024;6;7.115124735378854;0;14;-0.8849947770681913;4.743416490252569;1.5;5
88;2019;15;7.678432999859758;7;22;0.3436164855716712;3.071373199943903;2.5;5
88;2020;14;7.678432999859758;6;22;0.3436164855716712;3.071373199943903;2.5;5
88;2021;13;7.678432999859758;6;21;0.3436164855716712;3.071373199943903;2.5;5
88;2022;13;7.678432999859758;5;20;0.3436164855716712;3.071373199943903;2.5;5
88;2023;12;7.678432999859758;4;20;0.3436164855716712;3.071373199943903;2.5;5
88;2024;11;7.678432999859758;4;19;0.3436164855716712;3.071373199943903;2.5;5
89;2019;1;1.5138251770487263;0;2;0.408248290463863;0.6055300708194905;2.5;5
89;2020;1;1.5138251770487263;0;2;0.408248290463863;0.6055300708194905;2.5;5
89;2021;1;1.5138251770487263;0;2;0.408248290463863;0.6055300708194905;2.5;5
89;2022;0;1.5138251770487263;0;2;0.408248290463863;0.6055300708194905;2.5;5
89;2023;0;1.5138251770487263;0;2;0.408248290463863;0.6055300708194905;2.5;5
89;2024;0;1.5138251770487263;0;2;0.408248290463863;0.6055300708194905;2.5;5
90;2019;2;4.83045891539648;0;7;0.24498947175305572;1.9321835661585918;2.5;5
90;2020;2;4.83045891539648;0;7;0.24498947175305572;1.9321835661585918;2.5;5
90;2021;2;4.83045891539648;0;7;0.24498947175305572;1.9321835661585918;2.5;5
90;2022;2;4.83045891539648;0;7;0.24498947175305572;1.9321835661585918;2.5;5
90;2023;2;4.83045891539648;0;7;0.24498947175305572;1.9321835661585918;2.5;5
90;2024;2;4.83045891539648;0;7;0.24498947175305572;1.9321835661585918;2.5;5
91;2019;3;6.9522178715381315;0;10;-0.15600499223962877;2.7808871486152524;2.5;5
91;2020;2;6.9522178715381315;0;9;-0.15600499223962877;2.7808871486152524;2.5;5
91;2021;2;6.9522178715381315;0;9;-0.15600499223962877;2.7808871486152524;2.5;5
91;2022;1;6.9522178715381315;0;8;-0.15600499223962877;2.7808871486152524;2.5;5
91;2023;1;6.9522178715381315;0;8;-0.15600499223962877;2.7808871486152524;2.5;5
91;2024;1;6.9522178715381315;0;8;-0.15600499223962877;2.7808871486152524;2.5;5
92;2019;2;3.8470768123343277;0;5;0.52704627669473;1.9235384061671639;2.0;5
92;2020;1;3.8470768123343277;0;5;0.52704627669473;1.9235384061671639;2.0;5
92;2021;1;3.8470768123343277;0;5;0.52704627669473;1.9235384061671639;2.0;5
92;2022;1;3.8470768123343277;0;5;0.52704627669473;1.9235384061671639;2.0;5
92;2023;0;3.8470768123343277;0;4;0.52704627669473;1.9235384061671639;2.0;5
92;2024;0;3.8470768123343277;0;4;0.52704627669473;1.9235384061671639;2.0;5
94;2019;1;2.5819888974716108;0;4;-0.408248290463863;1.0327955589886444;2.5;5
94;2020;1;2.5819888974716108;0;4;-0.408248290463863;1.0327955589886444;2.5;5
94;2021;1;2.5819888974716108;0;4;-0.408248290463863;1.0327955589886444;2.5;5
94;2022;1;2.5819888974716108;0;4;-0.408248290463863;1.0327955589886444;2.5;5
94;2023;1;2.5819888974716108;0;4;-0.408248290463863;1.0327955589886444;2.5;5
94;2024;1;2.5819888974716108;0;4;-0.408248290463863;1.0327955589886444;2.5;5
95;2019;0;0.5163977794943223;0;1;0.9525793444156803;0.5163977794943223;1.0;5
95;2020;0;0.5163977794943223;0;1;0.9525793444156803;0.5163977794943223;1.0;5
95;2021;0;0.5163977794943223;0;1;0.9525793444156803;0.5163977794943223;1.0;5
95;2022;0;0.5163977794943223;0;1;0.9525793444156803;0.5163977794943223;1.0;5
95;2023;0;0.5163977794943223;0;1;0.9525793444156803;0.5163977794943223;1.0;5
95;2024;0;0.5163977794943223;0;1;0.9525793444156803;0.5163977794943223;1.0;5
96;2019;1;2.41522945769821;0;3;-0.43852900965351455;0.9660917830792841;2.5;5
96;2020;1;2.41522945769821;0;3;-0.43852900965351455;0.9660917830792841;2.5;5
96;2021;0;2.41522945769821;0;3;-0.43852900965351455;0.9660917830792841;2.5;5
96;2022;0;2.41522945769821;0;3;-0.43852900965351455;0.9660917830792841;2.5;5
96;2023;0;2.41522945769821;0;2;-0.43852900965351455;0.9660917830792841;2.5;5
96;2024;0;2.41522945769821;0;2;-0.43852900965351455;0.9660917830792841;2.5;5
97;2019;13;11.927559124425528;1;25;0.673934860286994;5.963779562212764;2.0;5
97;2020;13;11.927559124425528;1;25;0.673934860286994;5.963779562212764;2.0;5
97;2021;12;11.927559124425528;0;24;0.673934860286994;5.963779562212764;2.0;5
97;2022;12;11.927559124425528;0;24;0.673934860286994;5.963779562212764;2.0;5
97;2023;11;11.927559124425528;0;23;0.673934860286994;5.963779562212764;2.0;5
97;2024;11;11.927559124425528;0;23;0.673934860286994;5.963779562212764;2.0;5
98;2019;5;5.977736472389306;0;11;0.5725071563841824;2.988868236194653;2.0;5
98;2020;5;5.977736472389306;0;11;0.5725071563841824;2.988868236194653;2.0;5
98;2021;5;5.977736472389306;0;11;0.5725071563841824;2.988868236194653;2.0;5
98;2022;5;5.977736472389306;0;11;0.5725071563841824;2.988868236194653;2.0;5
98;2023;5;5.977736472389306;0;11;0.5725071563841824;2.988868236194653;2.0;5
98;2024;5;5.977736472389306;0;11;0.5725071563841824;2.988868236194653;2.0;5
99;2019;2;5.0621141828291885;0;7;0.3588702812826367;2.0248456731316753;2.5;5
99;2020;2;5.0621141828291885;0;7;0.3588702812826367;2.0248456731316753;2.5;5
99;2021;2;5.0621141828291885;0;7;0.3588702812826367;2.0248456731316753;2.5;5
99;2022;1;5.0621141828291885;0;6;0.3588702812826367;2.0248456731316753;2.5;5
99;2023;1;5.0621141828291885;0;6;0.3588702812826367;2.0248456731316753;2.5;5
99;2024;1;5.0621141828291885;0;6;0.3588702812826367;2.0248456731316753;2.5;5
100;2019;1;3.549647869859827;0;5;-0.5773502691896257;1.7748239349299135;2.0;4
100;2020;1;3.549647869859827;0;4;-0.5773502691896257;1.7748239349299135;2.0;4
100;2021;1;3.549647869859827;0;4;-0.5773502691896257;1.7748239349299135;2.0;4
100;2022;0;3.549647869859827;0;4;-0.5773502691896257;1.7748239349299135;2.0;4
100;2023;0;3.549647869859827;0;4;-0.5773502691896257;1.7748239349299135;2.0;4
101;2019;2;1.8257418583505278;1;4;0.0;0.7302967433402111;2.5;5
101;2020;2;1.8257418583505278;0;4;0.0;0.7302967433402111;2.5;5
101;2021;2;1.8257418583505278;0;4;0.0;0.7302967433402111;2.5;5
101;2022;2;1.8257418583505278;0;4;0.0;0.7302967433402111;2.5;5
101;2023;2;1.8257418583505278;0;3;0.0;0.7302967433402111;2.5;5
101;2024;1;1.8257418583505278;0;3;0.0;0.7302967433402111;2.5;5
102;2019;2;5.403702434442534;0;8;0.5698028822981898;2.701851217221267;2.0;5
102;2020;2;5.403702434442534;0;8;0.5698028822981898;2.701851217221267;2.0;5
102;2021;2;5.403702434442534;0;7;0.5698028822981898;2.701851217221267;2.0;5
102;2022;2;5.403702434442534;0;7;0.5698028822981898;2.701851217221267;2.0;5
102;2023;2;5.403702434442534;0;7;0.5698028822981898;2.701851217221267;2.0;5
102;2024;2;5.403702434442534;0;7;0.5698028822981898;2.701851217221267;2.0;5
103;2019;2;5.82737791234903;0;8;-0.30942637387763794;2.330951164939612;2.5;5
103;2020;2;5.82737791234903;0;8;-0.30942637387763794;2.330951164939612;2.5;5
103;2021;1;5.82737791234903;0;7;-0.30942637387763794;2.330951164939612;2.5;5
103;2022;1;5.82737791234903;0;7;-0.30942637387763794;2.330951164939612;2.5;5
103;2023;0;5.82737791234903;0;6;-0.30942637387763794;2.330951164939612;2.5;5
103;2024;0;5.82737791234903;0;6;-0.30942637387763794;2.330951164939612;2.5;5
104;2019;9;5.366563145999563;4;15;-0.5027662728386045;2.6832815729997814;2.0;5
104;2020;8;5.366563145999563;3;13;-0.5027662728386045;2.6832815729997814;2.0;5
104;2021;7;5.366563145999563;1;12;-0.5027662728386045;2.6832815729997814;2.0;5
104;2022;5;5.366563145999563;0;11;-0.5027662728386045;2.6832815729997814;2.0;5
104;2023;4;5.366563145999563;0;9;-0.5027662728386045;2.6832815729997814;2.0;5
104;2024;2;5.366563145999563;0;8;-0.5027662728386045;2.6832815729997814;2.0;5
105;2019;0;2.307596151842847;0;3;0.7905694150420947;1.5383974345618978;1.5;5
105;2020;1;2.307596151842847;0;3;0.7905694150420947;1.5383974345618978;1.5;5
105;2021;1;2.307596151842847;0;3;0.7905694150420947;1.5383974345618978;1.5;5
105;2022;1;2.307596151842847;0;4;0.7905694150420947;1.5383974345618978;1.5;5
105;2023;2;2.307596151842847;0;4;0.7905694150420947;1.5383974345618978;1.5;5
105;2024;2;2.307596151842847;0;4;0.7905694150420947;1.5383974345618978;1.5;5
106;2019;4;9.789450103725608;0;14;0.16484511834894675;3.9157800414902435;2.5;5
106;2020;4;9.789450103725608;0;14;0.16484511834894675;3.9157800414902435;2.5;5
106;2021;4;9.789450103725608;0;14;0.16484511834894675;3.9157800414902435;2.5;5
106;2022;4;9.789450103725608;0;14;0.16484511834894675;3.9157800414902435;2.5;5
106;2023;4;9.789450103725608;0;14;0.16484511834894675;3.9157800414902435;2.5;5
106;2024;4;9.789450103725608;0;14;0.16484511834894675;3.9157800414902435;2.5;5
107;2019;1;0.9682458365518176;0;2;;0.38729833462072705;2.5;4
107;2020;0;0.9682458365518176;0;1;;0.38729833462072705;2.5;4
107;2021;0;0.9682458365518176;0;1;;0.38729833462072705;2.5;4
107;2022;0;0.9682458365518176;0;1;;0.38729833462072705;2.5;4
107;2023;0;0.9682458365518176;0;0;;0.38729833462072705;2.5;4
108;2019;0;0.0;0;0;;0.0;2.5;5
108;2020;0;0.0;0;0;;0.0;2.5;5
108;2021;0;0.0;0;0;;0.0;2.5;5
108;2022;0;0.0;0;0;;0.0;2.5;5
108;2023;0;0.0;0;0;;0.0;2.5;5
108;2024;0;0.0;0;0;;0.0;2.5;5
109;2019;11;9.066421565314464;2;20;-0.803279909653716;6.044281043542975;1.5;5
109;2020;11;9.066421565314464;2;20;-0.803279909653716;6.044281043542975;1.5;5
109;2021;10;9.066421565314464;1;19;-0.803279909653716;6.044281043542975;1.5;5
109;2022;10;9.066421565314464;1;19;-0.803279909653716;6.044281043542975;1.5;5
109;2023;10;9.066421565314464;1;19;-0.803279909653716;6.044281043542975;1.5;5
109;2024;9;9.066421565314464;0;18;-0.803279909653716;6.044281043542975;1.5;5
110;2019;8;12.673791855636763;0;20;-0.42328634821688504;5.069516742254705;2.5;5
110;2020;6;12.673791855636763;0;19;-0.42328634821688504;5.069516742254705;2.5;5
110;2021;5;12.673791855636763;0;18;-0.42328634821688504;5.069516742254705;2.5;5
110;2022;4;12.673791855636763;0;16;-0.42328634821688504;5.069516742254705;2.5;5
110;2023;2;12.673791855636763;0;15;-0.42328634821688504;5.069516742254705;2.5;5
110;2024;1;12.673791855636763;0;14;-0.42328634821688504;5.069516742254705;2.5;5
111;2019;0;0.0;0;0;;0.0;2.5;5
111;2020;0;0.0;0;0;;0.0;2.5;5
111;2021;0;0.0;0;0;;0.0;2.5;5
111;2022;0;0.0;0;0;;0.0;2.5;5
111;2023;0;0.0;0;0;;0.0;2.5;5
111;2024;0;0.0;0;0;;0.0;2.5;5
112;2019;0;0.0;0;0;;0.0;2.5;3
112;2020;0;0.0;0;0;;0.0;2.5;3
112;2021;0;0.0;0;0;;0.0;2.5;3
112;2022;0;0.0;0;0;;0.0;2.5;3
113;2019;4;9.431772544613942;0;14;0.30468549692787394;3.7727090178455764;2.5;5
113;2020;4;9.431772544613942;0;13;0.30468549692787394;3.7727090178455764;2.5;5
113;2021;3;9.431772544613942;0;13;0.30468549692787394;3.7727090178455764;2.5;5
113;2022;3;9.431772544613942;0;12;0.30468549692787394;3.7727090178455764;2.5;5
113;2023;2;9.431772544613942;0;12;0.30468549692787394;3.7727090178455764;2.5;5
113;2024;2;9.431772544613942;0;11;0.30468549692787394;3.7727090178455764;2.5;5
114;2019;1;1.932183566158584;0;3;-0.6846531968814578;0.966091783079292;2.0;5
114;2020;1;1.932183566158584;0;3;-0.6846531968814578;0.966091783079292;2.0;5
114;2021;1;1.932183566158584;0;3;-0.6846531968814578;0.966091783079292;2.0;5
114;2022;0;1.932183566158584;0;2;-0.6846531968814578;0.966091783079292;2.0;5
114;2023;0;1.932183566158584;0;2;-0.6846531968814578;0.966091783079292;2.0;5
114;2024;0;1.932183566158584;0;2;-0.6846531968814578;0.966091783079292;2.0;5
115;2019;1;4.18330013267065;0;5;0.2540339790558307;1.6733200530682597;2.5;5
115;2020;3;4.18330013267065;0;7;0.2540339790558307;1.6733200530682597;2.5;5
115;2021;5;4.18330013267065;1;9;0.2540339790558307;1.6733200530682597;2.5;5
115;2022;7;4.18330013267065;2;11;0.2540339790558307;1.6733200530682597;2.5;5
115;2023;8;4.18330013267065;4;13;0.2540339790558307;1.6733200530682597;2.5;5
115;2024;10;4.18330013267065;6;14;0.2540339790558307;1.6733200530682597;2.5;5
116;2019;9;23.469838800752566;0;32;-0.17138203835015414;9.387935520301026;2.5;5
116;2020;6;23.469838800752566;0;30;-0.17138203835015414;9.387935520301026;2.5;5
116;2021;4;23.469838800752566;0;28;-0.17138203835015414;9.387935520301026;2.5;5
116;2022;2;23.469838800752566;0;25;-0.17138203835015414;9.387935520301026;2.5;5
116;2023;0;23.469838800752566;0;23;-0.17138203835015414;9.387935520301026;2.5;5
116;2024;0;23.469838800752566;0;21;-0.17138203835015414;9.387935520301026;2.5;5
117;2019;4;7.958224257542245;0;12;0.07514337885441286;3.183289703016898;2.5;5
117;2020;3;7.958224257542245;0;11;0.07514337885441286;3.183289703016898;2.5;5
117;2021;3;7.958224257542245;0;11;0.07514337885441286;3.183289703016898;2.5;5
117;2022;3;7.958224257542245;0;11;0.07514337885441286;3.183289703016898;2.5;5
117;2023;3;7.958224257542245;0;11;0.07514337885441286;3.183289703016898;2.5;5
117;2024;3;7.958224257542245;0;11;0.07514337885441286;3.183289703016898;2.5;5
118;2019;1;0.6324555320336999;0;2;-0.6123724356957946;0.31622776601684993;2.0;5
118;2020;1;0.6324555320336999;0;1;-0.6123724356957946;0.31622776601684993;2.0;5
118;2021;0;0.6324555320336999;0;1;-0.6123724356957946;0.31622776601684993;2.0;5
118;2022;0;0.6324555320336999;0;1;-0.6123724356957946;0.31622776601684993;2.0;5
118;2023;0;0.6324555320336999;0;0;-0.6123724356957946;0.31622776601684993;2.0;5
118;2024;0;0.6324555320336999;0;0;-0.6123724356957946;0.31622776601684993;2.0;5
119;2019;0;0.0;0;0;;0.0;2.5;4
119;2021;0;0.0;0;0;;0.0;2.5;4
119;2022;0;0.0;0;0;;0.0;2.5;4
119;2023;0;0.0;0;0;;0.0;2.5;4
119;2024;0;0.0;0;0;;0.0;2.5;4
120;2019;4;6.055300708194826;0;10;-0.42257712736425823;2.4221202832779305;2.5;5
120;2020;3;6.055300708194826;0;9;-0.42257712736425823;2.4221202832779305;2.5;5
120;2021;2;6.055300708194826;0;8;-0.42257712736425823;2.4221202832779305;2.5;5
120;2022;1;6.055300708194826;0;7;-0.42257712736425823;2.4221202832779305;2.5;5
120;2023;0;6.055300708194826;0;6;-0.42257712736425823;2.4221202832779305;2.5;5
120;2024;0;6.055300708194826;0;4;-0.42257712736425823;2.4221202832779305;2.5;5
121;2019;8;3.847076812334506;4;12;-0.6252893129963005;1.923538406167253;2.0;5
121;2020;7;3.847076812334506;3;11;-0.6252893129963005;1.923538406167253;2.0;5
121;2021;6;3.847076812334506;2;9;-0.6252893129963005;1.923538406167253;2.0;5
121;2022;4;3.847076812334506;1;8;-0.6252893129963005;1.923538406167253;2.0;5
121;2023;3;3.847076812334506;0;7;-0.6252893129963005;1.923538406167253;2.0;5
121;2024;2;3.847076812334506;0;6;-0.6252893129963005;1.923538406167253;2.0;5
122;2019;19;11.792653080060767;7;31;0.6381360713940798;5.896326540030383;2.0;5
122;2020;16;11.792653080060767;4;27;0.6381360713940798;5.896326540030383;2.0;5
122;2021;12;11.792653080060767;0;24;0.6381360713940798;5.896326540030383;2.0;5
122;2022;9;11.792653080060767;0;20;0.6381360713940798;5.896326540030383;2.0;5
122;2023;5;11.792653080060767;0;17;0.6381360713940798;5.896326540030383;2.0;5
122;2024;2;11.792653080060767;0;13;0.6381360713940798;5.896326540030383;2.0;5
123;2019;0;0.7245688373094631;0;1;-0.7484551991837488;0.48304589153964206;1.5;5
123;2020;0;0.7245688373094631;0;1;-0.7484551991837488;0.48304589153964206;1.5;5
123;2021;0;0.7245688373094631;0;1;-0.7484551991837488;0.48304589153964206;1.5;5
123;2022;0;0.7245688373094631;0;1;-0.7484551991837488;0.48304589153964206;1.5;5
123;2023;0;0.7245688373094631;0;1;-0.7484551991837488;0.48304589153964206;1.5;5
123;2024;0;0.7245688373094631;0;1;-0.7484551991837488;0.48304589153964206;1.5;5
124;2019;2;4.721405158071773;0;6;0.3888888888888888;1.8885620632287092;2.5;5
124;2020;2;4.721405158071773;0;6;0.3888888888888888;1.8885620632287092;2.5;5
124;2021;2;4.721405158071773;0;7;0.3888888888888888;1.8885620632287092;2.5;5
124;2022;2;4.721405158071773;0;7;0.3888888888888888;1.8885620632287092;2.5;5
124;2023;2;4.721405158071773;0;7;0.3888888888888888;1.8885620632287092;2.5;5
124;2024;2;4.721405158071773;0;7;0.3888888888888888;1.8885620632287092;2.5;5
125;2019;8;6.1725197448043865;2;14;0.8013699784640025;4.115013163202924;1.5;5
125;2020;11;6.1725197448043865;5;17;0.8013699784640025;4.115013163202924;1.5;5
125;2021;14;6.1725197448043865;8;20;0.8013699784640025;4.115013163202924;1.5;5
125;2022;17;6.1725197448043865;11;23;0.8013699784640025;4.115013163202924;1.5;5
125;2023;20;6.1725197448043865;14;26;0.8013699784640025;4.115013163202924;1.5;5
125;2024;23;6.1725197448043865;17;29;0.8013699784640025;4.115013163202924;1.5;5
126;2019;1;1.2909944487358425;0;2;-0.36115755925730764;0.516397779494337;2.5;5
126;2020;1;1.2909944487358425;0;2;-0.36115755925730764;0.516397779494337;2.5;5
126;2021;0;1.2909944487358425;0;2;-0.36115755925730764;0.516397779494337;2.5;5
126;2022;0;1.2909944487358425;0;1;-0.36115755925730764;0.516397779494337;2.5;5
126;2023;0;1.2909944487358425;0;1;-0.36115755925730764;0.516397779494337;2.5;5
126;2024;0;1.2909944487358425;0;1;-0.36115755925730764;0.516397779494337;2.5;5
127;2019;22;7.8993670632521855;14;30;-0.7961905527415454;5.26624470883479;1.5;5
127;2020;18;7.8993670632521855;10;25;-0.7961905527415454;5.26624470883479;1.5;5
127;2021;13;7.8993670632521855;5;21;-0.7961905527415454;5.26624470883479;1.5;5
127;2022;9;7.8993670632521855;1;17;-0.7961905527415454;5.26624470883479;1.5;5
127;2023;4;7.8993670632521855;0;12;-0.7961905527415454;5.26624470883479;1.5;5
127;2024;0;7.8993670632521855;0;8;-0.7961905527415454;5.26624470883479;1.5;5
128;2019;0;0.7745966692414834;0;1;0.801783725737273;0.5163977794943223;1.5;5
128;2020;0;0.7745966692414834;0;1;0.801783725737273;0.5163977794943223;1.5;5
128;2021;0;0.7745966692414834;0;1;0.801783725737273;0.5163977794943223;1.5;5
128;2022;0;0.7745966692414834;0;1;0.801783725737273;0.5163977794943223;1.5;5
128;2023;0;0.7745966692414834;0;1;0.801783725737273;0.5163977794943223;1.5;5
128;2024;0;0.7745966692414834;0;1;0.801783725737273;0.5163977794943223;1.5;5
129;2019;7;4.732863826479721;2;12;-0.906561019291413;4.732863826479721;1.0;5
129;2020;7;4.732863826479721;3;12;-0.906561019291413;4.732863826479721;1.0;5
129;2021;8;4.732863826479721;3;13;-0.906561019291413;4.732863826479721;1.0;5
129;2022;8;4.732863826479721;3;13;-0.906561019291413;4.732863826479721;1.0;5
129;2023;9;4.732863826479721;4;13;-0.906561019291413;4.732863826479721;1.0;5
129;2024;9;4.732863826479721;4;14;-0.906561019291413;4.732863826479721;1.0;5
130;2019;3;1.3038404810405442;1;4;0.9421683286017898;1.3038404810405442;1.0;5
130;2020;2;1.3038404810405442;1;4;0.9421683286017898;1.3038404810405442;1.0;5
130;2021;2;1.3038404810405442;1;3;0.9421683286017898;1.3038404810405442;1.0;5
130;2022;2;1.3038404810405442;0;3;0.9421683286017898;1.3038404810405442;1.0;5
130;2023;1;1.3038404810405442;0;3;0.9421683286017898;1.3038404810405442;1.0;5
130;2024;1;1.3038404810405442;0;2;0.9421683286017898;1.3038404810405442;1.0;5
131;2019;0;0.0;0;0;;0.0;2.5;5
131;2020;0;0.0;0;0;;0.0;2.5;5
131;2021;0;0.0;0;0;;0.0;2.5;5
131;2022;0;0.0;0;0;;0.0;2.5;5
131;2023;0;0.0;0;0;;0.0;2.5;5
131;2024;0;0.0;0;0;;0.0;2.5;5
132;2019;3;8.203149801549905;0;11;-0.19447867618037773;3.2812599206199624;2.5;5
132;2020;2;8.203149801549905;0;11;-0.19447867618037773;3.2812599206199624;2.5;5
132;2021;2;8.203149801549905;0;10;-0.19447867618037773;3.2812599206199624;2.5;5
132;2022;1;8.203149801549905;0;9;-0.19447867618037773;3.2812599206199624;2.5;5
132;2023;0;8.203149801549905;0;8;-0.19447867618037773;3.2812599206199624;2.5;5
132;2024;0;8.203149801549905;0;8;-0.19447867618037773;3.2812599206199624;2.5;5
133;2019;124;177.0963720689951;0;301;0.1672551725548236;70.83854882759803;2.5;5
133;2020;125;177.0963720689951;0;302;0.1672551725548236;70.83854882759803;2.5;5
133;2021;127;177.0963720689951;0;304;0.1672551725548236;70.83854882759803;2.5;5
133;2022;128;177.0963720689951;0;305;0.1672551725548236;70.83854882759803;2.5;5
133;2023;129;177.0963720689951;0;306;0.1672551725548236;70.83854882759803;2.5;5
133;2024;130;177.0963720689951;0;308;0.1672551725548236;70.83854882759803;2.5;5
134;2019;0;1.207614728849105;0;2;0.408248290463863;0.48304589153964206;2.5;5
134;2020;0;1.207614728849105;0;2;0.408248290463863;0.48304589153964206;2.5;5
134;2021;0;1.207614728849105;0;1;0.408248290463863;0.48304589153964206;2.5;5
134;2022;0;1.207614728849105;0;1;0.408248290463863;0.48304589153964206;2.5;5
134;2023;0;1.207614728849105;0;1;0.408248290463863;0.48304589153964206;2.5;5
134;2024;0;1.207614728849105;0;1;0.408248290463863;0.48304589153964206;2.5;5
135;2019;90;27.488634014806284;63;117;0.05616714686299805;10.995453605922513;2.5;5
135;2020;77;27.488634014806284;49;104;0.05616714686299805;10.995453605922513;2.5;5
135;2021;64;27.488634014806284;36;91;0.05616714686299805;10.995453605922513;2.5;5
135;2022;51;27.488634014806284;23;78;0.05616714686299805;10.995453605922513;2.5;5
135;2023;38;27.488634014806284;10;65;0.05616714686299805;10.995453605922513;2.5;5
135;2024;24;27.488634014806284;0;52;0.05616714686299805;10.995453605922513;2.5;5
136;2019;0;1.2909944487358058;0;1;-0.24999999999999994;0.5163977794943223;2.5;5
136;2020;0;1.2909944487358058;0;1;-0.24999999999999994;0.5163977794943223;2.5;5
136;2021;0;1.2909944487358058;0;1;-0.24999999999999994;0.5163977794943223;2.5;5
136;2022;0;1.2909944487358058;0;1;-0.24999999999999994;0.5163977794943223;2.5;5
136;2023;0;1.2909944487358058;0;1;-0.24999999999999994;0.5163977794943223;2.5;5
136;2024;0;1.2909944487358058;0;1;-0.24999999999999994;0.5163977794943223;2.5;5
137;2019;1;3.932768321000731;0;5;-0.6241877839323593;1.9663841605003656;2.0;5
137;2020;1;3.932768321000731;0;5;-0.6241877839323593;1.9663841605003656;2.0;5
137;2021;1;3.932768321000731;0;5;-0.6241877839323593;1.9663841605003656;2.0;5
137;2022;1;3.932768321000731;0;5;-0.6241877839323593;1.9663841605003656;2.0;5
137;2023;1;3.932768321000731;0;5;-0.6241877839323593;1.9663841605003656;2.0;5
137;2024;0;3.932768321000731;0;4;-0.6241877839323593;1.9663841605003656;2.0;5
138;2019;0;1.5811388300842497;0;2;-0.408248290463863;0.6324555320336999;2.5;5
138;2020;1;1.5811388300842497;0;2;-0.408248290463863;0.6324555320336999;2.5;5
138;2021;1;1.5811388300842497;0;3;-0.408248290463863;0.6324555320336999;2.5;5
138;2022;2;1.5811388300842497;0;3;-0.408248290463863;0.6324555320336999;2.5;5
138;2023;2;1.5811388300842497;1;4;-0.408248290463863;0.6324555320336999;2.5;5
138;2024;3;1.5811388300842497;1;5;-0.408248290463863;0.6324555320336999;2.5;5
139;2019;0;0.0;0;0;;0.0;2.5;5
139;2020;0;0.0;0;0;;0.0;2.5;5
139;2021;0;0.0;0;0;;0.0;2.5;5
139;2022;0;0.0;0;0;;0.0;2.5;5
139;2023;0;0.0;0;0;;0.0;2.5;5
139;2024;0;0.0;0;0;;0.0;2.5;5
140;2019;0;2.54132511366282;0;3;0.04166666666666669;1.016530045465128;2.5;5
140;2020;0;2.54132511366282;0;3;0.04166666666666669;1.016530045465128;2.5;5
140;2021;1;2.54132511366282;0;3;0.04166666666666669;1.016530045465128;2.5;5
140;2022;1;2.54132511366282;0;3;0.04166666666666669;1.016530045465128;2.5;5
140;2023;1;2.54132511366282;0;3;0.04166666666666669;1.016530045465128;2.5;5
140;2024;1;2.54132511366282;0;3;0.04166666666666669;1.016530045465128;2.5;5
141;2019;3;4.179314138308644;0;8;0.6346381010232317;2.089657069154322;2.0;5
141;2020;3;4.179314138308644;0;8;0.6346381010232317;2.089657069154322;2.0;5
141;2021;4;4.179314138308644;0;8;0.6346381010232317;2.089657069154322;2.0;5
141;2022;4;4.179314138308644;0;8;0.6346381010232317;2.089657069154322;2.0;5
141;2023;4;4.179314138308644;0;8;0.6346381010232317;2.089657069154322;2.0;5
141;2024;4;4.179314138308644;0;8;0.6346381010232317;2.089657069154322;2.0;5
142;2019;1;1.8165902124584012;0;3;0.7905694150420945;1.2110601416389342;1.5;5
142;2020;1;1.8165902124584012;0;3;0.7905694150420945;1.2110601416389342;1.5;5
142;2021;2;1.8165902124584012;0;4;0.7905694150420945;1.2110601416389342;1.5;5
142;2022;3;1.8165902124584012;1;4;0.7905694150420945;1.2110601416389342;1.5;5
142;2023;3;1.8165902124584012;1;5;0.7905694150420945;1.2110601416389342;1.5;5
142;2024;4;1.8165902124584012;2;6;0.7905694150420945;1.2110601416389342;1.5;5
143;2019;9;12.640872860156101;0;21;-0.1972445507529966;5.05634914406244;2.5;5
143;2020;13;12.640872860156101;0;25;-0.1972445507529966;5.05634914406244;2.5;5
143;2021;17;12.640872860156101;4;29;-0.1972445507529966;5.05634914406244;2.5;5
143;2022;21;12.640872860156101;8;34;-0.1972445507529966;5.05634914406244;2.5;5
143;2023;25;12.640872860156101;12;38;-0.1972445507529966;5.05634914406244;2.5;5
143;2024;29;12.640872860156101;16;42;-0.1972445507529966;5.05634914406244;2.5;5
144;2019;2;1.8257418583505536;0;4;-0.08908708063747478;0.7302967433402214;2.5;5
144;2020;2;1.8257418583505536;0;4;-0.08908708063747478;0.7302967433402214;2.5;5
144;2021;1;1.8257418583505536;0;3;-0.08908708063747478;0.7302967433402214;2.5;5
144;2022;1;1.8257418583505536;0;3;-0.08908708063747478;0.7302967433402214;2.5;5
144;2023;1;1.8257418583505536;0;2;-0.08908708063747478;0.7302967433402214;2.5;5
144;2024;0;1.8257418583505536;0;2;-0.08908708063747478;0.7302967433402214;2.5;5
145;2019;0;1.5811388300841898;0;2;0.3273268353539886;0.6324555320336759;2.5;5
145;2020;0;1.5811388300841898;0;2;0.3273268353539886;0.6324555320336759;2.5;5
145;2021;0;1.5811388300841898;0;2;0.3273268353539886;0.6324555320336759;2.5;5
145;2022;0;1.5811388300841898;0;2;0.3273268353539886;0.6324555320336759;2.5;5
145;2023;0;1.5811388300841898;0;2;0.3273268353539886;0.6324555320336759;2.5;5
145;2024;0;1.5811388300841898;0;2;0.3273268353539886;0.6324555320336759;2.5;5
146;2019;0;0.9660917830792841;0;1;0.6123724356957945;0.48304589153964206;2.0;5
146;2020;0;0.9660917830792841;0;1;0.6123724356957945;0.48304589153964206;2.0;5
146;2021;0;0.9660917830792841;0;1;0.6123724356957945;0.48304589153964206;2.0;5
146;2022;0;0.9660917830792841;0;1;0.6123724356957945;0.48304589153964206;2.0;5
146;2023;0;0.9660917830792841;0;1;0.6123724356957945;0.48304589153964206;2.0;5
146;2024;0;0.9660917830792841;0;1;0.6123724356957945;0.48304589153964206;2.0;5
147;2019;24;13.599019572503439;10;38;-0.5763930349636301;6.799509786251719;2.0;5
147;2020;21;13.599019572503439;7;34;-0.5763930349636301;6.799509786251719;2.0;5
147;2021;18;13.599019572503439;4;31;-0.5763930349636301;6.799509786251719;2.0;5
147;2022;15;13.599019572503439;1;28;-0.5763930349636301;6.799509786251719;2.0;5
147;2023;12;13.599019572503439;0;25;-0.5763930349636301;6.799509786251719;2.0;5
147;2024;8;13.599019572503439;0;22;-0.5763930349636301;6.799509786251719;2.0;5
148;2019;0;0.0;0;0;;0.0;2.5;5
148;2020;0;0.0;0;0;;0.0;2.5;5
148;2021;0;0.0;0;0;;0.0;2.5;5
148;2022;0;0.0;0;0;;0.0;2.5;5
148;2023;0;0.0;0;0;;0.0;2.5;5
148;2024;0;0.0;0;0;;0.0;2.5;5
149;2019;0;2.581988897471758;0;2;-0.19174124721184257;1.0327955589887032;2.5;5
149;2020;0;2.581988897471758;0;3;-0.19174124721184257;1.0327955589887032;2.5;5
149;2021;1;2.581988897471758;0;3;-0.19174124721184257;1.0327955589887032;2.5;5
149;2022;1;2.581988897471758;0;4;-0.19174124721184257;1.0327955589887032;2.5;5
149;2023;2;2.581988897471758;0;5;-0.19174124721184257;1.0327955589887032;2.5;5
149;2024;3;2.581988897471758;0;5;-0.19174124721184257;1.0327955589887032;2.5;5
150;2019;0;1.2909944487358058;0;1;0.408248290463863;0.5163977794943223;2.5;5
150;2020;0;1.2909944487358058;0;1;0.408248290463863;0.5163977794943223;2.5;5
150;2021;0;1.2909944487358058;0;1;0.408248290463863;0.5163977794943223;2.5;5
150;2022;0;1.2909944487358058;0;1;0.408248290463863;0.5163977794943223;2.5;5
150;2023;0;1.2909944487358058;0;1;0.408248290463863;0.5163977794943223;2.5;5
150;2024;0;1.2909944487358058;0;1;0.408248290463863;0.5163977794943223;2.5;5
151;2019;0;0.0;0;0;;0.0;2.5;5
151;2020;0;0.0;0;0;;0.0;2.5;5
151;2021;0;0.0;0;0;;0.0;2.5;5
151;2022;0;0.0;0;0;;0.0;2.5;5
151;2023;0;0.0;0;0;;0.0;2.5;5
151;2024;0;0.0;0;0;;0.0;2.5;5
152;2019;0;2.5819888974716116;0;3;0.1336306209562122;1.0327955589886446;2.5;5
152;2020;0;2.5819888974716116;0;3;0.1336306209562122;1.0327955589886446;2.5;5
152;2021;0;2.5819888974716116;0;3;0.1336306209562122;1.0327955589886446;2.5;5
152;2022;0;2.5819888974716116;0;3;0.1336306209562122;1.0327955589886446;2.5;5
152;2023;0;2.5819888974716116;0;3;0.1336306209562122;1.0327955589886446;2.5;5
152;2024;0;2.5819888974716116;0;3;0.1336306209562122;1.0327955589886446;2.5;5
153;2019;0;0.0;0;0;;0.0;2.5;4
153;2021;0;0.0;0;0;;0.0;2.5;4
153;2022;0;0.0;0;0;;0.0;2.5;4
153;2023;0;0.0;0;0;;0.0;2.5;4
153;2024;0;0.0;0;0;;0.0;2.5;4
154;2019;0;1.5138251770487499;0;2;-0.2100420126042015;0.6055300708194999;2.5;5
154;2020;0;1.5138251770487499;0;2;-0.2100420126042015;0.6055300708194999;2.5;5
154;2021;1;1.5138251770487499;0;2;-0.2100420126042015;0.6055300708194999;2.5;5
154;2022;1;1.5138251770487499;0;2;-0.2100420126042015;0.6055300708194999;2.5;5
154;2023;1;1.5138251770487499;0;2;-0.2100420126042015;0.6055300708194999;2.5;5
154;2024;1;1.5138251770487499;0;2;-0.2100420126042015;0.6055300708194999;2.5;5
155;2019;3;9.66091783079284;0;13;0.1336306209562122;3.8643671323171365;2.5;5
155;2020;2;9.66091783079284;0;12;0.1336306209562122;3.8643671323171365;2.5;5
155;2021;2;9.66091783079284;0;11;0.1336306209562122;3.8643671323171365;2.5;5
155;2022;1;9.66091783079284;0;10;0.1336306209562122;3.8643671323171365;2.5;5
155;2023;0;9.66091783079284;0;10;0.1336306209562122;3.8643671323171365;2.5;5
155;2024;0;9.66091783079284;0;9;0.1336306209562122;3.8643671323171365;2.5;5
156;2019;1;1.989556064385518;0;3;-0.3273268353539885;0.7958224257542071;2.5;5
156;2020;1;1.989556064385518;0;3;-0.3273268353539885;0.7958224257542071;2.5;5
156;2021;1;1.989556064385518;0;3;-0.3273268353539885;0.7958224257542071;2.5;5
156;2022;0;1.989556064385518;0;2;-0.3273268353539885;0.7958224257542071;2.5;5
156;2023;0;1.989556064385518;0;2;-0.3273268353539885;0.7958224257542071;2.5;5
156;2024;0;1.989556064385518;0;2;-0.3273268353539885;0.7958224257542071;2.5;5
157;2019;1;2.8982753492379345;0;4;0.6123724356957946;1.4491376746189673;2.0;5
157;2020;1;2.8982753492379345;0;4;0.6123724356957946;1.4491376746189673;2.0;5
157;2021;1;2.8982753492379345;0;3;0.6123724356957946;1.4491376746189673;2.0;5
157;2022;0;2.8982753492379345;0;3;0.6123724356957946;1.4491376746189673;2.0;5
157;2023;0;2.8982753492379345;0;3;0.6123724356957946;1.4491376746189673;2.0;5
157;2024;0;2.8982753492379345;0;3;0.6123724356957946;1.4491376746189673;2.0;5
158;2019;7;4.42718872423569;3;12;-0.6858597987203205;2.213594362117845;2.0;5
158;2020;6;4.42718872423569;2;11;-0.6858597987203205;2.213594362117845;2.0;5
158;2021;5;4.42718872423569;1;10;-0.6858597987203205;2.213594362117845;2.0;5
158;2022;4;4.42718872423569;0;9;-0.6858597987203205;2.213594362117845;2.0;5
158;2023;3;4.42718872423569;0;7;-0.6858597987203205;2.213594362117845;2.0;5
158;2024;2;4.42718872423569;0;6;-0.6858597987203205;2.213594362117845;2.0;5
159;2019;2;3.1622776601683937;0;5;-0.4385290096535146;1.2649110640673575;2.5;5
159;2020;2;3.1622776601683937;0;5;-0.4385290096535146;1.2649110640673575;2.5;5
159;2021;1;3.1622776601683937;0;5;-0.4385290096535146;1.2649110640673575;2.5;5
159;2022;1;3.1622776601683937;0;4;-0.4385290096535146;1.2649110640673575;2.5;5
159;2023;1;3.1622776601683937;0;4;-0.4385290096535146;1.2649110640673575;2.5;5
159;2024;1;3.1622776601683937;0;4;-0.4385290096535146;1.2649110640673575;2.5;5
160;2019;1;0.6055300708194999;0;1;1.0;0.6055300708194999;1.0;5
160;2020;1;0.6055300708194999;0;1;1.0;0.6055300708194999;1.0;5
160;2021;0;0.6055300708194999;0;1;1.0;0.6055300708194999;1.0;5
160;2022;0;0.6055300708194999;0;1;1.0;0.6055300708194999;1.0;5
160;2023;0;0.6055300708194999;0;1;1.0;0.6055300708194999;1.0;5
160;2024;0;0.6055300708194999;0;1;1.0;0.6055300708194999;1.0;5
161;2019;3;2.1889875894272723;1;5;-0.25877458475338283;0.8755950357709089;2.5;5
161;2020;3;2.1889875894272723;1;5;-0.25877458475338283;0.8755950357709089;2.5;5
161;2021;3;2.1889875894272723;0;5;-0.25877458475338283;0.8755950357709089;2.5;5
161;2022;2;2.1889875894272723;0;4;-0.25877458475338283;0.8755950357709089;2.5;5
161;2023;2;2.1889875894272723;0;4;-0.25877458475338283;0.8755950357709089;2.5;5
161;2024;2;2.1889875894272723;0;4;-0.25877458475338283;0.8755950357709089;2.5;5
162;2019;30;10.50079362080113;19;41;-0.6909354352897652;5.250396810400565;2.0;5
162;2020;26;10.50079362080113;16;37;-0.6909354352897652;5.250396810400565;2.0;5
162;2021;22;10.50079362080113;12;33;-0.6909354352897652;5.250396810400565;2.0;5
162;2022;18;10.50079362080113;8;29;-0.6909354352897652;5.250396810400565;2.0;5
162;2023;14;10.50079362080113;4;25;-0.6909354352897652;5.250396810400565;2.0;5
162;2024;10;10.50079362080113;0;21;-0.6909354352897652;5.250396810400565;2.0;5
163;2019;4;4.483302354291979;0;9;-0.7058318934867553;2.988868236194653;1.5;5
163;2020;4;4.483302354291979;0;9;-0.7058318934867553;2.988868236194653;1.5;5
163;2021;4;4.483302354291979;0;9;-0.7058318934867553;2.988868236194653;1.5;5
163;2022;4;4.483302354291979;0;9;-0.7058318934867553;2.988868236194653;1.5;5
163;2023;4;4.483302354291979;0;9;-0.7058318934867553;2.988868236194653;1.5;5
163;2024;4;4.483302354291979;0;9;-0.7058318934867553;2.988868236194653;1.5;5
164;2019;7;12.407994734578729;0;19;0.06241373339528632;4.963197893831492;2.5;5
164;2020;6;12.407994734578729;0;19;0.06241373339528632;4.963197893831492;2.5;5
164;2021;6;12.407994734578729;0;19;0.06241373339528632;4.963197893831492;2.5;5
164;2022;6;12.407994734578729;0;18;0.06241373339528632;4.963197893831492;2.5;5
164;2023;6;12.407994734578729;0;18;0.06241373339528632;4.963197893831492;2.5;5
164;2024;5;12.407994734578729;0;18;0.06241373339528632;4.963197893831492;2.5;5
165;2019;6;5.533985905294685;0;12;0.15958626340564364;2.213594362117874;2.5;5
165;2020;6;5.533985905294685;0;11;0.15958626340564364;2.213594362117874;2.5;5
165;2021;6;5.533985905294685;0;11;0.15958626340564364;2.213594362117874;2.5;5
165;2022;6;5.533985905294685;0;11;0.15958626340564364;2.213594362117874;2.5;5
165;2023;6;5.533985905294685;0;11;0.15958626340564364;2.213594362117874;2.5;5
165;2024;6;5.533985905294685;0;11;0.15958626340564364;2.213594362117874;2.5;5
166;2019;3;2.3944379994756915;1;5;-0.6819190472163993;1.1972189997378457;2.0;5
166;2020;2;2.3944379994756915;0;5;-0.6819190472163993;1.1972189997378457;2.0;5
166;2021;2;2.3944379994756915;0;4;-0.6819190472163993;1.1972189997378457;2.0;5
166;2022;1;2.3944379994756915;0;3;-0.6819190472163993;1.1972189997378457;2.0;5
166;2023;0;2.3944379994756915;0;3;-0.6819190472163993;1.1972189997378457;2.0;5
166;2024;0;2.3944379994756915;0;2;-0.6819190472163993;1.1972189997378457;2.0;5
167;2019;0;0.7245688373094631;0;1;0.7717436331412897;0.48304589153964206;1.5;5
167;2020;0;0.7245688373094631;0;1;0.7717436331412897;0.48304589153964206;1.5;5
167;2021;0;0.7245688373094631;0;1;0.7717436331412897;0.48304589153964206;1.5;5
167;2022;0;0.7245688373094631;0;1;0.7717436331412897;0.48304589153964206;1.5;5
167;2023;0;0.7245688373094631;0;1;0.7717436331412897;0.48304589153964206;1.5;5
167;2024;0;0.7245688373094631;0;1;0.7717436331412897;0.48304589153964206;1.5;5
168;2019;0;0.0;0;0;;0.0;2.5;5
168;2020;0;0.0;0;0;;0.0;2.5;5
168;2021;0;0.0;0;0;;0.0;2.5;5
168;2022;0;0.0;0;0;;0.0;2.5;5
168;2023;0;0.0;0;0;;0.0;2.5;5
168;2024;0;0.0;0;0;;0.0;2.5;5
169;2019;2;3.8643671323171365;0;5;-0.6123724356957945;1.9321835661585682;2.0;5
169;2020;1;3.8643671323171365;0;5;-0.6123724356957945;1.9321835661585682;2.0;5
169;2021;1;3.8643671323171365;0;5;-0.6123724356957945;1.9321835661585682;2.0;5
169;2022;0;3.8643671323171365;0;4;-0.6123724356957945;1.9321835661585682;2.0;5
169;2023;0;3.8643671323171365;0;4;-0.6123724356957945;1.9321835661585682;2.0;5
169;2024;0;3.8643671323171365;0;3;-0.6123724356957945;1.9321835661585682;2.0;5
170;2019;0;0.0;0;0;;0.0;2.5;5
170;2020;0;0.0;0;0;;0.0;2.5;5
170;2021;0;0.0;0;0;;0.0;2.5;5
170;2022;0;0.0;0;0;;0.0;2.5;5
170;2023;0;0.0;0;0;;0.0;2.5;5
170;2024;0;0.0;0;0;;0.0;2.5;5
171;2019;2;6.928203230275509;0;9;-0.6804138174397716;3.4641016151377544;2.0;4
171;2020;2;6.928203230275509;0;9;-0.6804138174397716;3.4641016151377544;2.0;4
171;2021;2;6.928203230275509;0;9;-0.6804138174397716;3.4641016151377544;2.0;4
171;2022;2;6.928203230275509;0;9;-0.6804138174397716;3.4641016151377544;2.0;4
171;2023;2;6.928203230275509;0;9;-0.6804138174397716;3.4641016151377544;2.0;4
172;2019;0;0.0;0;0;;0.0;2.5;5
172;2020;0;0.0;0;0;;0.0;2.5;5
172;2021;0;0.0;0;0;;0.0;2.5;5
172;2022;0;0.0;0;0;;0.0;2.5;5
172;2023;0;0.0;0;0;;0.0;2.5;5
172;2024;0;0.0;0;0;;0.0;2.5;5
173;2019;0;0.0;0;0;;0.0;2.5;5
173;2020;0;0.0;0;0;;0.0;2.5;5
173;2021;0;0.0;0;0;;0.0;2.5;5
173;2022;0;0.0;0;0;;0.0;2.5;5
173;2023;0;0.0;0;0;;0.0;2.5;5
173;2024;0;0.0;0;0;;0.0;2.5;5
174;2019;0;1.5138251770487654;0;2;;0.6055300708195062;2.5;5
174;2020;0;1.5138251770487654;0;2;;0.6055300708195062;2.5;5
174;2021;0;1.5138251770487654;0;2;;0.6055300708195062;2.5;5
174;2022;0;1.5138251770487654;0;2;;0.6055300708195062;2.5;5
174;2023;1;1.5138251770487654;0;2;;0.6055300708195062;2.5;5
174;2024;1;1.5138251770487654;0;2;;0.6055300708195062;2.5;5
175;2019;0;1.207614728849105;0;2;0.25000000000000006;0.48304589153964206;2.5;5
175;2020;0;1.207614728849105;0;2;0.25000000000000006;0.48304589153964206;2.5;5
175;2021;0;1.207614728849105;0;1;0.25000000000000006;0.48304589153964206;2.5;5
175;2022;0;1.207614728849105;0;1;0.25000000000000006;0.48304589153964206;2.5;5
175;2023;0;1.207614728849105;0;1;0.25000000000000006;0.48304589153964206;2.5;5
175;2024;0;1.207614728849105;0;1;0.25000000000000006;0.48304589153964206;2.5;5
176;2019;6;3.872983346207221;2;9;-0.3509050132987685;1.5491933384828884;2.5;5
176;2020;4;3.872983346207221;0;8;-0.3509050132987685;1.5491933384828884;2.5;5
176;2021;3;3.872983346207221;0;7;-0.3509050132987685;1.5491933384828884;2.5;5
176;2022;1;3.872983346207221;0;5;-0.3509050132987685;1.5491933384828884;2.5;5
176;2023;0;3.872983346207221;0;4;-0.3509050132987685;1.5491933384828884;2.5;5
176;2024;0;3.872983346207221;0;2;-0.3509050132987685;1.5491933384828884;2.5;5
177;2019;13;10.3279555898863;3;23;-0.4844549175506439;4.13118223595452;2.5;5
177;2020;11;10.3279555898863;1;22;-0.4844549175506439;4.13118223595452;2.5;5
177;2021;10;10.3279555898863;0;20;-0.4844549175506439;4.13118223595452;2.5;5
177;2022;8;10.3279555898863;0;19;-0.4844549175506439;4.13118223595452;2.5;5
177;2023;7;10.3279555898863;0;17;-0.4844549175506439;4.13118223595452;2.5;5
177;2024;5;10.3279555898863;0;15;-0.4844549175506439;4.13118223595452;2.5;5
178;2019;1;3.622844186547418;0;5;0.408248290463863;1.4491376746189673;2.5;5
178;2020;1;3.622844186547418;0;5;0.408248290463863;1.4491376746189673;2.5;5
178;2021;1;3.622844186547418;0;4;0.408248290463863;1.4491376746189673;2.5;5
178;2022;0;3.622844186547418;0;4;0.408248290463863;1.4491376746189673;2.5;5
178;2023;0;3.622844186547418;0;4;0.408248290463863;1.4491376746189673;2.5;5
178;2024;0;3.622844186547418;0;3;0.408248290463863;1.4491376746189673;2.5;5
179;2019;1;3.872983346207417;0;4;-0.28808297984901593;1.5491933384829668;2.5;5
179;2020;1;3.872983346207417;0;4;-0.28808297984901593;1.5491933384829668;2.5;5
179;2021;1;3.872983346207417;0;4;-0.28808297984901593;1.5491933384829668;2.5;5
179;2022;1;3.872983346207417;0;4;-0.28808297984901593;1.5491933384829668;2.5;5
179;2023;1;3.872983346207417;0;4;-0.28808297984901593;1.5491933384829668;2.5;5
179;2024;1;3.872983346207417;0;4;-0.28808297984901593;1.5491933384829668;2.5;5
180;2019;53;80.45785646328602;0;134;0.5894862207567217;40.22892823164301;2.0;5
180;2020;62;80.45785646328602;0;143;0.5894862207567217;40.22892823164301;2.0;5
180;2021;72;80.45785646328602;0;152;0.5894862207567217;40.22892823164301;2.0;5
180;2022;81;80.45785646328602;0;161;0.5894862207567217;40.22892823164301;2.0;5
180;2023;90;80.45785646328602;9;170;0.5894862207567217;40.22892823164301;2.0;5
180;2024;99;80.45785646328602;18;179;0.5894862207567217;40.22892823164301;2.0;5
181;2019;1;3.6514837167011467;0;5;0.3429971702850177;1.4605934866804586;2.5;5
181;2020;1;3.6514837167011467;0;5;0.3429971702850177;1.4605934866804586;2.5;5
181;2021;1;3.6514837167011467;0;4;0.3429971702850177;1.4605934866804586;2.5;5
181;2022;1;3.6514837167011467;0;4;0.3429971702850177;1.4605934866804586;2.5;5
181;2023;0;3.6514837167011467;0;4;0.3429971702850177;1.4605934866804586;2.5;5
181;2024;0;3.6514837167011467;0;4;0.3429971702850177;1.4605934866804586;2.5;5
182;2019;15;20.248456731316587;0;35;0.09259929598323374;8.099382692526635;2.5;5
182;2020;16;20.248456731316587;0;36;0.09259929598323374;8.099382692526635;2.5;5
182;2021;17;20.248456731316587;0;37;0.09259929598323374;8.099382692526635;2.5;5
182;2022;18;20.248456731316587;0;38;0.09259929598323374;8.099382692526635;2.5;5
182;2023;19;20.248456731316587;0;39;0.09259929598323374;8.099382692526635;2.5;5
182;2024;20;20.248456731316587;0;40;0.09259929598323374;8.099382692526635;2.5;5
183;2019;30;55.06723163552043;0;85;0.801783725737273;36.71148775701362;1.5;5
183;2020;23;55.06723163552043;0;78;0.801783725737273;36.71148775701362;1.5;5
183;2021;15;55.06723163552043;0;70;0.801783725737273;36.71148775701362;1.5;5
183;2022;8;55.06723163552043;0;63;0.801783725737273;36.71148775701362;1.5;5
183;2023;0;55.06723163552043;0;55;0.801783725737273;36.71148775701362;1.5;5
183;2024;0;55.06723163552043;0;47;0.801783725737273;36.71148775701362;1.5;5
184;2019;4;3.483293460696826;1;8;-0.5669467095138409;1.741646730348413;2.0;5
184;2020;4;3.483293460696826;0;7;-0.5669467095138409;1.741646730348413;2.0;5
184;2021;3;3.483293460696826;0;6;-0.5669467095138409;1.741646730348413;2.0;5
184;2022;2;3.483293460696826;0;6;-0.5669467095138409;1.741646730348413;2.0;5
184;2023;2;3.483293460696826;0;5;-0.5669467095138409;1.741646730348413;2.0;5
184;2024;1;3.483293460696826;0;4;-0.5669467095138409;1.741646730348413;2.0;5
185;2019;1;1.2110601416389997;0;3;-0.6500112459665917;0.6055300708194998;2.0;5
185;2020;1;1.2110601416389997;0;3;-0.6500112459665917;0.6055300708194998;2.0;5
185;2021;2;1.2110601416389997;0;3;-0.6500112459665917;0.6055300708194998;2.0;5
185;2022;2;1.2110601416389997;0;3;-0.6500112459665917;0.6055300708194998;2.0;5
185;2023;2;1.2110601416389997;1;3;-0.6500112459665917;0.6055300708194998;2.0;5
185;2024;2;1.2110601416389997;1;3;-0.6500112459665917;0.6055300708194998;2.0;5
186;2019;0;1.03279555898863;0;1;0.5833333333333335;0.516397779494315;2.0;5
186;2020;0;1.03279555898863;0;1;0.5833333333333335;0.516397779494315;2.0;5
186;2021;0;1.03279555898863;0;1;0.5833333333333335;0.516397779494315;2.0;5
186;2022;1;1.03279555898863;0;2;0.5833333333333335;0.516397779494315;2.0;5
186;2023;1;1.03279555898863;0;2;0.5833333333333335;0.516397779494315;2.0;5
186;2024;1;1.03279555898863;0;2;0.5833333333333335;0.516397779494315;2.0;5
187;2019;3;2.738612787525934;0;5;2.1018810182980936e-17;1.0954451150103737;2.5;5
187;2020;2;2.738612787525934;0;5;2.1018810182980936e-17;1.0954451150103737;2.5;5
187;2021;1;2.738612787525934;0;4;2.1018810182980936e-17;1.0954451150103737;2.5;5
187;2022;1;2.738612787525934;0;4;2.1018810182980936e-17;1.0954451150103737;2.5;5
187;2023;0;2.738612787525934;0;3;2.1018810182980936e-17;1.0954451150103737;2.5;5
187;2024;0;2.738612787525934;0;2;2.1018810182980936e-17;1.0954451150103737;2.5;5
188;2019;23;37.98025802966622;0;61;0.11963817635445136;15.192103211866486;2.5;5
188;2020;24;37.98025802966622;0;62;0.11963817635445136;15.192103211866486;2.5;5
188;2021;25;37.98025802966622;0;63;0.11963817635445136;15.192103211866486;2.5;5
188;2022;26;37.98025802966622;0;64;0.11963817635445136;15.192103211866486;2.5;5
188;2023;28;37.98025802966622;0;66;0.11963817635445136;15.192103211866486;2.5;5
188;2024;29;37.98025802966622;0;67;0.11963817635445136;15.192103211866486;2.5;5
189;2019;2;0.9128709291752768;1;3;0.3535533905932736;0.3651483716701107;2.5;5
189;2020;1;0.9128709291752768;0;2;0.3535533905932736;0.3651483716701107;2.5;5
189;2021;1;0.9128709291752768;0;2;0.3535533905932736;0.3651483716701107;2.5;5
189;2022;1;0.9128709291752768;0;2;0.3535533905932736;0.3651483716701107;2.5;5
189;2023;1;0.9128709291752768;0;2;0.3535533905932736;0.3651483716701107;2.5;5
189;2024;1;0.9128709291752768;0;2;0.3535533905932736;0.3651483716701107;2.5;5
190;2019;2;1.1972189997378646;1;3;-0.9417419115948374;1.1972189997378646;1.0;5
190;2020;1;1.1972189997378646;0;2;-0.9417419115948374;1.1972189997378646;1.0;5
190;2021;1;1.1972189997378646;0;2;-0.9417419115948374;1.1972189997378646;1.0;5
190;2022;0;1.1972189997378646;0;1;-0.9417419115948374;1.1972189997378646;1.0;5
190;2023;0;1.1972189997378646;0;1;-0.9417419115948374;1.1972189997378646;1.0;5
190;2024;0;1.1972189997378646;0;0;-0.9417419115948374;1.1972189997378646;1.0;5
191;2019;4;8.21583836257748;0;12;-0.07813074079075384;3.286335345030992;2.5;5
191;2020;5;8.21583836257748;0;13;-0.07813074079075384;3.286335345030992;2.5;5
191;2021;6;8.21583836257748;0;14;-0.07813074079075384;3.286335345030992;2.5;5
191;2022;7;8.21583836257748;0;15;-0.07813074079075384;3.286335345030992;2.5;5
191;2023;7;8.21583836257748;0;16;-0.07813074079075384;3.286335345030992;2.5;5
191;2024;8;8.21583836257748;0;16;-0.07813074079075384;3.286335345030992;2.5;5
192;2019;1;5.497726802961328;0;7;-0.8718066260838968;3.6651512019742185;1.5;5
192;2020;3;5.497726802961328;0;8;-0.8718066260838968;3.6651512019742185;1.5;5
192;2021;5;5.497726802961328;0;10;-0.8718066260838968;3.6651512019742185;1.5;5
192;2022;6;5.497726802961328;1;12;-0.8718066260838968;3.6651512019742185;1.5;5
192;2023;8;5.497726802961328;3;13;-0.8718066260838968;3.6651512019742185;1.5;5
192;2024;10;5.497726802961328;4;15;-0.8718066260838968;3.6651512019742185;1.5;5
194;2019;2;2.236067977499811;0;4;0.40160966445124946;0.8944271909999244;2.5;5
194;2020;1;2.236067977499811;0;4;0.40160966445124946;0.8944271909999244;2.5;5
194;2021;1;2.236067977499811;0;3;0.40160966445124946;0.8944271909999244;2.5;5
194;2022;1;2.236067977499811;0;3;0.40160966445124946;0.8944271909999244;2.5;5
194;2023;0;2.236067977499811;0;2;0.40160966445124946;0.8944271909999244;2.5;5
194;2024;0;2.236067977499811;0;2;0.40160966445124946;0.8944271909999244;2.5;5
195;2019;2;4.654746681256273;0;6;-0.26352313834736496;1.8618986725025093;2.5;5
195;2020;1;4.654746681256273;0;6;-0.26352313834736496;1.8618986725025093;2.5;5
195;2021;1;4.654746681256273;0;6;-0.26352313834736496;1.8618986725025093;2.5;5
195;2022;1;4.654746681256273;0;5;-0.26352313834736496;1.8618986725025093;2.5;5
195;2023;0;4.654746681256273;0;5;-0.26352313834736496;1.8618986725025093;2.5;5
195;2024;0;4.654746681256273;0;4;-0.26352313834736496;1.8618986725025093;2.5;5
196;2019;1;0.9128709291752768;0;2;-0.4082482904638631;0.3651483716701107;2.5;5
196;2020;0;0.9128709291752768;0;1;-0.4082482904638631;0.3651483716701107;2.5;5
196;2021;0;0.9128709291752768;0;1;-0.4082482904638631;0.3651483716701107;2.5;5
196;2022;0;0.9128709291752768;0;1;-0.4082482904638631;0.3651483716701107;2.5;5
196;2023;0;0.9128709291752768;0;1;-0.4082482904638631;0.3651483716701107;2.5;5
196;2024;0;0.9128709291752768;0;1;-0.4082482904638631;0.3651483716701107;2.5;5
197;2019;0;0.9660917830792841;0;1;0.6123724356957945;0.48304589153964206;2.0;5
197;2020;0;0.9660917830792841;0;1;0.6123724356957945;0.48304589153964206;2.0;5
197;2021;0;0.9660917830792841;0;1;0.6123724356957945;0.48304589153964206;2.0;5
197;2022;0;0.9660917830792841;0;1;0.6123724356957945;0.48304589153964206;2.0;5
197;2023;0;0.9660917830792841;0;1;0.6123724356957945;0.48304589153964206;2.0;5
197;2024;0;0.9660917830792841;0;1;0.6123724356957945;0.48304589153964206;2.0;5
198;2019;5;4.83045891539648;1;10;0.10859306069076738;1.932183566158592;2.5;5
198;2020;4;4.83045891539648;0;9;0.10859306069076738;1.932183566158592;2.5;5
198;2021;3;4.83045891539648;0;8;0.10859306069076738;1.932183566158592;2.5;5
198;2022;2;4.83045891539648;0;7;0.10859306069076738;1.932183566158592;2.5;5
198;2023;1;4.83045891539648;0;6;0.10859306069076738;1.932183566158592;2.5;5
198;2024;0;4.83045891539648;0;5;0.10859306069076738;1.932183566158592;2.5;5
199;2019;6;4.183300132670491;2;10;-0.0429378366607954;1.6733200530681964;2.5;5
199;2020;6;4.183300132670491;1;10;-0.0429378366607954;1.6733200530681964;2.5;5
199;2021;5;4.183300132670491;1;9;-0.0429378366607954;1.6733200530681964;2.5;5
199;2022;4;4.183300132670491;0;9;-0.0429378366607954;1.6733200530681964;2.5;5
199;2023;4;4.183300132670491;0;8;-0.0429378366607954;1.6733200530681964;2.5;5
199;2024;3;4.183300132670491;0;7;-0.0429378366607954;1.6733200530681964;2.5;5
200;2019;6;8.119421161634422;0;14;0.8882514968812599;5.412947441089615;1.5;5
200;2020;9;8.119421161634422;0;17;0.8882514968812599;5.412947441089615;1.5;5
200;2021;11;8.119421161634422;3;19;0.8882514968812599;5.412947441089615;1.5;5
200;2022;13;8.119421161634422;5;21;0.8882514968812599;5.412947441089615;1.5;5
200;2023;15;8.119421161634422;7;24;0.8882514968812599;5.412947441089615;1.5;5
200;2024;18;8.119421161634422;10;26;0.8882514968812599;5.412947441089615;1.5;5
201;2019;1;2.309401076758503;0;3;-0.5590169943749475;1.1547005383792515;2.0;5
201;2020;1;2.309401076758503;0;3;-0.5590169943749475;1.1547005383792515;2.0;5
201;2021;1;2.309401076758503;0;3;-0.5590169943749475;1.1547005383792515;2.0;5
201;2022;1;2.309401076758503;0;3;-0.5590169943749475;1.1547005383792515;2.0;5
201;2023;1;2.309401076758503;0;3;-0.5590169943749475;1.1547005383792515;2.0;5
201;2024;1;2.309401076758503;0;3;-0.5590169943749475;1.1547005383792515;2.0;5
202;2019;0;0.0;0;0;;0.0;2.5;5
202;2020;0;0.0;0;0;;0.0;2.5;5
202;2021;0;0.0;0;0;;0.0;2.5;5
202;2022;0;0.0;0;0;;0.0;2.5;5
202;2023;0;0.0;0;0;;0.0;2.5;5
202;2024;0;0.0;0;0;;0.0;2.5;5
203;2019;50;25.99679467421463;24;76;0.280909797562488;10.398717869685852;2.5;5
203;2020;43;25.99679467421463;17;69;0.280909797562488;10.398717869685852;2.5;5
203;2021;35;25.99679467421463;9;61;0.280909797562488;10.398717869685852;2.5;5
203;2022;27;25.99679467421463;1;53;0.280909797562488;10.398717869685852;2.5;5
203;2023;19;25.99679467421463;0;45;0.280909797562488;10.398717869685852;2.5;5
203;2024;11;25.99679467421463;0;37;0.280909797562488;10.398717869685852;2.5;5
204;2019;3;1.4944341180973264;2;5;-0.9355852142347212;1.4944341180973264;1.0;5
204;2020;3;1.4944341180973264;1;4;-0.9355852142347212;1.4944341180973264;1.0;5
204;2021;2;1.4944341180973264;1;4;-0.9355852142347212;1.4944341180973264;1.0;5
204;2022;2;1.4944341180973264;0;3;-0.9355852142347212;1.4944341180973264;1.0;5
204;2023;1;1.4944341180973264;0;3;-0.9355852142347212;1.4944341180973264;1.0;5
204;2024;1;1.4944341180973264;0;2;-0.9355852142347212;1.4944341180973264;1.0;5
205;2019;0;1.207614728849115;0;1;;0.483045891539646;2.5;5
205;2020;0;1.207614728849115;0;1;;0.483045891539646;2.5;5
205;2021;0;1.207614728849115;0;1;;0.483045891539646;2.5;5
205;2022;0;1.207614728849115;0;2;;0.483045891539646;2.5;5
205;2023;0;1.207614728849115;0;2;;0.483045891539646;2.5;5
205;2024;0;1.207614728849115;0;2;;0.483045891539646;2.5;5
206;2019;0;1.1937336386312822;0;1;-0.8964214570007952;0.7958224257541882;1.5;5
206;2020;0;1.1937336386312822;0;2;-0.8964214570007952;0.7958224257541882;1.5;5
206;2021;1;1.1937336386312822;0;2;-0.8964214570007952;0.7958224257541882;1.5;5
206;2022;1;1.1937336386312822;0;2;-0.8964214570007952;0.7958224257541882;1.5;5
206;2023;1;1.1937336386312822;0;3;-0.8964214570007952;0.7958224257541882;1.5;5
206;2024;2;1.1937336386312822;1;3;-0.8964214570007952;0.7958224257541882;1.5;5
207;2019;20;3.5916569992139356;16;24;0.845315109741838;2.394437999475957;1.5;5
207;2020;23;3.5916569992139356;19;26;0.845315109741838;2.394437999475957;1.5;5
207;2021;25;3.5916569992139356;22;29;0.845315109741838;2.394437999475957;1.5;5
207;2022;28;3.5916569992139356;24;31;0.845315109741838;2.394437999475957;1.5;5
207;2023;30;3.5916569992139356;27;34;0.845315109741838;2.394437999475957;1.5;5
207;2024;33;3.5916569992139356;29;37;0.845315109741838;2.394437999475957;1.5;5
208;2019;0;0.0;0;0;;0.0;2.5;5
208;2020;0;0.0;0;0;;0.0;2.5;5
208;2021;0;0.0;0;0;;0.0;2.5;5
208;2022;0;0.0;0;0;;0.0;2.5;5
208;2023;0;0.0;0;0;;0.0;2.5;5
208;2024;0;0.0;0;0;;0.0;2.5;5
209;2019;0;0.9128709291753029;0;1;-0.37499999999999994;0.36514837167012115;2.5;5
209;2020;0;0.9128709291753029;0;1;-0.37499999999999994;0.36514837167012115;2.5;5
209;2021;0;0.9128709291753029;0;1;-0.37499999999999994;0.36514837167012115;2.5;5
209;2022;0;0.9128709291753029;0;1;-0.37499999999999994;0.36514837167012115;2.5;5
209;2023;1;0.9128709291753029;0;2;-0.37499999999999994;0.36514837167012115;2.5;5
209;2024;1;0.9128709291753029;0;2;-0.37499999999999994;0.36514837167012115;2.5;5
210;2019;1;1.8973665961010255;0;3;0.6428571428571429;0.9486832980505128;2.0;5
210;2020;1;1.8973665961010255;0;3;0.6428571428571429;0.9486832980505128;2.0;5
210;2021;1;1.8973665961010255;0;3;0.6428571428571429;0.9486832980505128;2.0;5
210;2022;1;1.8973665961010255;0;3;0.6428571428571429;0.9486832980505128;2.0;5
210;2023;1;1.8973665961010255;0;2;0.6428571428571429;0.9486832980505128;2.0;5
210;2024;1;1.8973665961010255;0;2;0.6428571428571429;0.9486832980505128;2.0;5
211;2019;8;6.870225614927094;1;15;-0.9822226065674512;6.870225614927094;1.0;5
211;2020;9;6.870225614927094;2;16;-0.9822226065674512;6.870225614927094;1.0;5
211;2021;9;6.870225614927094;3;16;-0.9822226065674512;6.870225614927094;1.0;5
211;2022;10;6.870225614927094;3;17;-0.9822226065674512;6.870225614927094;1.0;5
211;2023;11;6.870225614927094;4;17;-0.9822226065674512;6.870225614927094;1.0;5
211;2024;11;6.870225614927094;4;18;-0.9822226065674512;6.870225614927094;1.0;5
212;2019;18;20.222718247884664;0;38;-0.006676495768952293;8.089087299153865;2.5;5
212;2020;17;20.222718247884664;0;38;-0.006676495768952293;8.089087299153865;2.5;5
212;2021;17;20.222718247884664;0;37;-0.006676495768952293;8.089087299153865;2.5;5
212;2022;16;20.222718247884664;0;36;-0.006676495768952293;8.089087299153865;2.5;5
212;2023;15;20.222718247884664;0;35;-0.006676495768952293;8.089087299153865;2.5;5
212;2024;14;20.222718247884664;0;35;-0.006676495768952293;8.089087299153865;2.5;5
213;2019;0;0.0;0;0;;0.0;2.5;5
213;2020;0;0.0;0;0;;0.0;2.5;5
213;2021;0;0.0;0;0;;0.0;2.5;5
213;2022;0;0.0;0;0;;0.0;2.5;5
213;2023;0;0.0;0;0;;0.0;2.5;5
213;2024;0;0.0;0;0;;0.0;2.5;5
214;2019;0;0.9128709291753029;0;1;0.0857492925712544;0.36514837167012115;2.5;5
214;2020;0;0.9128709291753029;0;1;0.0857492925712544;0.36514837167012115;2.5;5
214;2021;0;0.9128709291753029;0;1;0.0857492925712544;0.36514837167012115;2.5;5
214;2022;0;0.9128709291753029;0;1;0.0857492925712544;0.36514837167012115;2.5;5
214;2023;1;0.9128709291753029;0;2;0.0857492925712544;0.36514837167012115;2.5;5
214;2024;1;0.9128709291753029;0;2;0.0857492925712544;0.36514837167012115;2.5;5
215;2019;3;5.608772890154549;0;8;-0.11684567865932921;2.24350915606182;2.5;5
215;2020;2;5.608772890154549;0;8;-0.11684567865932921;2.24350915606182;2.5;5
215;2021;2;5.608772890154549;0;8;-0.11684567865932921;2.24350915606182;2.5;5
215;2022;2;5.608772890154549;0;7;-0.11684567865932921;2.24350915606182;2.5;5
215;2023;1;5.608772890154549;0;7;-0.11684567865932921;2.24350915606182;2.5;5
215;2024;1;5.608772890154549;0;7;-0.11684567865932921;2.24350915606182;2.5;5
216;2019;1;0.7905694150421249;0;2;-0.32732683535398854;0.31622776601684993;2.5;5
216;2020;1;0.7905694150421249;0;1;-0.32732683535398854;0.31622776601684993;2.5;5
216;2021;0;0.7905694150421249;0;1;-0.32732683535398854;0.31622776601684993;2.5;5
216;2022;0;0.7905694150421249;0;1;-0.32732683535398854;0.31622776601684993;2.5;5
216;2023;0;0.7905694150421249;0;1;-0.32732683535398854;0.31622776601684993;2.5;5
216;2024;0;0.7905694150421249;0;0;-0.32732683535398854;0.31622776601684993;2.5;5
217;2019;3;3.4964267474093544;0;6;0.7162688500017275;2.3309511649395698;1.5;5
217;2020;4;3.4964267474093544;0;7;0.7162688500017275;2.3309511649395698;1.5;5
217;2021;4;3.4964267474093544;1;8;0.7162688500017275;2.3309511649395698;1.5;5
217;2022;5;3.4964267474093544;2;9;0.7162688500017275;2.3309511649395698;1.5;5
217;2023;6;3.4964267474093544;2;9;0.7162688500017275;2.3309511649395698;1.5;5
217;2024;7;3.4964267474093544;3;10;0.7162688500017275;2.3309511649395698;1.5;5
218;2019;1;1.5138251770487499;0;2;0.408248290463863;0.6055300708194999;2.5;5
218;2020;1;1.5138251770487499;0;2;0.408248290463863;0.6055300708194999;2.5;5
218;2021;0;1.5138251770487499;0;2;0.408248290463863;0.6055300708194999;2.5;5
218;2022;0;1.5138251770487499;0;2;0.408248290463863;0.6055300708194999;2.5;5
218;2023;0;1.5138251770487499;0;2;0.408248290463863;0.6055300708194999;2.5;5
218;2024;0;1.5138251770487499;0;2;0.408248290463863;0.6055300708194999;2.5;5
219;2019;5;5.224142672885926;0;11;-0.05703586973049606;2.0896570691543706;2.5;5
219;2020;4;5.224142672885926;0;10;-0.05703586973049606;2.0896570691543706;2.5;5
219;2021;4;5.224142672885926;0;9;-0.05703586973049606;2.0896570691543706;2.5;5
219;2022;3;5.224142672885926;0;8;-0.05703586973049606;2.0896570691543706;2.5;5
219;2023;2;5.224142672885926;0;7;-0.05703586973049606;2.0896570691543706;2.5;5
219;2024;1;5.224142672885926;0;6;-0.05703586973049606;2.0896570691543706;2.5;5
220;2019;0;1.0327955589886446;0;1;-0.51604684654214;0.5163977794943223;2.0;5
220;2020;0;1.0327955589886446;0;1;-0.51604684654214;0.5163977794943223;2.0;5
220;2021;0;1.0327955589886446;0;1;-0.51604684654214;0.5163977794943223;2.0;5
220;2022;0;1.0327955589886446;0;1;-0.51604684654214;0.5163977794943223;2.0;5
220;2023;0;1.0327955589886446;0;1;-0.51604684654214;0.5163977794943223;2.0;5
220;2024;0;1.0327955589886446;0;1;-0.51604684654214;0.5163977794943223;2.0;5
221;2019;0;2.41522945769821;0;3;0.06735198826004064;0.9660917830792841;2.5;5
221;2020;0;2.41522945769821;0;3;0.06735198826004064;0.9660917830792841;2.5;5
221;2021;1;2.41522945769821;0;3;0.06735198826004064;0.9660917830792841;2.5;5
221;2022;1;2.41522945769821;0;3;0.06735198826004064;0.9660917830792841;2.5;5
221;2023;1;2.41522945769821;0;3;0.06735198826004064;0.9660917830792841;2.5;5
221;2024;1;2.41522945769821;0;4;0.06735198826004064;0.9660917830792841;2.5;5
222;2019;6;5.533985905294665;0;11;-0.22258705026211267;2.213594362117866;2.5;5
222;2020;5;5.533985905294665;0;11;-0.22258705026211267;2.213594362117866;2.5;5
222;2021;5;5.533985905294665;0;10;-0.22258705026211267;2.213594362117866;2.5;5
222;2022;4;5.533985905294665;0;10;-0.22258705026211267;2.213594362117866;2.5;5
222;2023;4;5.533985905294665;0;9;-0.22258705026211267;2.213594362117866;2.5;5
222;2024;3;5.533985905294665;0;9;-0.22258705026211267;2.213594362117866;2.5;5
223;2019;0;2.41522945769823;0;2;-0.37499999999999994;0.966091783079292;2.5;5
223;2020;0;2.41522945769823;0;3;-0.37499999999999994;0.966091783079292;2.5;5
223;2021;0;2.41522945769823;0;3;-0.37499999999999994;0.966091783079292;2.5;5
223;2022;1;2.41522945769823;0;3;-0.37499999999999994;0.966091783079292;2.5;5
223;2023;1;2.41522945769823;0;3;-0.37499999999999994;0.966091783079292;2.5;5
223;2024;1;2.41522945769823;0;3;-0.37499999999999994;0.966091783079292;2.5;5
224;2019;0;0.724568837309469;0;1;0.875;0.483045891539646;1.5;5
224;2020;0;0.724568837309469;0;1;0.875;0.483045891539646;1.5;5
224;2021;0;0.724568837309469;0;1;0.875;0.483045891539646;1.5;5
224;2022;0;0.724568837309469;0;1;0.875;0.483045891539646;1.5;5
224;2023;0;0.724568837309469;0;1;0.875;0.483045891539646;1.5;5
224;2024;0;0.724568837309469;0;1;0.875;0.483045891539646;1.5;5
225;2019;0;2.41522945769821;0;3;0.40625000000000006;0.9660917830792841;2.5;5
225;2020;0;2.41522945769821;0;3;0.40625000000000006;0.9660917830792841;2.5;5
225;2021;1;2.41522945769821;0;3;0.40625000000000006;0.9660917830792841;2.5;5
225;2022;1;2.41522945769821;0;3;0.40625000000000006;0.9660917830792841;2.5;5
225;2023;1;2.41522945769821;0;3;0.40625000000000006;0.9660917830792841;2.5;5
225;2024;1;2.41522945769821;0;4;0.40625000000000006;0.9660917830792841;2.5;5
226;2019;0;2.422120283277962;0;3;0.5694947974514994;1.211060141638981;2.0;5
226;2020;1;2.422120283277962;0;3;0.5694947974514994;1.211060141638981;2.0;5
226;2021;1;2.422120283277962;0;3;0.5694947974514994;1.211060141638981;2.0;5
226;2022;1;2.422120283277962;0;3;0.5694947974514994;1.211060141638981;2.0;5
226;2023;1;2.422120283277962;0;4;0.5694947974514994;1.211060141638981;2.0;5
226;2024;1;2.422120283277962;0;4;0.5694947974514994;1.211060141638981;2.0;5
227;2019;1;5.163977794943223;0;6;0.37499999999999994;2.0655911179772892;2.5;5
227;2020;1;5.163977794943223;0;6;0.37499999999999994;2.0655911179772892;2.5;5
227;2021;1;5.163977794943223;0;6;0.37499999999999994;2.0655911179772892;2.5;5
227;2022;1;5.163977794943223;0;6;0.37499999999999994;2.0655911179772892;2.5;5
227;2023;1;5.163977794943223;0;6;0.37499999999999994;2.0655911179772892;2.5;5
227;2024;1;5.163977794943223;0;6;0.37499999999999994;2.0655911179772892;2.5;5
228;2019;1;1.2649110640674237;0;2;-0.5345224838248487;0.6324555320337119;2.0;5
228;2020;1;1.2649110640674237;0;3;-0.5345224838248487;0.6324555320337119;2.0;5
228;2021;2;1.2649110640674237;1;3;-0.5345224838248487;0.6324555320337119;2.0;5
228;2022;2;1.2649110640674237;1;3;-0.5345224838248487;0.6324555320337119;2.0;5
228;2023;3;1.2649110640674237;1;4;-0.5345224838248487;0.6324555320337119;2.0;5
228;2024;3;1.2649110640674237;2;4;-0.5345224838248487;0.6324555320337119;2.0;5
229;2019;4;1.5138251770487146;3;6;0.32212008459196656;0.6055300708194858;2.5;5
229;2020;4;1.5138251770487146;2;5;0.32212008459196656;0.6055300708194858;2.5;5
229;2021;3;1.5138251770487146;1;5;0.32212008459196656;0.6055300708194858;2.5;5
229;2022;2;1.5138251770487146;1;4;0.32212008459196656;0.6055300708194858;2.5;5
229;2023;2;1.5138251770487146;0;3;0.32212008459196656;0.6055300708194858;2.5;5
229;2024;1;1.5138251770487146;0;2;0.32212008459196656;0.6055300708194858;2.5;5
230;2019;15;2.738612787526176;12;17;0.020331251519761104;1.0954451150104705;2.5;5
230;2020;13;2.738612787526176;10;16;0.020331251519761104;1.0954451150104705;2.5;5
230;2021;11;2.738612787526176;8;14;0.020331251519761104;1.0954451150104705;2.5;5
230;2022;9;2.738612787526176;6;12;0.020331251519761104;1.0954451150104705;2.5;5
230;2023;7;2.738612787526176;5;10;0.020331251519761104;1.0954451150104705;2.5;5
230;2024;6;2.738612787526176;3;8;0.020331251519761104;1.0954451150104705;2.5;5
231;2019;7;3.2914029430217435;4;10;-0.4154884321708606;1.3165611772086974;2.5;5
231;2020;6;3.2914029430217435;2;9;-0.4154884321708606;1.3165611772086974;2.5;5
231;2021;4;3.2914029430217435;1;7;-0.4154884321708606;1.3165611772086974;2.5;5
231;2022;3;3.2914029430217435;0;6;-0.4154884321708606;1.3165611772086974;2.5;5
231;2023;1;3.2914029430217435;0;5;-0.4154884321708606;1.3165611772086974;2.5;5
231;2024;0;3.2914029430217435;0;3;-0.4154884321708606;1.3165611772086974;2.5;5
232;2019;2;1.989556064385625;0;4;0.029411764705882346;0.79582242575425;2.5;5
232;2020;1;1.989556064385625;0;3;0.029411764705882346;0.79582242575425;2.5;5
232;2021;1;1.989556064385625;0;3;0.029411764705882346;0.79582242575425;2.5;5
232;2022;0;1.989556064385625;0;2;0.029411764705882346;0.79582242575425;2.5;5
232;2023;0;1.989556064385625;0;1;0.029411764705882346;0.79582242575425;2.5;5
232;2024;0;1.989556064385625;0;1;0.029411764705882346;0.79582242575425;2.5;5
233;2019;0;1.8257418583506058;0;1;-0.408248290463863;0.7302967433402423;2.5;5
233;2020;0;1.8257418583506058;0;2;-0.408248290463863;0.7302967433402423;2.5;5
233;2021;0;1.8257418583506058;0;2;-0.408248290463863;0.7302967433402423;2.5;5
233;2022;1;1.8257418583506058;0;3;-0.408248290463863;0.7302967433402423;2.5;5
233;2023;1;1.8257418583506058;0;3;-0.408248290463863;0.7302967433402423;2.5;5
233;2024;2;1.8257418583506058;0;3;-0.408248290463863;0.7302967433402423;2.5;5
234;2019;41;16.475992635750195;24;57;-0.37798897899572936;6.5903970543000785;2.5;5
234;2020;36;16.475992635750195;20;53;-0.37798897899572936;6.5903970543000785;2.5;5
234;2021;31;16.475992635750195;15;48;-0.37798897899572936;6.5903970543000785;2.5;5
234;2022;27;16.475992635750195;10;43;-0.37798897899572936;6.5903970543000785;2.5;5
234;2023;22;16.475992635750195;6;38;-0.37798897899572936;6.5903970543000785;2.5;5
234;2024;17;16.475992635750195;1;34;-0.37798897899572936;6.5903970543000785;2.5;5
235;2019;1;1.8165902124584998;0;3;0.8427009716003846;1.2110601416389999;1.5;5
235;2020;1;1.8165902124584998;0;3;0.8427009716003846;1.2110601416389999;1.5;5
235;2021;1;1.8165902124584998;0;3;0.8427009716003846;1.2110601416389999;1.5;5
235;2022;1;1.8165902124584998;0;2;0.8427009716003846;1.2110601416389999;1.5;5
235;2023;0;1.8165902124584998;0;2;0.8427009716003846;1.2110601416389999;1.5;5
235;2024;0;1.8165902124584998;0;2;0.8427009716003846;1.2110601416389999;1.5;5
236;2019;0;4.808846015417945;0;4;0.3538880365655816;1.9235384061671779;2.5;5
236;2020;0;4.808846015417945;0;5;0.3538880365655816;1.9235384061671779;2.5;5
236;2021;1;4.808846015417945;0;6;0.3538880365655816;1.9235384061671779;2.5;5
236;2022;2;4.808846015417945;0;7;0.3538880365655816;1.9235384061671779;2.5;5
236;2023;3;4.808846015417945;0;8;0.3538880365655816;1.9235384061671779;2.5;5
236;2024;4;4.808846015417945;0;9;0.3538880365655816;1.9235384061671779;2.5;5
237;2019;9;10.868532559642004;0;19;0.06426130498042287;4.347413023856801;2.5;5
237;2020;8;10.868532559642004;0;19;0.06426130498042287;4.347413023856801;2.5;5
237;2021;7;10.868532559642004;0;18;0.06426130498042287;4.347413023856801;2.5;5
237;2022;6;10.868532559642004;0;17;0.06426130498042287;4.347413023856801;2.5;5
237;2023;5;10.868532559642004;0;16;0.06426130498042287;4.347413023856801;2.5;5
237;2024;4;10.868532559642004;0;15;0.06426130498042287;4.347413023856801;2.5;5
238;2019;0;1.2909944487358058;0;1;-0.2721655269759087;0.5163977794943223;2.5;5
238;2020;0;1.2909944487358058;0;1;-0.2721655269759087;0.5163977794943223;2.5;5
238;2021;0;1.2909944487358058;0;1;-0.2721655269759087;0.5163977794943223;2.5;5
238;2022;0;1.2909944487358058;0;1;-0.2721655269759087;0.5163977794943223;2.5;5
238;2023;0;1.2909944487358058;0;1;-0.2721655269759087;0.5163977794943223;2.5;5
238;2024;0;1.2909944487358058;0;1;-0.2721655269759087;0.5163977794943223;2.5;5
239;2019;0;1.207614728849105;0;2;0.2752409412815901;0.48304589153964206;2.5;5
239;2020;0;1.207614728849105;0;2;0.2752409412815901;0.48304589153964206;2.5;5
239;2021;0;1.207614728849105;0;1;0.2752409412815901;0.48304589153964206;2.5;5
239;2022;0;1.207614728849105;0;1;0.2752409412815901;0.48304589153964206;2.5;5
239;2023;0;1.207614728849105;0;1;0.2752409412815901;0.48304589153964206;2.5;5
239;2024;0;1.207614728849105;0;1;0.2752409412815901;0.48304589153964206;2.5;5
240;2019;3;5.718391382198319;0;9;0.7888184285843837;3.812260921465546;1.5;5
240;2020;3;5.718391382198319;0;9;0.7888184285843837;3.812260921465546;1.5;5
240;2021;4;5.718391382198319;0;9;0.7888184285843837;3.812260921465546;1.5;5
240;2022;4;5.718391382198319;0;10;0.7888184285843837;3.812260921465546;1.5;5
240;2023;4;5.718391382198319;0;10;0.7888184285843837;3.812260921465546;1.5;5
240;2024;5;5.718391382198319;0;11;0.7888184285843837;3.812260921465546;1.5;5
241;2019;1;1.2649110640673518;0;2;-0.6666666666666666;0.6324555320336759;2.0;5
241;2020;1;1.2649110640673518;0;2;-0.6666666666666666;0.6324555320336759;2.0;5
241;2021;1;1.2649110640673518;0;2;-0.6666666666666666;0.6324555320336759;2.0;5
241;2022;1;1.2649110640673518;0;2;-0.6666666666666666;0.6324555320336759;2.0;5
241;2023;1;1.2649110640673518;0;2;-0.6666666666666666;0.6324555320336759;2.0;5
241;2024;1;1.2649110640673518;0;2;-0.6666666666666666;0.6324555320336759;2.0;5
242;2019;2;1.5811388300841298;1;4;-0.24142320471838097;0.6324555320336519;2.5;5
242;2020;2;1.5811388300841298;0;3;-0.24142320471838097;0.6324555320336519;2.5;5
242;2021;1;1.5811388300841298;0;3;-0.24142320471838097;0.6324555320336519;2.5;5
242;2022;1;1.5811388300841298;0;2;-0.24142320471838097;0.6324555320336519;2.5;5
242;2023;0;1.5811388300841298;0;2;-0.24142320471838097;0.6324555320336519;2.5;5
242;2024;0;1.5811388300841298;0;1;-0.24142320471838097;0.6324555320336519;2.5;5
243;2019;0;1.03279555898863;0;1;-0.5405899027195888;0.516397779494315;2.0;5
243;2020;0;1.03279555898863;0;1;-0.5405899027195888;0.516397779494315;2.0;5
243;2021;0;1.03279555898863;0;1;-0.5405899027195888;0.516397779494315;2.0;5
243;2022;1;1.03279555898863;0;2;-0.5405899027195888;0.516397779494315;2.0;5
243;2023;1;1.03279555898863;0;2;-0.5405899027195888;0.516397779494315;2.0;5
243;2024;1;1.03279555898863;0;2;-0.5405899027195888;0.516397779494315;2.0;5
244;2019;1;2.804757862395158;0;4;0.6487491201346024;1.402378931197579;2.0;5
244;2020;2;2.804757862395158;0;4;0.6487491201346024;1.402378931197579;2.0;5
244;2021;2;2.804757862395158;0;5;0.6487491201346024;1.402378931197579;2.0;5
244;2022;3;2.804757862395158;0;6;0.6487491201346024;1.402378931197579;2.0;5
244;2023;4;2.804757862395158;1;6;0.6487491201346024;1.402378931197579;2.0;5
244;2024;4;2.804757862395158;1;7;0.6487491201346024;1.402378931197579;2.0;5
245;2019;0;1.207614728849115;0;1;0.049029033784546004;0.483045891539646;2.5;5
245;2020;0;1.207614728849115;0;1;0.049029033784546004;0.483045891539646;2.5;5
245;2021;0;1.207614728849115;0;1;0.049029033784546004;0.483045891539646;2.5;5
245;2022;0;1.207614728849115;0;2;0.049029033784546004;0.483045891539646;2.5;5
245;2023;0;1.207614728849115;0;2;0.049029033784546004;0.483045891539646;2.5;5
245;2024;0;1.207614728849115;0;2;0.049029033784546004;0.483045891539646;2.5;5
246;2019;3;1.2649110640673278;1;4;-0.5903012777011399;0.6324555320336639;2.0;5
246;2020;2;1.2649110640673278;1;3;-0.5903012777011399;0.6324555320336639;2.0;5
246;2021;2;1.2649110640673278;1;3;-0.5903012777011399;0.6324555320336639;2.0;5
246;2022;1;1.2649110640673278;0;3;-0.5903012777011399;0.6324555320336639;2.0;5
246;2023;1;1.2649110640673278;0;2;-0.5903012777011399;0.6324555320336639;2.0;5
246;2024;1;1.2649110640673278;0;2;-0.5903012777011399;0.6324555320336639;2.0;5
247;2019;2;14.49137674618915;0;17;-0.46494944191717735;5.79655069847566;2.5;5
247;2020;3;14.49137674618915;0;18;-0.46494944191717735;5.79655069847566;2.5;5
247;2021;5;14.49137674618915;0;19;-0.46494944191717735;5.79655069847566;2.5;5
247;2022;6;14.49137674618915;0;20;-0.46494944191717735;5.79655069847566;2.5;5
247;2023;7;14.49137674618915;0;21;-0.46494944191717735;5.79655069847566;2.5;5
247;2024;8;14.49137674618915;0;23;-0.46494944191717735;5.79655069847566;2.5;5
248;2019;0;0.0;0;0;;0.0;2.5;5
248;2020;0;0.0;0;0;;0.0;2.5;5
248;2021;0;0.0;0;0;;0.0;2.5;5
248;2022;0;0.0;0;0;;0.0;2.5;5
248;2023;0;0.0;0;0;;0.0;2.5;5
248;2024;0;0.0;0;0;;0.0;2.5;5
249;2019;0;1.2909944487358058;0;1;0.25000000000000006;0.5163977794943223;2.5;5
249;2020;0;1.2909944487358058;0;1;0.25000000000000006;0.5163977794943223;2.5;5
249;2021;0;1.2909944487358058;0;1;0.25000000000000006;0.5163977794943223;2.5;5
249;2022;0;1.2909944487358058;0;1;0.25000000000000006;0.5163977794943223;2.5;5
249;2023;0;1.2909944487358058;0;1;0.25000000000000006;0.5163977794943223;2.5;5
249;2024;0;1.2909944487358058;0;1;0.25000000000000006;0.5163977794943223;2.5;5
250;2019;0;1.8257418583505536;0;2;-0.25;0.7302967433402214;2.5;5
250;2020;0;1.8257418583505536;0;2;-0.25;0.7302967433402214;2.5;5
250;2021;1;1.8257418583505536;0;2;-0.25;0.7302967433402214;2.5;5
250;2022;1;1.8257418583505536;0;3;-0.25;0.7302967433402214;2.5;5
250;2023;1;1.8257418583505536;0;3;-0.25;0.7302967433402214;2.5;5
250;2024;2;1.8257418583505536;0;4;-0.25;0.7302967433402214;2.5;5
251;2019;2;4.654746681256273;0;6;-0.3227486121839514;1.8618986725025093;2.5;5
251;2020;1;4.654746681256273;0;6;-0.3227486121839514;1.8618986725025093;2.5;5
251;2021;1;4.654746681256273;0;6;-0.3227486121839514;1.8618986725025093;2.5;5
251;2022;1;4.654746681256273;0;5;-0.3227486121839514;1.8618986725025093;2.5;5
251;2023;0;4.654746681256273;0;5;-0.3227486121839514;1.8618986725025093;2.5;5
251;2024;0;4.654746681256273;0;4;-0.3227486121839514;1.8618986725025093;2.5;5
252;2019;0;0.7745966692414834;0;1;0.8886617051320621;0.5163977794943223;1.5;5
252;2020;0;0.7745966692414834;0;1;0.8886617051320621;0.5163977794943223;1.5;5
252;2021;0;0.7745966692414834;0;1;0.8886617051320621;0.5163977794943223;1.5;5
252;2022;0;0.7745966692414834;0;1;0.8886617051320621;0.5163977794943223;1.5;5
252;2023;0;0.7745966692414834;0;1;0.8886617051320621;0.5163977794943223;1.5;5
252;2024;0;0.7745966692414834;0;1;0.8886617051320621;0.5163977794943223;1.5;5
253;2019;0;0.0;0;0;;0.0;2.5;5
253;2020;0;0.0;0;0;;0.0;2.5;5
253;2021;0;0.0;0;0;;0.0;2.5;5
253;2022;0;0.0;0;0;;0.0;2.5;5
253;2023;0;0.0;0;0;;0.0;2.5;5
253;2024;0;0.0;0;0;;0.0;2.5;5
254;2019;31;21.92316126839415;9;53;-0.39525466737401477;8.76926450735766;2.5;5
254;2020;25;21.92316126839415;3;47;-0.39525466737401477;8.76926450735766;2.5;5
254;2021;19;21.92316126839415;0;41;-0.39525466737401477;8.76926450735766;2.5;5
254;2022;13;21.92316126839415;0;35;-0.39525466737401477;8.76926450735766;2.5;5
254;2023;7;21.92316126839415;0;29;-0.39525466737401477;8.76926450735766;2.5;5
254;2024;1;21.92316126839415;0;23;-0.39525466737401477;8.76926450735766;2.5;5
255;2019;2;0.6324555320336759;1;2;-0.5976143046671968;0.31622776601683794;2.0;5
255;2020;1;0.6324555320336759;1;2;-0.5976143046671968;0.31622776601683794;2.0;5
255;2021;1;0.6324555320336759;0;1;-0.5976143046671968;0.31622776601683794;2.0;5
255;2022;0;0.6324555320336759;0;1;-0.5976143046671968;0.31622776601683794;2.0;5
255;2023;0;0.6324555320336759;0;0;-0.5976143046671968;0.31622776601683794;2.0;5
255;2024;0;0.6324555320336759;0;0;-0.5976143046671968;0.31622776601683794;2.0;5
256;2019;1;2.993047499344654;0;4;;1.1972189997378615;2.5;5
256;2020;1;2.993047499344654;0;4;;1.1972189997378615;2.5;5
256;2021;1;2.993047499344654;0;4;;1.1972189997378615;2.5;5
256;2022;2;2.993047499344654;0;5;;1.1972189997378615;2.5;5
256;2023;2;2.993047499344654;0;5;;1.1972189997378615;2.5;5
256;2024;2;2.993047499344654;0;5;;1.1972189997378615;2.5;5
257;2019;0;0.0;0;0;;0.0;2.5;5
257;2020;0;0.0;0;0;;0.0;2.5;5
257;2021;0;0.0;0;0;;0.0;2.5;5
257;2022;0;0.0;0;0;;0.0;2.5;5
257;2023;0;0.0;0;0;;0.0;2.5;5
257;2024;0;0.0;0;0;;0.0;2.5;5
258;2019;0;1.0327955589886446;0;1;0.6123724356957945;0.5163977794943223;2.0;5
258;2020;0;1.0327955589886446;0;1;0.6123724356957945;0.5163977794943223;2.0;5
258;2021;0;1.0327955589886446;0;1;0.6123724356957945;0.5163977794943223;2.0;5
258;2022;0;1.0327955589886446;0;1;0.6123724356957945;0.5163977794943223;2.0;5
258;2023;0;1.0327955589886446;0;1;0.6123724356957945;0.5163977794943223;2.0;5
258;2024;0;1.0327955589886446;0;1;0.6123724356957945;0.5163977794943223;2.0;5
259;2019;0;1.2649110640673518;0;2;-0.6454972243679028;0.6324555320336759;2.0;5
259;2020;0;1.2649110640673518;0;2;-0.6454972243679028;0.6324555320336759;2.0;5
259;2021;0;1.2649110640673518;0;2;-0.6454972243679028;0.6324555320336759;2.0;5
259;2022;0;1.2649110640673518;0;2;-0.6454972243679028;0.6324555320336759;2.0;5
259;2023;0;1.2649110640673518;0;2;-0.6454972243679028;0.6324555320336759;2.0;5
259;2024;0;1.2649110640673518;0;2;-0.6454972243679028;0.6324555320336759;2.0;5
260;2019;2;4.7214051580717635;0;6;0.1605144707810256;1.8885620632287055;2.5;5
260;2020;2;4.7214051580717635;0;6;0.1605144707810256;1.8885620632287055;2.5;5
260;2021;2;4.7214051580717635;0;7;0.1605144707810256;1.8885620632287055;2.5;5
260;2022;2;4.7214051580717635;0;7;0.1605144707810256;1.8885620632287055;2.5;5
260;2023;2;4.7214051580717635;0;7;0.1605144707810256;1.8885620632287055;2.5;5
260;2024;2;4.7214051580717635;0;7;0.1605144707810256;1.8885620632287055;2.5;5
261;2019;0;0.0;0;0;;0.0;2.5;4
261;2020;0;0.0;0;0;;0.0;2.5;4
261;2022;0;0.0;0;0;;0.0;2.5;4
261;2023;0;0.0;0;0;;0.0;2.5;4
261;2024;0;0.0;0;0;;0.0;2.5;4
262;2019;11;8.137874415349449;3;19;0.8509410420944032;5.425249610232966;1.5;5
262;2020;11;8.137874415349449;3;19;0.8509410420944032;5.425249610232966;1.5;5
262;2021;11;8.137874415349449;3;20;0.8509410420944032;5.425249610232966;1.5;5
262;2022;12;8.137874415349449;4;20;0.8509410420944032;5.425249610232966;1.5;5
262;2023;12;8.137874415349449;4;20;0.8509410420944032;5.425249610232966;1.5;5
262;2024;12;8.137874415349449;4;20;0.8509410420944032;5.425249610232966;1.5;5
263;2019;3;6.106690320187109;0;9;-0.39576811813034996;2.4426761280748437;2.5;5
263;2020;3;6.106690320187109;0;9;-0.39576811813034996;2.4426761280748437;2.5;5
263;2021;3;6.106690320187109;0;9;-0.39576811813034996;2.4426761280748437;2.5;5
263;2022;3;6.106690320187109;0;9;-0.39576811813034996;2.4426761280748437;2.5;5
263;2023;3;6.106690320187109;0;9;-0.39576811813034996;2.4426761280748437;2.5;5
263;2024;3;6.106690320187109;0;9;-0.39576811813034996;2.4426761280748437;2.5;5
264;2019;1;2.41522945769821;0;3;-0.408248290463863;0.9660917830792841;2.5;5
264;2020;1;2.41522945769821;0;3;-0.408248290463863;0.9660917830792841;2.5;5
264;2021;0;2.41522945769821;0;3;-0.408248290463863;0.9660917830792841;2.5;5
264;2022;0;2.41522945769821;0;3;-0.408248290463863;0.9660917830792841;2.5;5
264;2023;0;2.41522945769821;0;2;-0.408248290463863;0.9660917830792841;2.5;5
264;2024;0;2.41522945769821;0;2;-0.408248290463863;0.9660917830792841;2.5;5
265;2020;1;1.5491933384830254;0;3;-0.5555555555555555;0.7745966692415127;2.0;4
265;2021;1;1.5491933384830254;0;2;-0.5555555555555555;0.7745966692415127;2.0;4
265;2022;0;1.5491933384830254;0;2;-0.5555555555555555;0.7745966692415127;2.0;4
265;2023;0;1.5491933384830254;0;1;-0.5555555555555555;0.7745966692415127;2.0;4
265;2024;0;1.5491933384830254;0;1;-0.5555555555555555;0.7745966692415127;2.0;4
266;2019;1;1.449137674618944;0;2;0.8685990362153791;0.966091783079296;1.5;5
266;2020;1;1.449137674618944;0;2;0.8685990362153791;0.966091783079296;1.5;5
266;2021;1;1.449137674618944;0;2;0.8685990362153791;0.966091783079296;1.5;5
266;2022;1;1.449137674618944;0;2;0.8685990362153791;0.966091783079296;1.5;5
266;2023;1;1.449137674618944;0;2;0.8685990362153791;0.966091783079296;1.5;5
266;2024;1;1.449137674618944;0;2;0.8685990362153791;0.966091783079296;1.5;5
267;2019;0;2.23606797749979;0;3;0.13363062095621217;0.894427190999916;2.5;5
267;2020;1;2.23606797749979;0;3;0.13363062095621217;0.894427190999916;2.5;5
267;2021;1;2.23606797749979;0;3;0.13363062095621217;0.894427190999916;2.5;5
267;2022;1;2.23606797749979;0;3;0.13363062095621217;0.894427190999916;2.5;5
267;2023;1;2.23606797749979;0;3;0.13363062095621217;0.894427190999916;2.5;5
267;2024;1;2.23606797749979;0;4;0.13363062095621217;0.894427190999916;2.5;5
268;2019;8;4.066120181860329;4;12;-0.6754328378495587;2.0330600909301646;2.0;5
268;2020;6;4.066120181860329;2;10;-0.6754328378495587;2.0330600909301646;2.0;5
268;2021;5;4.066120181860329;1;9;-0.6754328378495587;2.0330600909301646;2.0;5
268;2022;4;4.066120181860329;0;8;-0.6754328378495587;2.0330600909301646;2.0;5
268;2023;3;4.066120181860329;0;7;-0.6754328378495587;2.0330600909301646;2.0;5
268;2024;2;4.066120181860329;0;6;-0.6754328378495587;2.0330600909301646;2.0;5
269;2019;0;1.2909944487358058;0;1;0.1336306209562122;0.5163977794943223;2.5;5
269;2020;0;1.2909944487358058;0;1;0.1336306209562122;0.5163977794943223;2.5;5
269;2021;0;1.2909944487358058;0;1;0.1336306209562122;0.5163977794943223;2.5;5
269;2022;0;1.2909944487358058;0;1;0.1336306209562122;0.5163977794943223;2.5;5
269;2023;0;1.2909944487358058;0;1;0.1336306209562122;0.5163977794943223;2.5;5
269;2024;0;1.2909944487358058;0;1;0.1336306209562122;0.5163977794943223;2.5;5
270;2019;32;16.605220062779456;15;48;-0.5446982797076048;8.302610031389728;2.0;5
270;2020;25;16.605220062779456;8;41;-0.5446982797076048;8.302610031389728;2.0;5
270;2021;18;16.605220062779456;1;34;-0.5446982797076048;8.302610031389728;2.0;5
270;2022;11;16.605220062779456;0;27;-0.5446982797076048;8.302610031389728;2.0;5
270;2023;4;16.605220062779456;0;20;-0.5446982797076048;8.302610031389728;2.0;5
270;2024;0;16.605220062779456;0;13;-0.5446982797076048;8.302610031389728;2.0;5
271;2019;6;11.68474789344371;0;17;-0.5193185735383608;5.842373946721855;2.0;5
271;2020;7;11.68474789344371;0;19;-0.5193185735383608;5.842373946721855;2.0;5
271;2021;8;11.68474789344371;0;20;-0.5193185735383608;5.842373946721855;2.0;5
271;2022;9;11.68474789344371;0;21;-0.5193185735383608;5.842373946721855;2.0;5
271;2023;11;11.68474789344371;0;22;-0.5193185735383608;5.842373946721855;2.0;5
271;2024;12;11.68474789344371;0;23;-0.5193185735383608;5.842373946721855;2.0;5
272;2019;1;0.9660917830792841;0;2;1.0;0.9660917830792841;1.0;5
272;2020;1;0.9660917830792841;0;2;1.0;0.9660917830792841;1.0;5
272;2021;0;0.9660917830792841;0;1;1.0;0.9660917830792841;1.0;5
272;2022;0;0.9660917830792841;0;1;1.0;0.9660917830792841;1.0;5
272;2023;0;0.9660917830792841;0;1;1.0;0.9660917830792841;1.0;5
272;2024;0;0.9660917830792841;0;1;1.0;0.9660917830792841;1.0;5
273;2019;0;1.207614728849115;0;1;0.0;0.483045891539646;2.5;5
273;2020;0;1.207614728849115;0;1;0.0;0.483045891539646;2.5;5
273;2021;0;1.207614728849115;0;1;0.0;0.483045891539646;2.5;5
273;2022;0;1.207614728849115;0;2;0.0;0.483045891539646;2.5;5
273;2023;0;1.207614728849115;0;2;0.0;0.483045891539646;2.5;5
273;2024;0;1.207614728849115;0;2;0.0;0.483045891539646;2.5;5
274;2019;2;3.845993586404806;0;5;0.3952847075210473;1.5383974345619225;2.5;5
274;2020;1;3.845993586404806;0;5;0.3952847075210473;1.5383974345619225;2.5;5
274;2021;1;3.845993586404806;0;5;0.3952847075210473;1.5383974345619225;2.5;5
274;2022;1;3.845993586404806;0;5;0.3952847075210473;1.5383974345619225;2.5;5
274;2023;0;3.845993586404806;0;4;0.3952847075210473;1.5383974345619225;2.5;5
274;2024;0;3.845993586404806;0;4;0.3952847075210473;1.5383974345619225;2.5;5
275;2019;0;1.2909944487357874;0;1;0.16666666666666674;0.516397779494315;2.5;5
275;2020;0;1.2909944487357874;0;1;0.16666666666666674;0.516397779494315;2.5;5
275;2021;0;1.2909944487357874;0;2;0.16666666666666674;0.516397779494315;2.5;5
275;2022;1;1.2909944487357874;0;2;0.16666666666666674;0.516397779494315;2.5;5
275;2023;1;1.2909944487357874;0;2;0.16666666666666674;0.516397779494315;2.5;5
275;2024;1;1.2909944487357874;0;2;0.16666666666666674;0.516397779494315;2.5;5
276;2019;15;9.900757546773942;5;25;0.830858468541682;6.600505031182628;1.5;5
276;2020;14;9.900757546773942;4;24;0.830858468541682;6.600505031182628;1.5;5
276;2021;13;9.900757546773942;3;23;0.830858468541682;6.600505031182628;1.5;5
276;2022;12;9.900757546773942;2;22;0.830858468541682;6.600505031182628;1.5;5
276;2023;11;9.900757546773942;1;21;0.830858468541682;6.600505031182628;1.5;5
276;2024;10;9.900757546773942;0;20;0.830858468541682;6.600505031182628;1.5;5
277;2019;3;11.208255885729965;0;14;0.3696246621802185;4.483302354291986;2.5;5
277;2020;3;11.208255885729965;0;14;0.3696246621802185;4.483302354291986;2.5;5
277;2021;3;11.208255885729965;0;15;0.3696246621802185;4.483302354291986;2.5;5
277;2022;4;11.208255885729965;0;15;0.3696246621802185;4.483302354291986;2.5;5
277;2023;4;11.208255885729965;0;15;0.3696246621802185;4.483302354291986;2.5;5
277;2024;4;11.208255885729965;0;16;0.3696246621802185;4.483302354291986;2.5;5
278;2019;5;7.108680140035142;0;13;-0.6778521689291134;3.554340070017571;2.0;5
278;2020;4;7.108680140035142;0;11;-0.6778521689291134;3.554340070017571;2.0;5
278;2021;3;7.108680140035142;0;10;-0.6778521689291134;3.554340070017571;2.0;5
278;2022;2;7.108680140035142;0;9;-0.6778521689291134;3.554340070017571;2.0;5
278;2023;0;7.108680140035142;0;7;-0.6778521689291134;3.554340070017571;2.0;5
278;2024;0;7.108680140035142;0;6;-0.6778521689291134;3.554340070017571;2.0;5
279;2019;0;2.1908902300206643;0;3;0.897087918924293;1.4605934866804429;1.5;5
279;2020;1;2.1908902300206643;0;3;0.897087918924293;1.4605934866804429;1.5;5
279;2021;1;2.1908902300206643;0;3;0.897087918924293;1.4605934866804429;1.5;5
279;2022;1;2.1908902300206643;0;3;0.897087918924293;1.4605934866804429;1.5;5
279;2023;1;2.1908902300206643;0;3;0.897087918924293;1.4605934866804429;1.5;5
279;2024;1;2.1908902300206643;0;4;0.897087918924293;1.4605934866804429;1.5;5
280;2019;1;4.9159604012508415;0;6;-0.3786412228313766;1.9663841605003367;2.5;5
280;2020;1;4.9159604012508415;0;6;-0.3786412228313766;1.9663841605003367;2.5;5
280;2021;1;4.9159604012508415;0;6;-0.3786412228313766;1.9663841605003367;2.5;5
280;2022;1;4.9159604012508415;0;6;-0.3786412228313766;1.9663841605003367;2.5;5
280;2023;1;4.9159604012508415;0;6;-0.3786412228313766;1.9663841605003367;2.5;5
280;2024;0;4.9159604012508415;0;5;-0.3786412228313766;1.9663841605003367;2.5;5
281;2019;2;0.9128709291752768;1;3;0.0;0.3651483716701107;2.5;5
281;2020;2;0.9128709291752768;1;3;0.0;0.3651483716701107;2.5;5
281;2021;1;0.9128709291752768;0;2;0.0;0.3651483716701107;2.5;5
281;2022;0;0.9128709291752768;0;1;0.0;0.3651483716701107;2.5;5
281;2023;0;0.9128709291752768;0;1;0.0;0.3651483716701107;2.5;5
281;2024;0;0.9128709291752768;0;0;0.0;0.3651483716701107;2.5;5
282;2019;10;29.60855732160327;0;39;0.0024287803870239348;11.843422928641308;2.5;5
282;2020;14;29.60855732160327;0;43;0.0024287803870239348;11.843422928641308;2.5;5
282;2021;18;29.60855732160327;0;47;0.0024287803870239348;11.843422928641308;2.5;5
282;2022;22;29.60855732160327;0;51;0.0024287803870239348;11.843422928641308;2.5;5
282;2023;26;29.60855732160327;0;55;0.0024287803870239348;11.843422928641308;2.5;5
282;2024;30;29.60855732160327;0;59;0.0024287803870239348;11.843422928641308;2.5;5
283;2019;5;3.6331804249172066;2;9;0.6748273031850835;1.8165902124586033;2.0;5
283;2020;7;3.6331804249172066;3;11;0.6748273031850835;1.8165902124586033;2.0;5
283;2021;9;3.6331804249172066;5;12;0.6748273031850835;1.8165902124586033;2.0;5
283;2022;11;3.6331804249172066;7;14;0.6748273031850835;1.8165902124586033;2.0;5
283;2023;12;3.6331804249172066;9;16;0.6748273031850835;1.8165902124586033;2.0;5
283;2024;14;3.6331804249172066;10;18;0.6748273031850835;1.8165902124586033;2.0;5
284;2019;0;0.0;0;0;;0.0;2.5;5
284;2020;0;0.0;0;0;;0.0;2.5;5
284;2021;0;0.0;0;0;;0.0;2.5;5
284;2022;0;0.0;0;0;;0.0;2.5;5
284;2023;0;0.0;0;0;;0.0;2.5;5
284;2024;0;0.0;0;0;;0.0;2.5;5
285;2019;0;0.9486832980504778;0;1;0.7637626158259733;0.6324555320336519;1.5;5
285;2020;0;0.9486832980504778;0;1;0.7637626158259733;0.6324555320336519;1.5;5
285;2021;1;0.9486832980504778;0;2;0.7637626158259733;0.6324555320336519;1.5;5
285;2022;1;0.9486832980504778;0;2;0.7637626158259733;0.6324555320336519;1.5;5
285;2023;2;0.9486832980504778;1;3;0.7637626158259733;0.6324555320336519;1.5;5
285;2024;2;0.9486832980504778;1;3;0.7637626158259733;0.6324555320336519;1.5;5
286;2019;3;10.791586228786457;0;14;-0.4879500364742666;4.3166344915145825;2.5;5
286;2020;3;10.791586228786457;0;14;-0.4879500364742666;4.3166344915145825;2.5;5
286;2021;3;10.791586228786457;0;14;-0.4879500364742666;4.3166344915145825;2.5;5
286;2022;3;10.791586228786457;0;14;-0.4879500364742666;4.3166344915145825;2.5;5
286;2023;3;10.791586228786457;0;14;-0.4879500364742666;4.3166344915145825;2.5;5
286;2024;3;10.791586228786457;0;14;-0.4879500364742666;4.3166344915145825;2.5;5
287;2019;0;0.0;0;0;;0.0;2.5;5
287;2020;0;0.0;0;0;;0.0;2.5;5
287;2021;0;0.0;0;0;;0.0;2.5;5
287;2022;0;0.0;0;0;;0.0;2.5;5
287;2023;0;0.0;0;0;;0.0;2.5;5
287;2024;0;0.0;0;0;;0.0;2.5;5
288;2019;0;2.9211869733608857;0;3;-0.5345224838248488;1.4605934866804429;2.0;5
288;2020;0;2.9211869733608857;0;3;-0.5345224838248488;1.4605934866804429;2.0;5
288;2021;1;2.9211869733608857;0;4;-0.5345224838248488;1.4605934866804429;2.0;5
288;2022;2;2.9211869733608857;0;5;-0.5345224838248488;1.4605934866804429;2.0;5
288;2023;3;2.9211869733608857;0;6;-0.5345224838248488;1.4605934866804429;2.0;5
288;2024;4;2.9211869733608857;1;7;-0.5345224838248488;1.4605934866804429;2.0;5
289;2019;44;47.033321521378205;0;91;0.5341668914350994;23.516660760689103;2.0;5
289;2020;44;47.033321521378205;0;91;0.5341668914350994;23.516660760689103;2.0;5
289;2021;45;47.033321521378205;0;92;0.5341668914350994;23.516660760689103;2.0;5
289;2022;46;47.033321521378205;0;93;0.5341668914350994;23.516660760689103;2.0;5
289;2023;46;47.033321521378205;0;93;0.5341668914350994;23.516660760689103;2.0;5
289;2024;47;47.033321521378205;0;94;0.5341668914350994;23.516660760689103;2.0;5
290;2019;11;10.757942802103631;0;22;0.5617608014259613;5.378971401051816;2.0;5
290;2020;12;10.757942802103631;1;23;0.5617608014259613;5.378971401051816;2.0;5
290;2021;13;10.757942802103631;2;24;0.5617608014259613;5.378971401051816;2.0;5
290;2022;14;10.757942802103631;3;25;0.5617608014259613;5.378971401051816;2.0;5
290;2023;15;10.757942802103631;4;26;0.5617608014259613;5.378971401051816;2.0;5
290;2024;16;10.757942802103631;5;27;0.5617608014259613;5.378971401051816;2.0;5
291;2019;1;3.1622776601683795;0;4;-0.33579478133074253;1.2649110640673518;2.5;5
291;2020;1;3.1622776601683795;0;4;-0.33579478133074253;1.2649110640673518;2.5;5
291;2021;1;3.1622776601683795;0;4;-0.33579478133074253;1.2649110640673518;2.5;5
291;2022;1;3.1622776601683795;0;4;-0.33579478133074253;1.2649110640673518;2.5;5
291;2023;1;3.1622776601683795;0;4;-0.33579478133074253;1.2649110640673518;2.5;5
291;2024;1;3.1622776601683795;0;4;-0.33579478133074253;1.2649110640673518;2.5;5
292;2019;0;0.0;0;0;;0.0;2.5;5
292;2020;0;0.0;0;0;;0.0;2.5;5
292;2021;0;0.0;0;0;;0.0;2.5;5
292;2022;0;0.0;0;0;;0.0;2.5;5
292;2023;0;0.0;0;0;;0.0;2.5;5
292;2024;0;0.0;0;0;;0.0;2.5;5
293;2019;1;1.9321835661585682;0;3;-0.5144957554275266;0.9660917830792841;2.0;5
293;2020;1;1.9321835661585682;0;3;-0.5144957554275266;0.9660917830792841;2.0;5
293;2021;2;1.9321835661585682;0;4;-0.5144957554275266;0.9660917830792841;2.0;5
293;2022;2;1.9321835661585682;0;4;-0.5144957554275266;0.9660917830792841;2.0;5
293;2023;2;1.9321835661585682;0;4;-0.5144957554275266;0.9660917830792841;2.0;5
293;2024;2;1.9321835661585682;0;4;-0.5144957554275266;0.9660917830792841;2.0;5
294;2019;0;0.0;0;0;;0.0;2.5;5
294;2020;0;0.0;0;0;;0.0;2.5;5
294;2021;0;0.0;0;0;;0.0;2.5;5
294;2022;0;0.0;0;0;;0.0;2.5;5
294;2023;0;0.0;0;0;;0.0;2.5;5
294;2024;0;0.0;0;0;;0.0;2.5;5
295;2019;4;3.940177660969098;0;8;-0.8592837053920883;2.626785107312732;1.5;5
295;2020;4;3.940177660969098;0;8;-0.8592837053920883;2.626785107312732;1.5;5
295;2021;4;3.940177660969098;0;8;-0.8592837053920883;2.626785107312732;1.5;5
295;2022;4;3.940177660969098;0;8;-0.8592837053920883;2.626785107312732;1.5;5
295;2023;4;3.940177660969098;0;8;-0.8592837053920883;2.626785107312732;1.5;5
295;2024;4;3.940177660969098;0;7;-0.8592837053920883;2.626785107312732;1.5;5
296;2019;1;2.683281572999748;0;3;-0.8214285714285715;1.788854381999832;1.5;5
296;2020;1;2.683281572999748;0;4;-0.8214285714285715;1.788854381999832;1.5;5
296;2021;2;2.683281572999748;0;4;-0.8214285714285715;1.788854381999832;1.5;5
296;2022;2;2.683281572999748;0;5;-0.8214285714285715;1.788854381999832;1.5;5
296;2023;2;2.683281572999748;0;5;-0.8214285714285715;1.788854381999832;1.5;5
296;2024;3;2.683281572999748;0;5;-0.8214285714285715;1.788854381999832;1.5;5
297;2019;1;0.7905694150420649;0;2;0.10206207261596575;0.31622776601682595;2.5;5
297;2020;1;0.7905694150420649;0;2;0.10206207261596575;0.31622776601682595;2.5;5
297;2021;1;0.7905694150420649;0;1;0.10206207261596575;0.31622776601682595;2.5;5
297;2022;0;0.7905694150420649;0;1;0.10206207261596575;0.31622776601682595;2.5;5
297;2023;0;0.7905694150420649;0;1;0.10206207261596575;0.31622776601682595;2.5;5
297;2024;0;0.7905694150420649;0;0;0.10206207261596575;0.31622776601682595;2.5;5
298;2019;11;16.01431651158853;0;27;0.25573240621565774;6.4057266046354115;2.5;5
298;2020;11;16.01431651158853;0;27;0.25573240621565774;6.4057266046354115;2.5;5
298;2021;10;16.01431651158853;0;26;0.25573240621565774;6.4057266046354115;2.5;5
298;2022;9;16.01431651158853;0;25;0.25573240621565774;6.4057266046354115;2.5;5
298;2023;9;16.01431651158853;0;25;0.25573240621565774;6.4057266046354115;2.5;5
298;2024;8;16.01431651158853;0;24;0.25573240621565774;6.4057266046354115;2.5;5
299;2019;2;4.049691346263318;0;6;0.6180254726923975;2.024845673131659;2.0;5
299;2020;3;4.049691346263318;0;7;0.6180254726923975;2.024845673131659;2.0;5
299;2021;3;4.049691346263318;0;7;0.6180254726923975;2.024845673131659;2.0;5
299;2022;4;4.049691346263318;0;8;0.6180254726923975;2.024845673131659;2.0;5
299;2023;4;4.049691346263318;0;8;0.6180254726923975;2.024845673131659;2.0;5
299;2024;5;4.049691346263318;1;9;0.6180254726923975;2.024845673131659;2.0;5
300;2019;30;44.5977391056246;0;75;-0.06191132786115884;17.839095642249838;2.5;5
300;2020;24;44.5977391056246;0;69;-0.06191132786115884;17.839095642249838;2.5;5
300;2021;18;44.5977391056246;0;63;-0.06191132786115884;17.839095642249838;2.5;5
300;2022;12;44.5977391056246;0;57;-0.06191132786115884;17.839095642249838;2.5;5
300;2023;6;44.5977391056246;0;51;-0.06191132786115884;17.839095642249838;2.5;5
300;2024;1;44.5977391056246;0;45;-0.06191132786115884;17.839095642249838;2.5;5
301;2019;3;4.066120181860553;0;7;-0.5345224838248488;2.0330600909302765;2.0;5
301;2020;2;4.066120181860553;0;6;-0.5345224838248488;2.0330600909302765;2.0;5
301;2021;2;4.066120181860553;0;6;-0.5345224838248488;2.0330600909302765;2.0;5
301;2022;2;4.066120181860553;0;6;-0.5345224838248488;2.0330600909302765;2.0;5
301;2023;1;4.066120181860553;0;5;-0.5345224838248488;2.0330600909302765;2.0;5
301;2024;1;4.066120181860553;0;5;-0.5345224838248488;2.0330600909302765;2.0;5
302;2019;1;3.5059473279937596;0;4;-0.4714045207910318;1.402378931197504;2.5;5
302;2020;1;3.5059473279937596;0;4;-0.4714045207910318;1.402378931197504;2.5;5
302;2021;1;3.5059473279937596;0;5;-0.4714045207910318;1.402378931197504;2.5;5
302;2022;1;3.5059473279937596;0;5;-0.4714045207910318;1.402378931197504;2.5;5
302;2023;1;3.5059473279937596;0;5;-0.4714045207910318;1.402378931197504;2.5;5
302;2024;1;3.5059473279937596;0;5;-0.4714045207910318;1.402378931197504;2.5;5
303;2019;1;2.1889875894272723;0;3;;0.8755950357709089;2.5;5
303;2020;1;2.1889875894272723;0;3;;0.8755950357709089;2.5;5
303;2021;1;2.1889875894272723;0;3;;0.8755950357709089;2.5;5
303;2022;0;2.1889875894272723;0;2;;0.8755950357709089;2.5;5
303;2023;0;2.1889875894272723;0;2;;0.8755950357709089;2.5;5
303;2024;0;2.1889875894272723;0;2;;0.8755950357709089;2.5;5
304;2019;21;12.878923350446406;8;33;0.5365263460632175;6.439461675223203;2.0;5
304;2020;22;12.878923350446406;10;35;0.5365263460632175;6.439461675223203;2.0;5
304;2021;24;12.878923350446406;11;37;0.5365263460632175;6.439461675223203;2.0;5
304;2022;26;12.878923350446406;13;39;0.5365263460632175;6.439461675223203;2.0;5
304;2023;28;12.878923350446406;15;41;0.5365263460632175;6.439461675223203;2.0;5
304;2024;30;12.878923350446406;17;42;0.5365263460632175;6.439461675223203;2.0;5
305;2019;16;6.0435916473567355;10;22;0.8217883771359593;4.029061098237824;1.5;5
305;2020;16;6.0435916473567355;10;22;0.8217883771359593;4.029061098237824;1.5;5
305;2021;16;6.0435916473567355;10;22;0.8217883771359593;4.029061098237824;1.5;5
305;2022;16;6.0435916473567355;10;22;0.8217883771359593;4.029061098237824;1.5;5
305;2023;16;6.0435916473567355;10;22;0.8217883771359593;4.029061098237824;1.5;5
305;2024;16;6.0435916473567355;10;22;0.8217883771359593;4.029061098237824;1.5;5
306;2019;0;2.5819888974716116;0;3;-0.37499999999999994;1.0327955589886446;2.5;5
306;2020;0;2.5819888974716116;0;3;-0.37499999999999994;1.0327955589886446;2.5;5
306;2021;0;2.5819888974716116;0;3;-0.37499999999999994;1.0327955589886446;2.5;5
306;2022;0;2.5819888974716116;0;3;-0.37499999999999994;1.0327955589886446;2.5;5
306;2023;0;2.5819888974716116;0;3;-0.37499999999999994;1.0327955589886446;2.5;5
306;2024;0;2.5819888974716116;0;3;-0.37499999999999994;1.0327955589886446;2.5;5
307;2019;7;11.096170510586;0;18;0.4933356487274115;4.4384682042343995;2.5;5
307;2020;6;11.096170510586;0;17;0.4933356487274115;4.4384682042343995;2.5;5
307;2021;6;11.096170510586;0;17;0.4933356487274115;4.4384682042343995;2.5;5
307;2022;6;11.096170510586;0;17;0.4933356487274115;4.4384682042343995;2.5;5
307;2023;5;11.096170510586;0;16;0.4933356487274115;4.4384682042343995;2.5;5
307;2024;5;11.096170510586;0;16;0.4933356487274115;4.4384682042343995;2.5;5
308;2019;6;2.5298221281346076;3;8;-0.5079374268089177;1.2649110640673038;2.0;5
308;2020;5;2.5298221281346076;2;7;-0.5079374268089177;1.2649110640673038;2.0;5
308;2021;3;2.5298221281346076;1;6;-0.5079374268089177;1.2649110640673038;2.0;5
308;2022;2;2.5298221281346076;0;5;-0.5079374268089177;1.2649110640673038;2.0;5
308;2023;1;2.5298221281346076;0;4;-0.5079374268089177;1.2649110640673038;2.0;5
308;2024;0;2.5298221281346076;0;2;-0.5079374268089177;1.2649110640673038;2.0;5
309;2019;113;341.75496826429713;0;455;-0.17206180040292132;136.70198730571886;2.5;5
309;2020;85;341.75496826429713;0;427;-0.17206180040292132;136.70198730571886;2.5;5
309;2021;57;341.75496826429713;0;398;-0.17206180040292132;136.70198730571886;2.5;5
309;2022;28;341.75496826429713;0;370;-0.17206180040292132;136.70198730571886;2.5;5
309;2023;0;341.75496826429713;0;342;-0.17206180040292132;136.70198730571886;2.5;5
309;2024;0;341.75496826429713;0;313;-0.17206180040292132;136.70198730571886;2.5;5
310;2019;11;15.05545305418162;0;26;-0.14539499950944995;6.022181221672648;2.5;5
310;2020;11;15.05545305418162;0;26;-0.14539499950944995;6.022181221672648;2.5;5
310;2021;11;15.05545305418162;0;26;-0.14539499950944995;6.022181221672648;2.5;5
310;2022;11;15.05545305418162;0;26;-0.14539499950944995;6.022181221672648;2.5;5
310;2023;11;15.05545305418162;0;26;-0.14539499950944995;6.022181221672648;2.5;5
310;2024;11;15.05545305418162;0;26;-0.14539499950944995;6.022181221672648;2.5;5
312;2019;0;0.0;0;0;;0.0;2.5;5
312;2020;0;0.0;0;0;;0.0;2.5;5
312;2021;0;0.0;0;0;;0.0;2.5;5
312;2022;0;0.0;0;0;;0.0;2.5;5
312;2023;0;0.0;0;0;;0.0;2.5;5
312;2024;0;0.0;0;0;;0.0;2.5;5
313;2019;4;3.183289703016943;0;7;-0.6245592137682245;1.5916448515084716;2.0;5
313;2020;3;3.183289703016943;0;6;-0.6245592137682245;1.5916448515084716;2.0;5
313;2021;2;3.183289703016943;0;6;-0.6245592137682245;1.5916448515084716;2.0;5
313;2022;2;3.183289703016943;0;5;-0.6245592137682245;1.5916448515084716;2.0;5
313;2023;1;3.183289703016943;0;4;-0.6245592137682245;1.5916448515084716;2.0;5
313;2024;1;3.183289703016943;0;4;-0.6245592137682245;1.5916448515084716;2.0;5
314;2019;1;3.622844186547418;0;5;0.0;1.4491376746189673;2.5;5
314;2020;1;3.622844186547418;0;5;0.0;1.4491376746189673;2.5;5
314;2021;1;3.622844186547418;0;4;0.0;1.4491376746189673;2.5;5
314;2022;0;3.622844186547418;0;4;0.0;1.4491376746189673;2.5;5
314;2023;0;3.622844186547418;0;4;0.0;1.4491376746189673;2.5;5
314;2024;0;3.622844186547418;0;3;0.0;1.4491376746189673;2.5;5
315;2019;0;0.7905694150420949;0;1;0.3626203338114211;0.31622776601683794;2.5;5
315;2020;0;0.7905694150420949;0;1;0.3626203338114211;0.31622776601683794;2.5;5
315;2021;1;0.7905694150420949;0;2;0.3626203338114211;0.31622776601683794;2.5;5
315;2022;1;0.7905694150420949;1;2;0.3626203338114211;0.31622776601683794;2.5;5
315;2023;2;0.7905694150420949;1;3;0.3626203338114211;0.31622776601683794;2.5;5
315;2024;2;0.7905694150420949;2;3;0.3626203338114211;0.31622776601683794;2.5;5
316;2019;2;7.011894655987718;0;9;-0.4274835839337833;2.8047578623950873;2.5;5
316;2020;3;7.011894655987718;0;10;-0.4274835839337833;2.8047578623950873;2.5;5
316;2021;4;7.011894655987718;0;11;-0.4274835839337833;2.8047578623950873;2.5;5
316;2022;4;7.011894655987718;0;11;-0.4274835839337833;2.8047578623950873;2.5;5
316;2023;5;7.011894655987718;0;12;-0.4274835839337833;2.8047578623950873;2.5;5
316;2024;5;7.011894655987718;0;12;-0.4274835839337833;2.8047578623950873;2.5;5
317;2019;4;2.8982753492379407;1;6;-0.7400177037903058;1.932183566158627;1.5;5
317;2020;3;2.8982753492379407;0;6;-0.7400177037903058;1.932183566158627;1.5;5
317;2021;3;2.8982753492379407;0;6;-0.7400177037903058;1.932183566158627;1.5;5
317;2022;2;2.8982753492379407;0;5;-0.7400177037903058;1.932183566158627;1.5;5
317;2023;2;2.8982753492379407;0;5;-0.7400177037903058;1.932183566158627;1.5;5
317;2024;2;2.8982753492379407;0;4;-0.7400177037903058;1.932183566158627;1.5;5
318;2019;0;0.0;0;0;;0.0;2.5;5
318;2020;0;0.0;0;0;;0.0;2.5;5
318;2021;0;0.0;0;0;;0.0;2.5;5
318;2022;0;0.0;0;0;;0.0;2.5;5
318;2023;0;0.0;0;0;;0.0;2.5;5
318;2024;0;0.0;0;0;;0.0;2.5;5
319;2019;0;0.9128709291753029;0;1;0.08574929257125441;0.36514837167012115;2.5;5
319;2020;0;0.9128709291753029;0;1;0.08574929257125441;0.36514837167012115;2.5;5
319;2021;0;0.9128709291753029;0;1;0.08574929257125441;0.36514837167012115;2.5;5
319;2022;0;0.9128709291753029;0;1;0.08574929257125441;0.36514837167012115;2.5;5
319;2023;1;0.9128709291753029;0;2;0.08574929257125441;0.36514837167012115;2.5;5
319;2024;1;0.9128709291753029;0;2;0.08574929257125441;0.36514837167012115;2.5;5
320;2019;3;7.115124735378883;0;10;0.17684210758205654;2.846049894151553;2.5;5
320;2020;3;7.115124735378883;0;10;0.17684210758205654;2.846049894151553;2.5;5
320;2021;3;7.115124735378883;0;11;0.17684210758205654;2.846049894151553;2.5;5
320;2022;4;7.115124735378883;0;11;0.17684210758205654;2.846049894151553;2.5;5
320;2023;4;7.115124735378883;0;11;0.17684210758205654;2.846049894151553;2.5;5
320;2024;4;7.115124735378883;0;11;0.17684210758205654;2.846049894151553;2.5;5
321;2020;0;0.9682458365518909;0;1;0.3333333333333333;0.38729833462075636;2.5;4
321;2021;1;0.9682458365518909;0;2;0.3333333333333333;0.38729833462075636;2.5;4
321;2022;1;0.9682458365518909;0;2;0.3333333333333333;0.38729833462075636;2.5;4
321;2023;1;0.9682458365518909;0;2;0.3333333333333333;0.38729833462075636;2.5;4
321;2024;2;0.9682458365518909;1;2;0.3333333333333333;0.38729833462075636;2.5;4
322;2019;0;0.0;0;0;;0.0;2.5;5
322;2020;0;0.0;0;0;;0.0;2.5;5
322;2021;0;0.0;0;0;;0.0;2.5;5
322;2022;0;0.0;0;0;;0.0;2.5;5
322;2023;0;0.0;0;0;;0.0;2.5;5
322;2024;0;0.0;0;0;;0.0;2.5;5
323;2019;2;2.700308624336609;0;5;0.22473328748774743;1.0801234497346435;2.5;5
323;2020;2;2.700308624336609;0;4;0.22473328748774743;1.0801234497346435;2.5;5
323;2021;1;2.700308624336609;0;4;0.22473328748774743;1.0801234497346435;2.5;5
323;2022;0;2.700308624336609;0;3;0.22473328748774743;1.0801234497346435;2.5;5
323;2023;0;2.700308624336609;0;3;0.22473328748774743;1.0801234497346435;2.5;5
323;2024;0;2.700308624336609;0;2;0.22473328748774743;1.0801234497346435;2.5;5
324;2019;4;1.620185174601965;2;6;-0.8989331499509896;1.0801234497346435;1.5;5
324;2020;4;1.620185174601965;2;5;-0.8989331499509896;1.0801234497346435;1.5;5
324;2021;3;1.620185174601965;1;5;-0.8989331499509896;1.0801234497346435;1.5;5
324;2022;2;1.620185174601965;1;4;-0.8989331499509896;1.0801234497346435;1.5;5
324;2023;2;1.620185174601965;0;4;-0.8989331499509896;1.0801234497346435;1.5;5
324;2024;2;1.620185174601965;0;3;-0.8989331499509896;1.0801234497346435;1.5;5
325;2019;1;1.4708710135362968;0;2;;0.5883484054145187;2.5;3
325;2020;0;1.4708710135362968;0;2;;0.5883484054145187;2.5;3
325;2023;0;1.4708710135362968;0;1;;0.5883484054145187;2.5;3
325;2024;0;1.4708710135362968;0;1;;0.5883484054145187;2.5;3
326;2019;5;6.630108093638616;0;12;-0.3760355234976168;2.6520432374554463;2.5;5
326;2020;5;6.630108093638616;0;11;-0.3760355234976168;2.6520432374554463;2.5;5
326;2021;4;6.630108093638616;0;11;-0.3760355234976168;2.6520432374554463;2.5;5
326;2022;3;6.630108093638616;0;10;-0.3760355234976168;2.6520432374554463;2.5;5
326;2023;3;6.630108093638616;0;9;-0.3760355234976168;2.6520432374554463;2.5;5
326;2024;2;6.630108093638616;0;9;-0.3760355234976168;2.6520432374554463;2.5;5
327;2019;4;9.66091783079296;0;14;0.5590169943749475;4.83045891539648;2.0;5
327;2020;3;9.66091783079296;0;13;0.5590169943749475;4.83045891539648;2.0;5
327;2021;2;9.66091783079296;0;12;0.5590169943749475;4.83045891539648;2.0;5
327;2022;1;9.66091783079296;0;11;0.5590169943749475;4.83045891539648;2.0;5
327;2023;0;9.66091783079296;0;10;0.5590169943749475;4.83045891539648;2.0;5
327;2024;0;9.66091783079296;0;9;0.5590169943749475;4.83045891539648;2.0;5
328;2019;0;0.9660917830792841;0;1;0.5144957554275265;0.48304589153964206;2.0;5
328;2020;0;0.9660917830792841;0;1;0.5144957554275265;0.48304589153964206;2.0;5
328;2021;0;0.9660917830792841;0;1;0.5144957554275265;0.48304589153964206;2.0;5
328;2022;0;0.9660917830792841;0;1;0.5144957554275265;0.48304589153964206;2.0;5
328;2023;0;0.9660917830792841;0;1;0.5144957554275265;0.48304589153964206;2.0;5
328;2024;0;0.9660917830792841;0;1;0.5144957554275265;0.48304589153964206;2.0;5
329;2019;0;1.207614728849105;0;2;0.1336306209562122;0.48304589153964206;2.5;5
329;2020;0;1.207614728849105;0;2;0.1336306209562122;0.48304589153964206;2.5;5
329;2021;0;1.207614728849105;0;1;0.1336306209562122;0.48304589153964206;2.5;5
329;2022;0;1.207614728849105;0;1;0.1336306209562122;0.48304589153964206;2.5;5
329;2023;0;1.207614728849105;0;1;0.1336306209562122;0.48304589153964206;2.5;5
329;2024;0;1.207614728849105;0;1;0.1336306209562122;0.48304589153964206;2.5;5
330;2019;0;1.5811388300841898;0;2;0.4564354645876384;0.6324555320336759;2.5;5
330;2020;0;1.5811388300841898;0;2;0.4564354645876384;0.6324555320336759;2.5;5
330;2021;0;1.5811388300841898;0;2;0.4564354645876384;0.6324555320336759;2.5;5
330;2022;0;1.5811388300841898;0;2;0.4564354645876384;0.6324555320336759;2.5;5
330;2023;0;1.5811388300841898;0;2;0.4564354645876384;0.6324555320336759;2.5;5
330;2024;0;1.5811388300841898;0;2;0.4564354645876384;0.6324555320336759;2.5;5
331;2019;0;0.0;0;0;;0.0;2.5;5
331;2020;0;0.0;0;0;;0.0;2.5;5
331;2021;0;0.0;0;0;;0.0;2.5;5
331;2022;0;0.0;0;0;;0.0;2.5;5
331;2023;0;0.0;0;0;;0.0;2.5;5
331;2024;0;0.0;0;0;;0.0;2.5;5
332;2019;1;1.989556064385637;0;3;-0.4193139346887674;0.7958224257542548;2.5;5
332;2020;1;1.989556064385637;0;3;-0.4193139346887674;0.7958224257542548;2.5;5
332;2021;1;1.989556064385637;0;3;-0.4193139346887674;0.7958224257542548;2.5;5
332;2022;0;1.989556064385637;0;2;-0.4193139346887674;0.7958224257542548;2.5;5
332;2023;0;1.989556064385637;0;2;-0.4193139346887674;0.7958224257542548;2.5;5
332;2024;0;1.989556064385637;0;2;-0.4193139346887674;0.7958224257542548;2.5;5
333;2019;10;10.733126291999119;0;21;-0.7933659375556251;7.155417527999412;1.5;5
333;2020;9;10.733126291999119;0;20;-0.7933659375556251;7.155417527999412;1.5;5
333;2021;7;10.733126291999119;0;18;-0.7933659375556251;7.155417527999412;1.5;5
333;2022;6;10.733126291999119;0;17;-0.7933659375556251;7.155417527999412;1.5;5
333;2023;5;10.733126291999119;0;15;-0.7933659375556251;7.155417527999412;1.5;5
333;2024;3;10.733126291999119;0;14;-0.7933659375556251;7.155417527999412;1.5;5
334;2019;10;8.640987597877148;1;19;0.5764081559518125;4.320493798938574;2.0;5
334;2020;10;8.640987597877148;1;19;0.5764081559518125;4.320493798938574;2.0;5
334;2021;10;8.640987597877148;1;19;0.5764081559518125;4.320493798938574;2.0;5
334;2022;10;8.640987597877148;1;19;0.5764081559518125;4.320493798938574;2.0;5
334;2023;10;8.640987597877148;1;19;0.5764081559518125;4.320493798938574;2.0;5
334;2024;10;8.640987597877148;1;19;0.5764081559518125;4.320493798938574;2.0;5
335;2019;1;3.049590136395356;0;4;0.8685990362153793;2.0330600909302374;1.5;5
335;2020;1;3.049590136395356;0;4;0.8685990362153793;2.0330600909302374;1.5;5
335;2021;1;3.049590136395356;0;4;0.8685990362153793;2.0330600909302374;1.5;5
335;2022;1;3.049590136395356;0;4;0.8685990362153793;2.0330600909302374;1.5;5
335;2023;2;3.049590136395356;0;5;0.8685990362153793;2.0330600909302374;1.5;5
335;2024;2;3.049590136395356;0;5;0.8685990362153793;2.0330600909302374;1.5;5
336;2019;1;1.8257418583504759;0;3;-0.2795084971874737;0.7302967433401903;2.5;5
336;2020;1;1.8257418583504759;0;3;-0.2795084971874737;0.7302967433401903;2.5;5
336;2021;1;1.8257418583504759;0;2;-0.2795084971874737;0.7302967433401903;2.5;5
336;2022;0;1.8257418583504759;0;2;-0.2795084971874737;0.7302967433401903;2.5;5
336;2023;0;1.8257418583504759;0;2;-0.2795084971874737;0.7302967433401903;2.5;5
336;2024;0;1.8257418583504759;0;1;-0.2795084971874737;0.7302967433401903;2.5;5
337;2019;27;12.998397337109196;14;40;-0.31987652444055603;5.199358934843678;2.5;5
337;2020;22;12.998397337109196;9;35;-0.31987652444055603;5.199358934843678;2.5;5
337;2021;18;12.998397337109196;5;31;-0.31987652444055603;5.199358934843678;2.5;5
337;2022;14;12.998397337109196;1;27;-0.31987652444055603;5.199358934843678;2.5;5
337;2023;9;12.998397337109196;0;22;-0.31987652444055603;5.199358934843678;2.5;5
337;2024;5;12.998397337109196;0;18;-0.31987652444055603;5.199358934843678;2.5;5
338;2019;0;0.0;0;0;;0.0;2.5;5
338;2020;0;0.0;0;0;;0.0;2.5;5
338;2021;0;0.0;0;0;;0.0;2.5;5
338;2022;0;0.0;0;0;;0.0;2.5;5
338;2023;0;0.0;0;0;;0.0;2.5;5
338;2024;0;0.0;0;0;;0.0;2.5;5
339;2019;0;0.966091783079296;0;1;-0.6123724356957946;0.483045891539648;2.0;5
339;2020;0;0.966091783079296;0;1;-0.6123724356957946;0.483045891539648;2.0;5
339;2021;1;0.966091783079296;0;2;-0.6123724356957946;0.483045891539648;2.0;5
339;2022;1;0.966091783079296;0;2;-0.6123724356957946;0.483045891539648;2.0;5
339;2023;2;0.966091783079296;1;3;-0.6123724356957946;0.483045891539648;2.0;5
339;2024;2;0.966091783079296;1;3;-0.6123724356957946;0.483045891539648;2.0;5
340;2019;11;12.61612724518372;0;23;-0.13514747567989718;5.046450898073488;2.5;5
340;2020;10;12.61612724518372;0;23;-0.13514747567989718;5.046450898073488;2.5;5
340;2021;10;12.61612724518372;0;23;-0.13514747567989718;5.046450898073488;2.5;5
340;2022;10;12.61612724518372;0;23;-0.13514747567989718;5.046450898073488;2.5;5
340;2023;10;12.61612724518372;0;22;-0.13514747567989718;5.046450898073488;2.5;5
340;2024;10;12.61612724518372;0;22;-0.13514747567989718;5.046450898073488;2.5;5
341;2019;1;1.9895560643855328;0;3;-0.4662524041201569;0.7958224257542131;2.5;5
341;2020;1;1.9895560643855328;0;3;-0.4662524041201569;0.7958224257542131;2.5;5
341;2021;1;1.9895560643855328;0;3;-0.4662524041201569;0.7958224257542131;2.5;5
341;2022;1;1.9895560643855328;0;3;-0.4662524041201569;0.7958224257542131;2.5;5
341;2023;1;1.9895560643855328;0;3;-0.4662524041201569;0.7958224257542131;2.5;5
341;2024;1;1.9895560643855328;0;3;-0.4662524041201569;0.7958224257542131;2.5;5
342;2019;24;18.37389452456981;6;42;0.5905655114606823;9.186947262284905;2.0;5
342;2020;26;18.37389452456981;8;45;0.5905655114606823;9.186947262284905;2.0;5
342;2021;29;18.37389452456981;10;47;0.5905655114606823;9.186947262284905;2.0;5
342;2022;31;18.37389452456981;13;50;0.5905655114606823;9.186947262284905;2.0;5
342;2023;34;18.37389452456981;15;52;0.5905655114606823;9.186947262284905;2.0;5
342;2024;36;18.37389452456981;18;54;0.5905655114606823;9.186947262284905;2.0;5
343;2019;0;2.422120283277962;0;3;0.5833333333333334;1.211060141638981;2.0;5
343;2020;1;2.422120283277962;0;3;0.5833333333333334;1.211060141638981;2.0;5
343;2021;1;2.422120283277962;0;3;0.5833333333333334;1.211060141638981;2.0;5
343;2022;1;2.422120283277962;0;3;0.5833333333333334;1.211060141638981;2.0;5
343;2023;1;2.422120283277962;0;4;0.5833333333333334;1.211060141638981;2.0;5
343;2024;1;2.422120283277962;0;4;0.5833333333333334;1.211060141638981;2.0;5
344;2019;24;26.18444194555226;0;50;0.3422441012268303;10.473776778220904;2.5;5
344;2020;27;26.18444194555226;1;53;0.3422441012268303;10.473776778220904;2.5;5
344;2021;30;26.18444194555226;4;57;0.3422441012268303;10.473776778220904;2.5;5
344;2022;33;26.18444194555226;7;60;0.3422441012268303;10.473776778220904;2.5;5
344;2023;37;26.18444194555226;10;63;0.3422441012268303;10.473776778220904;2.5;5
344;2024;40;26.18444194555226;14;66;0.3422441012268303;10.473776778220904;2.5;5
345;2019;0;0.0;0;0;;0.0;2.5;5
345;2020;0;0.0;0;0;;0.0;2.5;5
345;2021;0;0.0;0;0;;0.0;2.5;5
345;2022;0;0.0;0;0;;0.0;2.5;5
345;2023;0;0.0;0;0;;0.0;2.5;5
345;2024;0;0.0;0;0;;0.0;2.5;5
346;2019;13;14.937369246289656;0;28;-0.1824548501314073;5.974947698515862;2.5;5
346;2020;14;14.937369246289656;0;28;-0.1824548501314073;5.974947698515862;2.5;5
346;2021;14;14.937369246289656;0;29;-0.1824548501314073;5.974947698515862;2.5;5
346;2022;14;14.937369246289656;0;29;-0.1824548501314073;5.974947698515862;2.5;5
346;2023;14;14.937369246289656;0;29;-0.1824548501314073;5.974947698515862;2.5;5
346;2024;14;14.937369246289656;0;29;-0.1824548501314073;5.974947698515862;2.5;5
347;2019;1;3.6514837167011467;0;5;-0.03698633607276544;1.4605934866804586;2.5;5
347;2020;1;3.6514837167011467;0;5;-0.03698633607276544;1.4605934866804586;2.5;5
347;2021;1;3.6514837167011467;0;4;-0.03698633607276544;1.4605934866804586;2.5;5
347;2022;1;3.6514837167011467;0;4;-0.03698633607276544;1.4605934866804586;2.5;5
347;2023;0;3.6514837167011467;0;4;-0.03698633607276544;1.4605934866804586;2.5;5
347;2024;0;3.6514837167011467;0;4;-0.03698633607276544;1.4605934866804586;2.5;5
348;2019;4;9.143303560529969;0;13;0.6263257683309835;4.571651780264984;2.0;5
348;2020;5;9.143303560529969;0;14;0.6263257683309835;4.571651780264984;2.0;5
348;2021;7;9.143303560529969;0;16;0.6263257683309835;4.571651780264984;2.0;5
348;2022;8;9.143303560529969;0;17;0.6263257683309835;4.571651780264984;2.0;5
348;2023;10;9.143303560529969;0;19;0.6263257683309835;4.571651780264984;2.0;5
348;2024;11;9.143303560529969;2;20;0.6263257683309835;4.571651780264984;2.0;5
349;2019;6;15.349267083479916;0;22;0.6597279468503828;7.674633541739958;2.0;5
349;2020;5;15.349267083479916;0;20;0.6597279468503828;7.674633541739958;2.0;5
349;2021;3;15.349267083479916;0;19;0.6597279468503828;7.674633541739958;2.0;5
349;2022;2;15.349267083479916;0;17;0.6597279468503828;7.674633541739958;2.0;5
349;2023;0;15.349267083479916;0;16;0.6597279468503828;7.674633541739958;2.0;5
349;2024;0;15.349267083479916;0;14;0.6597279468503828;7.674633541739958;2.0;5
350;2019;65;44.485484523981604;21;110;0.1520836786516136;17.79419380959264;2.5;5
350;2020;58;44.485484523981604;14;103;0.1520836786516136;17.79419380959264;2.5;5
350;2021;51;44.485484523981604;6;95;0.1520836786516136;17.79419380959264;2.5;5
350;2022;43;44.485484523981604;0;88;0.1520836786516136;17.79419380959264;2.5;5
350;2023;36;44.485484523981604;0;81;0.1520836786516136;17.79419380959264;2.5;5
350;2024;29;44.485484523981604;0;73;0.1520836786516136;17.79419380959264;2.5;5
351;2020;0;0.0;0;0;;0.0;2.5;4
351;2021;0;0.0;0;0;;0.0;2.5;4
351;2022;0;0.0;0;0;;0.0;2.5;4
351;2023;0;0.0;0;0;;0.0;2.5;4
351;2024;0;0.0;0;0;;0.0;2.5;4
352;2019;22;8.725441727118053;14;31;-0.6369825538287885;4.362720863559026;2.0;5
352;2020;17;8.725441727118053;8;25;-0.6369825538287885;4.362720863559026;2.0;5
352;2021;11;8.725441727118053;2;19;-0.6369825538287885;4.362720863559026;2.0;5
352;2022;5;8.725441727118053;0;13;-0.6369825538287885;4.362720863559026;2.0;5
352;2023;0;8.725441727118053;0;8;-0.6369825538287885;4.362720863559026;2.0;5
352;2024;0;8.725441727118053;0;2;-0.6369825538287885;4.362720863559026;2.0;5
353;2019;1;0.7905694150420649;0;2;-0.11111111111111109;0.31622776601682595;2.5;5
353;2020;1;0.7905694150420649;0;2;-0.11111111111111109;0.31622776601682595;2.5;5
353;2021;1;0.7905694150420649;0;1;-0.11111111111111109;0.31622776601682595;2.5;5
353;2022;0;0.7905694150420649;0;1;-0.11111111111111109;0.31622776601682595;2.5;5
353;2023;0;0.7905694150420649;0;1;-0.11111111111111109;0.31622776601682595;2.5;5
353;2024;0;0.7905694150420649;0;0;-0.11111111111111109;0.31622776601682595;2.5;5
354;2019;1;4.808846015417826;0;5;0.2902923748935688;1.9235384061671306;2.5;5
354;2020;1;4.808846015417826;0;6;0.2902923748935688;1.9235384061671306;2.5;5
354;2021;2;4.808846015417826;0;7;0.2902923748935688;1.9235384061671306;2.5;5
354;2022;3;4.808846015417826;0;8;0.2902923748935688;1.9235384061671306;2.5;5
354;2023;3;4.808846015417826;0;8;0.2902923748935688;1.9235384061671306;2.5;5
354;2024;4;4.808846015417826;0;9;0.2902923748935688;1.9235384061671306;2.5;5
355;2019;1;5.750362307426013;0;7;0.5159610215410405;2.8751811537130063;2.0;5
355;2020;2;5.750362307426013;0;7;0.5159610215410405;2.8751811537130063;2.0;5
355;2021;2;5.750362307426013;0;8;0.5159610215410405;2.8751811537130063;2.0;5
355;2022;3;5.750362307426013;0;9;0.5159610215410405;2.8751811537130063;2.0;5
355;2023;4;5.750362307426013;0;10;0.5159610215410405;2.8751811537130063;2.0;5
355;2024;5;5.750362307426013;0;11;0.5159610215410405;2.8751811537130063;2.0;5
356;2019;0;1.2110601416390123;0;1;0.65991201759609;0.6055300708195062;2.0;5
356;2020;0;1.2110601416390123;0;2;0.65991201759609;0.6055300708195062;2.0;5
356;2021;0;1.2110601416390123;0;2;0.65991201759609;0.6055300708195062;2.0;5
356;2022;0;1.2110601416390123;0;2;0.65991201759609;0.6055300708195062;2.0;5
356;2023;1;1.2110601416390123;0;2;0.65991201759609;0.6055300708195062;2.0;5
356;2024;1;1.2110601416390123;0;2;0.65991201759609;0.6055300708195062;2.0;5
357;2019;14;7.892506995034434;6;21;0.07681154837998058;3.1570027980137736;2.5;5
357;2020;14;7.892506995034434;6;22;0.07681154837998058;3.1570027980137736;2.5;5
357;2021;14;7.892506995034434;6;22;0.07681154837998058;3.1570027980137736;2.5;5
357;2022;15;7.892506995034434;7;22;0.07681154837998058;3.1570027980137736;2.5;5
357;2023;15;7.892506995034434;7;23;0.07681154837998058;3.1570027980137736;2.5;5
357;2024;15;7.892506995034434;7;23;0.07681154837998058;3.1570027980137736;2.5;5
358;2019;0;1.207614728849105;0;2;-0.408248290463863;0.48304589153964206;2.5;5
358;2020;0;1.207614728849105;0;2;-0.408248290463863;0.48304589153964206;2.5;5
358;2021;0;1.207614728849105;0;1;-0.408248290463863;0.48304589153964206;2.5;5
358;2022;0;1.207614728849105;0;1;-0.408248290463863;0.48304589153964206;2.5;5
358;2023;0;1.207614728849105;0;1;-0.408248290463863;0.48304589153964206;2.5;5
358;2024;0;1.207614728849105;0;1;-0.408248290463863;0.48304589153964206;2.5;5
359;2019;0;0.0;0;0;;0.0;2.5;5
359;2020;0;0.0;0;0;;0.0;2.5;5
359;2021;0;0.0;0;0;;0.0;2.5;5
359;2022;0;0.0;0;0;;0.0;2.5;5
359;2023;0;0.0;0;0;;0.0;2.5;5
359;2024;0;0.0;0;0;;0.0;2.5;5
360;2019;0;4.1583249832915605;0;4;-0.33886949683494294;1.6633299933166243;2.5;5
360;2020;1;4.1583249832915605;0;5;-0.33886949683494294;1.6633299933166243;2.5;5
360;2021;2;4.1583249832915605;0;6;-0.33886949683494294;1.6633299933166243;2.5;5
360;2022;2;4.1583249832915605;0;6;-0.33886949683494294;1.6633299933166243;2.5;5
360;2023;3;4.1583249832915605;0;7;-0.33886949683494294;1.6633299933166243;2.5;5
360;2024;4;4.1583249832915605;0;8;-0.33886949683494294;1.6633299933166243;2.5;5
361;2019;6;18.20599718041624;0;24;-0.11962753722931603;7.282398872166496;2.5;5
361;2020;5;18.20599718041624;0;23;-0.11962753722931603;7.282398872166496;2.5;5
361;2021;3;18.20599718041624;0;22;-0.11962753722931603;7.282398872166496;2.5;5
361;2022;2;18.20599718041624;0;21;-0.11962753722931603;7.282398872166496;2.5;5
361;2023;1;18.20599718041624;0;19;-0.11962753722931603;7.282398872166496;2.5;5
361;2024;0;18.20599718041624;0;18;-0.11962753722931603;7.282398872166496;2.5;5
362;2019;3;6.582805886043804;0;10;-0.41176470588235287;2.6331223544175217;2.5;5
362;2020;2;6.582805886043804;0;9;-0.41176470588235287;2.6331223544175217;2.5;5
362;2021;2;6.582805886043804;0;8;-0.41176470588235287;2.6331223544175217;2.5;5
362;2022;1;6.582805886043804;0;7;-0.41176470588235287;2.6331223544175217;2.5;5
362;2023;0;6.582805886043804;0;7;-0.41176470588235287;2.6331223544175217;2.5;5
362;2024;0;6.582805886043804;0;6;-0.41176470588235287;2.6331223544175217;2.5;5
363;2019;1;1.4605934866804429;0;3;-0.6123724356957942;0.7302967433402214;2.0;5
363;2020;1;1.4605934866804429;0;2;-0.6123724356957942;0.7302967433402214;2.0;5
363;2021;0;1.4605934866804429;0;2;-0.6123724356957942;0.7302967433402214;2.0;5
363;2022;0;1.4605934866804429;0;1;-0.6123724356957942;0.7302967433402214;2.0;5
363;2023;0;1.4605934866804429;0;1;-0.6123724356957942;0.7302967433402214;2.0;5
363;2024;0;1.4605934866804429;0;1;-0.6123724356957942;0.7302967433402214;2.0;5
364;2019;0;0.0;0;0;;0.0;2.5;5
364;2020;0;0.0;0;0;;0.0;2.5;5
364;2021;0;0.0;0;0;;0.0;2.5;5
364;2022;0;0.0;0;0;;0.0;2.5;5
364;2023;0;0.0;0;0;;0.0;2.5;5
364;2024;0;0.0;0;0;;0.0;2.5;5
365;2019;0;1.0327955589886446;0;1;-0.5345224838248488;0.5163977794943223;2.0;5
365;2020;0;1.0327955589886446;0;1;-0.5345224838248488;0.5163977794943223;2.0;5
365;2021;0;1.0327955589886446;0;1;-0.5345224838248488;0.5163977794943223;2.0;5
365;2022;0;1.0327955589886446;0;1;-0.5345224838248488;0.5163977794943223;2.0;5
365;2023;0;1.0327955589886446;0;1;-0.5345224838248488;0.5163977794943223;2.0;5
365;2024;0;1.0327955589886446;0;1;-0.5345224838248488;0.5163977794943223;2.0;5
366;2019;0;0.0;0;0;;0.0;2.5;5
366;2020;0;0.0;0;0;;0.0;2.5;5
366;2021;0;0.0;0;0;;0.0;2.5;5
366;2022;0;0.0;0;0;;0.0;2.5;5
366;2023;0;0.0;0;0;;0.0;2.5;5
366;2024;0;0.0;0;0;;0.0;2.5;5
367;2019;2;6.952217871538221;0;9;0.2880115127179713;2.7808871486152884;2.5;5
367;2020;3;6.952217871538221;0;10;0.2880115127179713;2.7808871486152884;2.5;5
367;2021;3;6.952217871538221;0;10;0.2880115127179713;2.7808871486152884;2.5;5
367;2022;4;6.952217871538221;0;11;0.2880115127179713;2.7808871486152884;2.5;5
367;2023;4;6.952217871538221;0;11;0.2880115127179713;2.7808871486152884;2.5;5
367;2024;5;6.952217871538221;0;12;0.2880115127179713;2.7808871486152884;2.5;5
368;2019;1;0.3651483716701107;0;1;0.9128709291752768;0.3651483716701107;1.0;5
368;2020;0;0.3651483716701107;0;1;0.9128709291752768;0.3651483716701107;1.0;5
368;2021;0;0.3651483716701107;0;1;0.9128709291752768;0.3651483716701107;1.0;5
368;2022;0;0.3651483716701107;0;0;0.9128709291752768;0.3651483716701107;1.0;5
368;2023;0;0.3651483716701107;0;0;0.9128709291752768;0.3651483716701107;1.0;5
368;2024;0;0.3651483716701107;0;0;0.9128709291752768;0.3651483716701107;1.0;5
369;2019;10;26.422055181230203;0;37;-0.2767546517312798;10.56882207249208;2.5;5
369;2020;8;26.422055181230203;0;34;-0.2767546517312798;10.56882207249208;2.5;5
369;2021;5;26.422055181230203;0;31;-0.2767546517312798;10.56882207249208;2.5;5
369;2022;2;26.422055181230203;0;29;-0.2767546517312798;10.56882207249208;2.5;5
369;2023;0;26.422055181230203;0;26;-0.2767546517312798;10.56882207249208;2.5;5
369;2024;0;26.422055181230203;0;23;-0.2767546517312798;10.56882207249208;2.5;5
370;2019;5;8.062257748298562;0;13;-0.16147732193782768;3.2249030993194245;2.5;5
370;2020;4;8.062257748298562;0;12;-0.16147732193782768;3.2249030993194245;2.5;5
370;2021;4;8.062257748298562;0;12;-0.16147732193782768;3.2249030993194245;2.5;5
370;2022;3;8.062257748298562;0;11;-0.16147732193782768;3.2249030993194245;2.5;5
370;2023;3;8.062257748298562;0;11;-0.16147732193782768;3.2249030993194245;2.5;5
370;2024;2;8.062257748298562;0;10;-0.16147732193782768;3.2249030993194245;2.5;5
371;2019;8;15.356865999719343;0;23;0.37789546990997414;6.142746399887737;2.5;5
371;2020;9;15.356865999719343;0;25;0.37789546990997414;6.142746399887737;2.5;5
371;2021;11;15.356865999719343;0;26;0.37789546990997414;6.142746399887737;2.5;5
371;2022;12;15.356865999719343;0;28;0.37789546990997414;6.142746399887737;2.5;5
371;2023;14;15.356865999719343;0;29;0.37789546990997414;6.142746399887737;2.5;5
371;2024;15;15.356865999719343;0;30;0.37789546990997414;6.142746399887737;2.5;5
372;2019;0;0.0;0;0;;0.0;2.5;5
372;2020;0;0.0;0;0;;0.0;2.5;5
372;2021;0;0.0;0;0;;0.0;2.5;5
372;2022;0;0.0;0;0;;0.0;2.5;5
372;2023;0;0.0;0;0;;0.0;2.5;5
372;2024;0;0.0;0;0;;0.0;2.5;5
373;2019;1;0.7905694150421249;0;2;0.04402254531628121;0.31622776601684993;2.5;5
373;2020;1;0.7905694150421249;0;1;0.04402254531628121;0.31622776601684993;2.5;5
373;2021;0;0.7905694150421249;0;1;0.04402254531628121;0.31622776601684993;2.5;5
373;2022;0;0.7905694150421249;0;1;0.04402254531628121;0.31622776601684993;2.5;5
373;2023;0;0.7905694150421249;0;1;0.04402254531628121;0.31622776601684993;2.5;5
373;2024;0;0.7905694150421249;0;0;0.04402254531628121;0.31622776601684993;2.5;5
374;2019;5;6.65331997326648;0;12;0.534104403157193;3.32665998663324;2.0;5
374;2020;4;6.65331997326648;0;11;0.534104403157193;3.32665998663324;2.0;5
374;2021;3;6.65331997326648;0;10;0.534104403157193;3.32665998663324;2.0;5
374;2022;2;6.65331997326648;0;9;0.534104403157193;3.32665998663324;2.0;5
374;2023;1;6.65331997326648;0;8;0.534104403157193;3.32665998663324;2.0;5
374;2024;0;6.65331997326648;0;7;0.534104403157193;3.32665998663324;2.0;5
375;2019;0;1.0327955589886446;0;1;0.6123724356957945;0.5163977794943223;2.0;5
375;2020;0;1.0327955589886446;0;1;0.6123724356957945;0.5163977794943223;2.0;5
375;2021;0;1.0327955589886446;0;1;0.6123724356957945;0.5163977794943223;2.0;5
375;2022;0;1.0327955589886446;0;1;0.6123724356957945;0.5163977794943223;2.0;5
375;2023;0;1.0327955589886446;0;1;0.6123724356957945;0.5163977794943223;2.0;5
375;2024;0;1.0327955589886446;0;1;0.6123724356957945;0.5163977794943223;2.0;5
376;2019;6;1.6431676725154984;4;7;-0.816422992844036;1.0954451150103324;1.5;5
376;2020;4;1.6431676725154984;3;6;-0.816422992844036;1.0954451150103324;1.5;5
376;2021;3;1.6431676725154984;1;4;-0.816422992844036;1.0954451150103324;1.5;5
376;2022;1;1.6431676725154984;0;3;-0.816422992844036;1.0954451150103324;1.5;5
376;2023;0;1.6431676725154984;0;1;-0.816422992844036;1.0954451150103324;1.5;5
376;2024;0;1.6431676725154984;0;0;-0.816422992844036;1.0954451150103324;1.5;5
377;2019;2;3.633180424917019;0;5;0.6551063929324287;1.8165902124585096;2.0;5
377;2020;2;3.633180424917019;0;6;0.6551063929324287;1.8165902124585096;2.0;5
377;2021;2;3.633180424917019;0;6;0.6551063929324287;1.8165902124585096;2.0;5
377;2022;3;3.633180424917019;0;6;0.6551063929324287;1.8165902124585096;2.0;5
377;2023;3;3.633180424917019;0;6;0.6551063929324287;1.8165902124585096;2.0;5
377;2024;3;3.633180424917019;0;7;0.6551063929324287;1.8165902124585096;2.0;5
378;2019;0;1.7677669529663689;0;2;0.45643546458763845;0.7071067811865476;2.5;5
378;2020;0;1.7677669529663689;0;2;0.45643546458763845;0.7071067811865476;2.5;5
378;2021;1;1.7677669529663689;0;3;0.45643546458763845;0.7071067811865476;2.5;5
378;2022;2;1.7677669529663689;0;3;0.45643546458763845;0.7071067811865476;2.5;5
378;2023;2;1.7677669529663689;0;4;0.45643546458763845;0.7071067811865476;2.5;5
378;2024;2;1.7677669529663689;1;4;0.45643546458763845;0.7071067811865476;2.5;5
379;2019;10;6.708203932499538;4;17;0.1610550687742103;2.683281572999815;2.5;5
379;2020;11;6.708203932499538;4;18;0.1610550687742103;2.683281572999815;2.5;5
379;2021;12;6.708203932499538;5;19;0.1610550687742103;2.683281572999815;2.5;5
379;2022;13;6.708203932499538;6;20;0.1610550687742103;2.683281572999815;2.5;5
379;2023;14;6.708203932499538;7;20;0.1610550687742103;2.683281572999815;2.5;5
379;2024;14;6.708203932499538;8;21;0.1610550687742103;2.683281572999815;2.5;5
380;2019;31;57.25265641580965;0;89;-0.6223266939885223;28.626328207904827;2.0;5
380;2020;25;57.25265641580965;0;82;-0.6223266939885223;28.626328207904827;2.0;5
380;2021;18;57.25265641580965;0;75;-0.6223266939885223;28.626328207904827;2.0;5
380;2022;11;57.25265641580965;0;68;-0.6223266939885223;28.626328207904827;2.0;5
380;2023;4;57.25265641580965;0;61;-0.6223266939885223;28.626328207904827;2.0;5
380;2024;0;57.25265641580965;0;55;-0.6223266939885223;28.626328207904827;2.0;5
381;2019;0;3.027650354097531;0;3;0.45643546458763845;1.2110601416390123;2.5;5
381;2020;1;3.027650354097531;0;4;0.45643546458763845;1.2110601416390123;2.5;5
381;2021;1;3.027650354097531;0;4;0.45643546458763845;1.2110601416390123;2.5;5
381;2022;1;3.027650354097531;0;4;0.45643546458763845;1.2110601416390123;2.5;5
381;2023;1;3.027650354097531;0;4;0.45643546458763845;1.2110601416390123;2.5;5
381;2024;1;3.027650354097531;0;4;0.45643546458763845;1.2110601416390123;2.5;5
382;2019;1;5.552777082985861;0;7;-0.3541002639140852;2.221110833194344;2.5;5
382;2020;1;5.552777082985861;0;7;-0.3541002639140852;2.221110833194344;2.5;5
382;2021;2;5.552777082985861;0;7;-0.3541002639140852;2.221110833194344;2.5;5
382;2022;2;5.552777082985861;0;7;-0.3541002639140852;2.221110833194344;2.5;5
382;2023;2;5.552777082985861;0;8;-0.3541002639140852;2.221110833194344;2.5;5
382;2024;2;5.552777082985861;0;8;-0.3541002639140852;2.221110833194344;2.5;5
383;2019;0;1.2909944487358058;0;1;-0.34299717028501764;0.5163977794943223;2.5;5
383;2020;0;1.2909944487358058;0;1;-0.34299717028501764;0.5163977794943223;2.5;5
383;2021;0;1.2909944487358058;0;1;-0.34299717028501764;0.5163977794943223;2.5;5
383;2022;0;1.2909944487358058;0;1;-0.34299717028501764;0.5163977794943223;2.5;5
383;2023;0;1.2909944487358058;0;1;-0.34299717028501764;0.5163977794943223;2.5;5
383;2024;0;1.2909944487358058;0;1;-0.34299717028501764;0.5163977794943223;2.5;5
384;2019;1;1.7888543819998401;0;3;-0.6698938453032354;0.8944271909999201;2.0;5
384;2020;1;1.7888543819998401;0;3;-0.6698938453032354;0.8944271909999201;2.0;5
384;2021;1;1.7888543819998401;0;3;-0.6698938453032354;0.8944271909999201;2.0;5
384;2022;1;1.7888543819998401;0;2;-0.6698938453032354;0.8944271909999201;2.0;5
384;2023;0;1.7888543819998401;0;2;-0.6698938453032354;0.8944271909999201;2.0;5
384;2024;0;1.7888543819998401;0;2;-0.6698938453032354;0.8944271909999201;2.0;5
385;2019;1;2.371708245126282;0;3;0.4047619047619047;0.9486832980505128;2.5;5
385;2020;1;2.371708245126282;0;3;0.4047619047619047;0.9486832980505128;2.5;5
385;2021;1;2.371708245126282;0;3;0.4047619047619047;0.9486832980505128;2.5;5
385;2022;1;2.371708245126282;0;3;0.4047619047619047;0.9486832980505128;2.5;5
385;2023;1;2.371708245126282;0;3;0.4047619047619047;0.9486832980505128;2.5;5
385;2024;1;2.371708245126282;0;3;0.4047619047619047;0.9486832980505128;2.5;5
386;2019;0;0.0;0;0;;0.0;2.5;5
386;2020;0;0.0;0;0;;0.0;2.5;5
386;2021;0;0.0;0;0;;0.0;2.5;5
386;2022;0;0.0;0;0;;0.0;2.5;5
386;2023;0;0.0;0;0;;0.0;2.5;5
386;2024;0;0.0;0;0;;0.0;2.5;5
387;2019;14;4.269074841226977;10;18;-0.7413826370523972;2.8460498941513177;1.5;5
387;2020;11;4.269074841226977;7;15;-0.7413826370523972;2.8460498941513177;1.5;5
387;2021;8;4.269074841226977;4;13;-0.7413826370523972;2.8460498941513177;1.5;5
387;2022;6;4.269074841226977;1;10;-0.7413826370523972;2.8460498941513177;1.5;5
387;2023;3;4.269074841226977;0;7;-0.7413826370523972;2.8460498941513177;1.5;5
387;2024;0;4.269074841226977;0;5;-0.7413826370523972;2.8460498941513177;1.5;5
388;2019;7;4.305035810923634;2;11;-0.6787108264069689;2.152517905461817;2.0;5
388;2020;5;4.305035810923634;1;9;-0.6787108264069689;2.152517905461817;2.0;5
388;2021;3;4.305035810923634;0;8;-0.6787108264069689;2.152517905461817;2.0;5
388;2022;1;4.305035810923634;0;6;-0.6787108264069689;2.152517905461817;2.0;5
388;2023;0;4.305035810923634;0;4;-0.6787108264069689;2.152517905461817;2.0;5
388;2024;0;4.305035810923634;0;2;-0.6787108264069689;2.152517905461817;2.0;5
389;2019;0;4.83045891539642;0;5;0.35355339059327373;1.9321835661585682;2.5;5
389;2020;1;4.83045891539642;0;6;0.35355339059327373;1.9321835661585682;2.5;5
389;2021;1;4.83045891539642;0;6;0.35355339059327373;1.9321835661585682;2.5;5
389;2022;2;4.83045891539642;0;6;0.35355339059327373;1.9321835661585682;2.5;5
389;2023;2;4.83045891539642;0;7;0.35355339059327373;1.9321835661585682;2.5;5
389;2024;2;4.83045891539642;0;7;0.35355339059327373;1.9321835661585682;2.5;5
390;2019;0;1.2909944487358058;0;1;-0.408248290463863;0.5163977794943223;2.5;5
390;2020;0;1.2909944487358058;0;1;-0.408248290463863;0.5163977794943223;2.5;5
390;2021;0;1.2909944487358058;0;1;-0.408248290463863;0.5163977794943223;2.5;5
390;2022;0;1.2909944487358058;0;1;-0.408248290463863;0.5163977794943223;2.5;5
390;2023;0;1.2909944487358058;0;1;-0.408248290463863;0.5163977794943223;2.5;5
390;2024;0;1.2909944487358058;0;1;-0.408248290463863;0.5163977794943223;2.5;5
391;2019;1;2.41522945769823;0;3;-0.10206207261596577;0.966091783079292;2.5;5
391;2020;1;2.41522945769823;0;3;-0.10206207261596577;0.966091783079292;2.5;5
391;2021;1;2.41522945769823;0;3;-0.10206207261596577;0.966091783079292;2.5;5
391;2022;0;2.41522945769823;0;3;-0.10206207261596577;0.966091783079292;2.5;5
391;2023;0;2.41522945769823;0;3;-0.10206207261596577;0.966091783079292;2.5;5
391;2024;0;2.41522945769823;0;2;-0.10206207261596577;0.966091783079292;2.5;5
392;2019;6;18.1142209327368;0;24;-0.375;7.245688373094719;2.5;5
392;2020;4;18.1142209327368;0;23;-0.375;7.245688373094719;2.5;5
392;2021;3;18.1142209327368;0;21;-0.375;7.245688373094719;2.5;5
392;2022;2;18.1142209327368;0;20;-0.375;7.245688373094719;2.5;5
392;2023;0;18.1142209327368;0;18;-0.375;7.245688373094719;2.5;5
392;2024;0;18.1142209327368;0;17;-0.375;7.245688373094719;2.5;5
393;2019;4;8.944271909999044;0;13;-0.24405525998185745;3.5777087639996172;2.5;5
393;2020;3;8.944271909999044;0;12;-0.24405525998185745;3.5777087639996172;2.5;5
393;2021;2;8.944271909999044;0;11;-0.24405525998185745;3.5777087639996172;2.5;5
393;2022;1;8.944271909999044;0;10;-0.24405525998185745;3.5777087639996172;2.5;5
393;2023;1;8.944271909999044;0;10;-0.24405525998185745;3.5777087639996172;2.5;5
393;2024;0;8.944271909999044;0;9;-0.24405525998185745;3.5777087639996172;2.5;5
394;2019;12;6.503845016603627;6;19;0.7588438927016667;4.335896677735751;1.5;5
394;2020;13;6.503845016603627;6;19;0.7588438927016667;4.335896677735751;1.5;5
394;2021;13;6.503845016603627;6;19;0.7588438927016667;4.335896677735751;1.5;5
394;2022;13;6.503845016603627;6;20;0.7588438927016667;4.335896677735751;1.5;5
394;2023;13;6.503845016603627;7;20;0.7588438927016667;4.335896677735751;1.5;5
394;2024;13;6.503845016603627;7;20;0.7588438927016667;4.335896677735751;1.5;5
395;2019;15;18.049930747789936;0;33;-0.7120396009564222;12.03328716519329;1.5;5
395;2020;12;18.049930747789936;0;30;-0.7120396009564222;12.03328716519329;1.5;5
395;2021;9;18.049930747789936;0;27;-0.7120396009564222;12.03328716519329;1.5;5
395;2022;6;18.049930747789936;0;24;-0.7120396009564222;12.03328716519329;1.5;5
395;2023;4;18.049930747789936;0;22;-0.7120396009564222;12.03328716519329;1.5;5
395;2024;1;18.049930747789936;0;19;-0.7120396009564222;12.03328716519329;1.5;5
396;2019;1;1.2909944487358425;0;2;-0.38924947208076144;0.516397779494337;2.5;5
396;2020;1;1.2909944487358425;0;2;-0.38924947208076144;0.516397779494337;2.5;5
396;2021;0;1.2909944487358425;0;2;-0.38924947208076144;0.516397779494337;2.5;5
396;2022;0;1.2909944487358425;0;1;-0.38924947208076144;0.516397779494337;2.5;5
396;2023;0;1.2909944487358425;0;1;-0.38924947208076144;0.516397779494337;2.5;5
396;2024;0;1.2909944487358425;0;1;-0.38924947208076144;0.516397779494337;2.5;5
397;2019;0;2.2360679775001286;0;2;0.20913407192853067;0.8944271910000515;2.5;5
397;2020;1;2.2360679775001286;0;3;0.20913407192853067;0.8944271910000515;2.5;5
397;2021;2;2.2360679775001286;0;4;0.20913407192853067;0.8944271910000515;2.5;5
397;2022;3;2.2360679775001286;1;5;0.20913407192853067;0.8944271910000515;2.5;5
397;2023;4;2.2360679775001286;2;6;0.20913407192853067;0.8944271910000515;2.5;5
397;2024;5;2.2360679775001286;3;8;0.20913407192853067;0.8944271910000515;2.5;5
398;2019;0;1.207614728849105;0;2;-0.30151134457776363;0.48304589153964206;2.5;5
398;2020;0;1.207614728849105;0;2;-0.30151134457776363;0.48304589153964206;2.5;5
398;2021;0;1.207614728849105;0;1;-0.30151134457776363;0.48304589153964206;2.5;5
398;2022;0;1.207614728849105;0;1;-0.30151134457776363;0.48304589153964206;2.5;5
398;2023;0;1.207614728849105;0;1;-0.30151134457776363;0.48304589153964206;2.5;5
398;2024;0;1.207614728849105;0;1;-0.30151134457776363;0.48304589153964206;2.5;5
399;2019;2;1.20761472884912;0;3;-0.25809270060438194;0.483045891539648;2.5;5
399;2020;1;1.20761472884912;0;2;-0.25809270060438194;0.483045891539648;2.5;5
399;2021;1;1.20761472884912;0;2;-0.25809270060438194;0.483045891539648;2.5;5
399;2022;0;1.20761472884912;0;1;-0.25809270060438194;0.483045891539648;2.5;5
399;2023;0;1.20761472884912;0;1;-0.25809270060438194;0.483045891539648;2.5;5
399;2024;0;1.20761472884912;0;0;-0.25809270060438194;0.483045891539648;2.5;5
400;2019;0;0.0;0;0;;0.0;2.5;5
400;2020;0;0.0;0;0;;0.0;2.5;5
400;2021;0;0.0;0;0;;0.0;2.5;5
400;2022;0;0.0;0;0;;0.0;2.5;5
400;2023;0;0.0;0;0;;0.0;2.5;5
400;2024;0;0.0;0;0;;0.0;2.5;5
401;2019;7;6.724953531438022;0;14;-0.8792714939186621;4.4833023542920145;1.5;5
401;2020;6;6.724953531438022;0;13;-0.8792714939186621;4.4833023542920145;1.5;5
401;2021;5;6.724953531438022;0;12;-0.8792714939186621;4.4833023542920145;1.5;5
401;2022;5;6.724953531438022;0;11;-0.8792714939186621;4.4833023542920145;1.5;5
401;2023;4;6.724953531438022;0;11;-0.8792714939186621;4.4833023542920145;1.5;5
401;2024;3;6.724953531438022;0;10;-0.8792714939186621;4.4833023542920145;1.5;5
402;2019;0;1.479019945774886;0;2;-0.3333333333333333;0.5916079783099544;2.5;4
402;2020;0;1.479019945774886;0;2;-0.3333333333333333;0.5916079783099544;2.5;4
402;2021;0;1.479019945774886;0;2;-0.3333333333333333;0.5916079783099544;2.5;4
402;2022;0;1.479019945774886;0;2;-0.3333333333333333;0.5916079783099544;2.5;4
402;2023;0;1.479019945774886;0;1;-0.3333333333333333;0.5916079783099544;2.5;4
403;2019;2;3.651483716701107;0;5;-0.43333158963545987;1.4605934866804429;2.5;5
403;2020;1;3.651483716701107;0;5;-0.43333158963545987;1.4605934866804429;2.5;5
403;2021;1;3.651483716701107;0;5;-0.43333158963545987;1.4605934866804429;2.5;5
403;2022;1;3.651483716701107;0;5;-0.43333158963545987;1.4605934866804429;2.5;5
403;2023;1;3.651483716701107;0;4;-0.43333158963545987;1.4605934866804429;2.5;5
403;2024;1;3.651483716701107;0;4;-0.43333158963545987;1.4605934866804429;2.5;5
404;2019;29;22.583179581272432;6;51;-0.3904901723610347;9.033271832508973;2.5;5
404;2020;28;22.583179581272432;5;50;-0.3904901723610347;9.033271832508973;2.5;5
404;2021;27;22.583179581272432;4;49;-0.3904901723610347;9.033271832508973;2.5;5
404;2022;26;22.583179581272432;3;48;-0.3904901723610347;9.033271832508973;2.5;5
404;2023;25;22.583179581272432;2;47;-0.3904901723610347;9.033271832508973;2.5;5
404;2024;24;22.583179581272432;1;46;-0.3904901723610347;9.033271832508973;2.5;5
405;2019;1;0.9128709291752768;0;2;-0.22116293423234565;0.3651483716701107;2.5;5
405;2020;0;0.9128709291752768;0;1;-0.22116293423234565;0.3651483716701107;2.5;5
405;2021;0;0.9128709291752768;0;1;-0.22116293423234565;0.3651483716701107;2.5;5
405;2022;0;0.9128709291752768;0;1;-0.22116293423234565;0.3651483716701107;2.5;5
405;2023;0;0.9128709291752768;0;1;-0.22116293423234565;0.3651483716701107;2.5;5
405;2024;0;0.9128709291752768;0;1;-0.22116293423234565;0.3651483716701107;2.5;5
406;2019;0;1.7677669529663689;0;2;-0.41211279587236693;0.7071067811865476;2.5;5
406;2020;0;1.7677669529663689;0;2;-0.41211279587236693;0.7071067811865476;2.5;5
406;2021;1;1.7677669529663689;0;3;-0.41211279587236693;0.7071067811865476;2.5;5
406;2022;2;1.7677669529663689;0;3;-0.41211279587236693;0.7071067811865476;2.5;5
406;2023;2;1.7677669529663689;0;4;-0.41211279587236693;0.7071067811865476;2.5;5
406;2024;2;1.7677669529663689;1;4;-0.41211279587236693;0.7071067811865476;2.5;5
407;2019;0;0.9128709291753029;0;1;;0.36514837167012115;2.5;5
407;2020;0;0.9128709291753029;0;1;;0.36514837167012115;2.5;5
407;2021;0;0.9128709291753029;0;1;;0.36514837167012115;2.5;5
407;2022;0;0.9128709291753029;0;1;;0.36514837167012115;2.5;5
407;2023;1;0.9128709291753029;0;2;;0.36514837167012115;2.5;5
407;2024;1;0.9128709291753029;0;2;;0.36514837167012115;2.5;5
408;2019;10;1.7958284996067972;8;12;-0.8189375328037727;1.1972189997378648;1.5;5
408;2020;7;1.7958284996067972;6;9;-0.8189375328037727;1.1972189997378648;1.5;5
408;2021;5;1.7958284996067972;3;7;-0.8189375328037727;1.1972189997378648;1.5;5
408;2022;2;1.7958284996067972;1;4;-0.8189375328037727;1.1972189997378648;1.5;5
408;2023;0;1.7958284996067972;0;2;-0.8189375328037727;1.1972189997378648;1.5;5
408;2024;0;1.7958284996067972;0;0;-0.8189375328037727;1.1972189997378648;1.5;5
409;2019;1;2.877716108305328;0;3;;1.1510864433221313;2.5;4
409;2020;1;2.877716108305328;0;4;;1.1510864433221313;2.5;4
409;2022;1;2.877716108305328;0;4;;1.1510864433221313;2.5;4
409;2023;1;2.877716108305328;0;4;;1.1510864433221313;2.5;4
409;2024;1;2.877716108305328;0;4;;1.1510864433221313;2.5;4
410;2019;0;1.932183566158686;0;2;0.5122717640554154;0.966091783079343;2.0;5
410;2020;1;1.932183566158686;0;3;0.5122717640554154;0.966091783079343;2.0;5
410;2021;1;1.932183566158686;0;3;0.5122717640554154;0.966091783079343;2.0;5
410;2022;2;1.932183566158686;0;4;0.5122717640554154;0.966091783079343;2.0;5
410;2023;3;1.932183566158686;1;5;0.5122717640554154;0.966091783079343;2.0;5
410;2024;4;1.932183566158686;2;6;0.5122717640554154;0.966091783079343;2.0;5
411;2019;1;2.23606797749979;0;3;0.040582062796472834;0.894427190999916;2.5;5
411;2020;1;2.23606797749979;0;4;0.040582062796472834;0.894427190999916;2.5;5
411;2021;2;2.23606797749979;0;4;0.040582062796472834;0.894427190999916;2.5;5
411;2022;3;2.23606797749979;0;5;0.040582062796472834;0.894427190999916;2.5;5
411;2023;3;2.23606797749979;1;5;0.040582062796472834;0.894427190999916;2.5;5
411;2024;4;2.23606797749979;2;6;0.040582062796472834;0.894427190999916;2.5;5
412;2019;0;1.207614728849105;0;2;-0.24999999999999997;0.48304589153964206;2.5;5
412;2020;0;1.207614728849105;0;2;-0.24999999999999997;0.48304589153964206;2.5;5
412;2021;0;1.207614728849105;0;1;-0.24999999999999997;0.48304589153964206;2.5;5
412;2022;0;1.207614728849105;0;1;-0.24999999999999997;0.48304589153964206;2.5;5
412;2023;0;1.207614728849105;0;1;-0.24999999999999997;0.48304589153964206;2.5;5
412;2024;0;1.207614728849105;0;1;-0.24999999999999997;0.48304589153964206;2.5;5
413;2019;5;4.774934554525341;0;9;-0.6487702129715484;2.3874672772626706;2.0;5
413;2020;4;4.774934554525341;0;8;-0.6487702129715484;2.3874672772626706;2.0;5
413;2021;2;4.774934554525341;0;7;-0.6487702129715484;2.3874672772626706;2.0;5
413;2022;1;4.774934554525341;0;6;-0.6487702129715484;2.3874672772626706;2.0;5
413;2023;0;4.774934554525341;0;5;-0.6487702129715484;2.3874672772626706;2.0;5
413;2024;0;4.774934554525341;0;4;-0.6487702129715484;2.3874672772626706;2.0;5
414;2019;3;2.9211869733608857;0;6;0.6864064729836439;1.4605934866804429;2.0;5
414;2020;3;2.9211869733608857;0;6;0.6864064729836439;1.4605934866804429;2.0;5
414;2021;2;2.9211869733608857;0;5;0.6864064729836439;1.4605934866804429;2.0;5
414;2022;1;2.9211869733608857;0;4;0.6864064729836439;1.4605934866804429;2.0;5
414;2023;0;2.9211869733608857;0;3;0.6864064729836439;1.4605934866804429;2.0;5
414;2024;0;2.9211869733608857;0;2;0.6864064729836439;1.4605934866804429;2.0;5
415;2019;3;8.453303101943956;0;11;0.25000000000000006;3.3813212407775826;2.5;5
415;2020;2;8.453303101943956;0;11;0.25000000000000006;3.3813212407775826;2.5;5
415;2021;1;8.453303101943956;0;10;0.25000000000000006;3.3813212407775826;2.5;5
415;2022;1;8.453303101943956;0;9;0.25000000000000006;3.3813212407775826;2.5;5
415;2023;0;8.453303101943956;0;8;0.25000000000000006;3.3813212407775826;2.5;5
415;2024;0;8.453303101943956;0;8;0.25000000000000006;3.3813212407775826;2.5;5
416;2019;28;84.06718543323946;0;112;-0.39989170277594305;33.62687417329578;2.5;5
416;2020;21;84.06718543323946;0;105;-0.39989170277594305;33.62687417329578;2.5;5
416;2021;15;84.06718543323946;0;99;-0.39989170277594305;33.62687417329578;2.5;5
416;2022;8;84.06718543323946;0;92;-0.39989170277594305;33.62687417329578;2.5;5
416;2023;2;84.06718543323946;0;86;-0.39989170277594305;33.62687417329578;2.5;5
416;2024;0;84.06718543323946;0;79;-0.39989170277594305;33.62687417329578;2.5;5
417;2019;0;0.0;0;0;;0.0;2.5;5
417;2020;0;0.0;0;0;;0.0;2.5;5
417;2021;0;0.0;0;0;;0.0;2.5;5
417;2022;0;0.0;0;0;;0.0;2.5;5
417;2023;0;0.0;0;0;;0.0;2.5;5
417;2024;0;0.0;0;0;;0.0;2.5;5
418;2019;1;1.8257418583505536;0;3;-0.4214636152117623;0.7302967433402214;2.5;5
418;2020;1;1.8257418583505536;0;3;-0.4214636152117623;0.7302967433402214;2.5;5
418;2021;0;1.8257418583505536;0;2;-0.4214636152117623;0.7302967433402214;2.5;5
418;2022;0;1.8257418583505536;0;2;-0.4214636152117623;0.7302967433402214;2.5;5
418;2023;0;1.8257418583505536;0;1;-0.4214636152117623;0.7302967433402214;2.5;5
418;2024;0;1.8257418583505536;0;1;-0.4214636152117623;0.7302967433402214;2.5;5
419;2019;0;1.8257418583506058;0;1;-0.408248290463863;0.7302967433402423;2.5;5
419;2020;0;1.8257418583506058;0;2;-0.408248290463863;0.7302967433402423;2.5;5
419;2021;0;1.8257418583506058;0;2;-0.408248290463863;0.7302967433402423;2.5;5
419;2022;1;1.8257418583506058;0;3;-0.408248290463863;0.7302967433402423;2.5;5
419;2023;1;1.8257418583506058;0;3;-0.408248290463863;0.7302967433402423;2.5;5
419;2024;2;1.8257418583506058;0;3;-0.408248290463863;0.7302967433402423;2.5;5
420;2019;1;0.7905694150421249;0;2;;0.31622776601684993;2.5;5
420;2020;1;0.7905694150421249;0;1;;0.31622776601684993;2.5;5
420;2021;0;0.7905694150421249;0;1;;0.31622776601684993;2.5;5
420;2022;0;0.7905694150421249;0;1;;0.31622776601684993;2.5;5
420;2023;0;0.7905694150421249;0;1;;0.31622776601684993;2.5;5
420;2024;0;0.7905694150421249;0;0;;0.31622776601684993;2.5;5
421;2019;0;1.2649110640673518;0;2;-0.6666666666666666;0.6324555320336759;2.0;5
421;2020;0;1.2649110640673518;0;2;-0.6666666666666666;0.6324555320336759;2.0;5
421;2021;0;1.2649110640673518;0;2;-0.6666666666666666;0.6324555320336759;2.0;5
421;2022;0;1.2649110640673518;0;2;-0.6666666666666666;0.6324555320336759;2.0;5
421;2023;0;1.2649110640673518;0;2;-0.6666666666666666;0.6324555320336759;2.0;5
421;2024;0;1.2649110640673518;0;2;-0.6666666666666666;0.6324555320336759;2.0;5
422;2020;3;2.9047375096557344;0;6;0.19245008972987526;1.1618950038622937;2.5;4
422;2021;2;2.9047375096557344;0;5;0.19245008972987526;1.1618950038622937;2.5;4
422;2022;1;2.9047375096557344;0;4;0.19245008972987526;1.1618950038622937;2.5;4
422;2023;0;2.9047375096557344;0;3;0.19245008972987526;1.1618950038622937;2.5;4
422;2024;0;2.9047375096557344;0;2;0.19245008972987526;1.1618950038622937;2.5;4
423;2019;2;4.743416490252849;0;7;0.020869596778242055;1.8973665961011394;2.5;5
423;2020;3;4.743416490252849;0;8;0.020869596778242055;1.8973665961011394;2.5;5
423;2021;4;4.743416490252849;0;9;0.020869596778242055;1.8973665961011394;2.5;5
423;2022;6;4.743416490252849;1;10;0.020869596778242055;1.8973665961011394;2.5;5
423;2023;7;4.743416490252849;2;12;0.020869596778242055;1.8973665961011394;2.5;5
423;2024;8;4.743416490252849;3;13;0.020869596778242055;1.8973665961011394;2.5;5
424;2019;2;8.382521498133283;0;10;-0.6191057049999747;4.191260749066641;2.0;5
424;2020;4;8.382521498133283;0;12;-0.6191057049999747;4.191260749066641;2.0;5
424;2021;7;8.382521498133283;0;15;-0.6191057049999747;4.191260749066641;2.0;5
424;2022;9;8.382521498133283;1;17;-0.6191057049999747;4.191260749066641;2.0;5
424;2023;12;8.382521498133283;3;20;-0.6191057049999747;4.191260749066641;2.0;5
424;2024;14;8.382521498133283;6;22;-0.6191057049999747;4.191260749066641;2.0;5
425;2019;13;8.514693182963601;4;22;-0.15084395464992786;3.4058772731854408;2.5;5
425;2020;11;8.514693182963601;2;19;-0.15084395464992786;3.4058772731854408;2.5;5
425;2021;9;8.514693182963601;0;17;-0.15084395464992786;3.4058772731854408;2.5;5
425;2022;6;8.514693182963601;0;15;-0.15084395464992786;3.4058772731854408;2.5;5
425;2023;4;8.514693182963601;0;13;-0.15084395464992786;3.4058772731854408;2.5;5
425;2024;2;8.514693182963601;0;11;-0.15084395464992786;3.4058772731854408;2.5;5
426;2019;1;3.622844186547418;0;5;-0.24999999999999997;1.4491376746189673;2.5;5
426;2020;1;3.622844186547418;0;5;-0.24999999999999997;1.4491376746189673;2.5;5
426;2021;1;3.622844186547418;0;4;-0.24999999999999997;1.4491376746189673;2.5;5
426;2022;0;3.622844186547418;0;4;-0.24999999999999997;1.4491376746189673;2.5;5
426;2023;0;3.622844186547418;0;4;-0.24999999999999997;1.4491376746189673;2.5;5
426;2024;0;3.622844186547418;0;3;-0.24999999999999997;1.4491376746189673;2.5;5
427;2019;0;1.207614728849105;0;2;0.24999999999999997;0.48304589153964206;2.5;5
427;2020;0;1.207614728849105;0;2;0.24999999999999997;0.48304589153964206;2.5;5
427;2021;0;1.207614728849105;0;1;0.24999999999999997;0.48304589153964206;2.5;5
427;2022;0;1.207614728849105;0;1;0.24999999999999997;0.48304589153964206;2.5;5
427;2023;0;1.207614728849105;0;1;0.24999999999999997;0.48304589153964206;2.5;5
427;2024;0;1.207614728849105;0;1;0.24999999999999997;0.48304589153964206;2.5;5
428;2019;0;3.1832897030170764;0;3;0.6651330399133046;1.5916448515085382;2.0;5
428;2020;1;3.1832897030170764;0;4;0.6651330399133046;1.5916448515085382;2.0;5
428;2021;3;3.1832897030170764;0;6;0.6651330399133046;1.5916448515085382;2.0;5
428;2022;4;3.1832897030170764;1;7;0.6651330399133046;1.5916448515085382;2.0;5
428;2023;5;3.1832897030170764;2;9;0.6651330399133046;1.5916448515085382;2.0;5
428;2024;7;3.1832897030170764;4;10;0.6651330399133046;1.5916448515085382;2.0;5
429;2019;0;1.5138251770487654;0;2;0.08471737420873576;0.6055300708195062;2.5;5
429;2020;0;1.5138251770487654;0;2;0.08471737420873576;0.6055300708195062;2.5;5
429;2021;0;1.5138251770487654;0;2;0.08471737420873576;0.6055300708195062;2.5;5
429;2022;0;1.5138251770487654;0;2;0.08471737420873576;0.6055300708195062;2.5;5
429;2023;1;1.5138251770487654;0;2;0.08471737420873576;0.6055300708195062;2.5;5
429;2024;1;1.5138251770487654;0;2;0.08471737420873576;0.6055300708195062;2.5;5
430;2019;0;2.8982753492378523;0;3;0.7806247497997998;1.9321835661585682;1.5;5
430;2020;1;2.8982753492378523;0;4;0.7806247497997998;1.9321835661585682;1.5;5
430;2021;1;2.8982753492378523;0;4;0.7806247497997998;1.9321835661585682;1.5;5
430;2022;2;2.8982753492378523;0;4;0.7806247497997998;1.9321835661585682;1.5;5
430;2023;2;2.8982753492378523;0;5;0.7806247497997998;1.9321835661585682;1.5;5
430;2024;2;2.8982753492378523;0;5;0.7806247497997998;1.9321835661585682;1.5;5
431;2019;1;2.0330600909302636;0;3;-0.6123724356957946;1.0165300454651318;2.0;5
431;2020;1;2.0330600909302636;0;3;-0.6123724356957946;1.0165300454651318;2.0;5
431;2021;1;2.0330600909302636;0;3;-0.6123724356957946;1.0165300454651318;2.0;5
431;2022;0;2.0330600909302636;0;3;-0.6123724356957946;1.0165300454651318;2.0;5
431;2023;0;2.0330600909302636;0;2;-0.6123724356957946;1.0165300454651318;2.0;5
431;2024;0;2.0330600909302636;0;2;-0.6123724356957946;1.0165300454651318;2.0;5
432;2019;2;0.966091783079296;1;3;0.6874999999999999;0.483045891539648;2.0;5
432;2020;1;0.966091783079296;0;2;0.6874999999999999;0.483045891539648;2.0;5
432;2021;1;0.966091783079296;0;2;0.6874999999999999;0.483045891539648;2.0;5
432;2022;0;0.966091783079296;0;1;0.6874999999999999;0.483045891539648;2.0;5
432;2023;0;0.966091783079296;0;1;0.6874999999999999;0.483045891539648;2.0;5
432;2024;0;0.966091783079296;0;0;0.6874999999999999;0.483045891539648;2.0;5
433;2019;4;6.582805886043811;0;11;-0.44470349001312187;2.6331223544175244;2.5;5
433;2020;4;6.582805886043811;0;10;-0.44470349001312187;2.6331223544175244;2.5;5
433;2021;4;6.582805886043811;0;10;-0.44470349001312187;2.6331223544175244;2.5;5
433;2022;3;6.582805886043811;0;10;-0.44470349001312187;2.6331223544175244;2.5;5
433;2023;3;6.582805886043811;0;10;-0.44470349001312187;2.6331223544175244;2.5;5
433;2024;3;6.582805886043811;0;10;-0.44470349001312187;2.6331223544175244;2.5;5
434;2019;0;0.0;0;0;;0.0;2.5;5
434;2020;0;0.0;0;0;;0.0;2.5;5
434;2021;0;0.0;0;0;;0.0;2.5;5
434;2022;0;0.0;0;0;;0.0;2.5;5
434;2023;0;0.0;0;0;;0.0;2.5;5
434;2024;0;0.0;0;0;;0.0;2.5;5
435;2019;0;0.0;0;0;;0.0;2.5;5
435;2020;0;0.0;0;0;;0.0;2.5;5
435;2021;0;0.0;0;0;;0.0;2.5;5
435;2022;0;0.0;0;0;;0.0;2.5;5
435;2023;0;0.0;0;0;;0.0;2.5;5
435;2024;0;0.0;0;0;;0.0;2.5;5
436;2019;1;2.541325113662797;0;4;-0.08276058886023677;1.0165300454651187;2.5;5
436;2020;1;2.541325113662797;0;4;-0.08276058886023677;1.0165300454651187;2.5;5
436;2021;2;2.541325113662797;0;4;-0.08276058886023677;1.0165300454651187;2.5;5
436;2022;2;2.541325113662797;0;4;-0.08276058886023677;1.0165300454651187;2.5;5
436;2023;2;2.541325113662797;0;4;-0.08276058886023677;1.0165300454651187;2.5;5
436;2024;2;2.541325113662797;0;4;-0.08276058886023677;1.0165300454651187;2.5;5
437;2019;1;0.9128709291752768;0;2;-0.1336306209562122;0.3651483716701107;2.5;5
437;2020;0;0.9128709291752768;0;1;-0.1336306209562122;0.3651483716701107;2.5;5
437;2021;0;0.9128709291752768;0;1;-0.1336306209562122;0.3651483716701107;2.5;5
437;2022;0;0.9128709291752768;0;1;-0.1336306209562122;0.3651483716701107;2.5;5
437;2023;0;0.9128709291752768;0;1;-0.1336306209562122;0.3651483716701107;2.5;5
437;2024;0;0.9128709291752768;0;1;-0.1336306209562122;0.3651483716701107;2.5;5
438;2019;0;0.0;0;0;;0.0;2.5;4
438;2021;0;0.0;0;0;;0.0;2.5;4
438;2022;0;0.0;0;0;;0.0;2.5;4
438;2023;0;0.0;0;0;;0.0;2.5;4
438;2024;0;0.0;0;0;;0.0;2.5;4
439;2019;10;8.540101482613222;1;19;0.5820254126382229;4.270050741306611;2.0;5
439;2020;9;8.540101482613222;1;18;0.5820254126382229;4.270050741306611;2.0;5
439;2021;8;8.540101482613222;0;17;0.5820254126382229;4.270050741306611;2.0;5
439;2022;7;8.540101482613222;0;16;0.5820254126382229;4.270050741306611;2.0;5
439;2023;6;8.540101482613222;0;15;0.5820254126382229;4.270050741306611;2.0;5
439;2024;6;8.540101482613222;0;14;0.5820254126382229;4.270050741306611;2.0;5
440;2019;0;0.0;0;0;;0.0;2.5;5
440;2020;0;0.0;0;0;;0.0;2.5;5
440;2021;0;0.0;0;0;;0.0;2.5;5
440;2022;0;0.0;0;0;;0.0;2.5;5
440;2023;0;0.0;0;0;;0.0;2.5;5
440;2024;0;0.0;0;0;;0.0;2.5;5
441;2019;3;1.46059348668036;1;4;0.6393036109588066;0.73029674334018;2.0;5
441;2020;2;1.46059348668036;1;3;0.6393036109588066;0.73029674334018;2.0;5
441;2021;1;1.46059348668036;0;3;0.6393036109588066;0.73029674334018;2.0;5
441;2022;1;1.46059348668036;0;2;0.6393036109588066;0.73029674334018;2.0;5
441;2023;0;1.46059348668036;0;2;0.6393036109588066;0.73029674334018;2.0;5
441;2024;0;1.46059348668036;0;1;0.6393036109588066;0.73029674334018;2.0;5
442;2019;4;1.7416467303484067;2;5;-0.9013878188659973;1.7416467303484067;1.0;5
442;2020;3;1.7416467303484067;2;5;-0.9013878188659973;1.7416467303484067;1.0;5
442;2021;3;1.7416467303484067;1;5;-0.9013878188659973;1.7416467303484067;1.0;5
442;2022;3;1.7416467303484067;1;4;-0.9013878188659973;1.7416467303484067;1.0;5
442;2023;2;1.7416467303484067;1;4;-0.9013878188659973;1.7416467303484067;1.0;5
442;2024;2;1.7416467303484067;0;4;-0.9013878188659973;1.7416467303484067;1.0;5
443;2019;0;3.6514837167007963;0;4;;1.4605934866803185;2.5;5
443;2020;2;3.6514837167007963;0;5;;1.4605934866803185;2.5;5
443;2021;3;3.6514837167007963;0;7;;1.4605934866803185;2.5;5
443;2022;4;3.6514837167007963;1;8;;1.4605934866803185;2.5;5
443;2023;6;3.6514837167007963;2;9;;1.4605934866803185;2.5;5
443;2024;7;3.6514837167007963;4;11;;1.4605934866803185;2.5;5
444;2019;2;2.9930474993446623;0;5;0.17700260809846075;1.1972189997378648;2.5;5
444;2020;1;2.9930474993446623;0;4;0.17700260809846075;1.1972189997378648;2.5;5
444;2021;1;2.9930474993446623;0;4;0.17700260809846075;1.1972189997378648;2.5;5
444;2022;0;2.9930474993446623;0;3;0.17700260809846075;1.1972189997378648;2.5;5
444;2023;0;2.9930474993446623;0;3;0.17700260809846075;1.1972189997378648;2.5;5
444;2024;0;2.9930474993446623;0;2;0.17700260809846075;1.1972189997378648;2.5;5
445;2019;0;0.0;0;0;;0.0;2.5;5
445;2020;0;0.0;0;0;;0.0;2.5;5
445;2021;0;0.0;0;0;;0.0;2.5;5
445;2022;0;0.0;0;0;;0.0;2.5;5
445;2023;0;0.0;0;0;;0.0;2.5;5
445;2024;0;0.0;0;0;;0.0;2.5;5
446;2019;2;4.83045891539648;0;7;-0.6864064729836439;2.41522945769824;2.0;5
446;2020;2;4.83045891539648;0;6;-0.6864064729836439;2.41522945769824;2.0;5
446;2021;1;4.83045891539648;0;6;-0.6864064729836439;2.41522945769824;2.0;5
446;2022;0;4.83045891539648;0;5;-0.6864064729836439;2.41522945769824;2.0;5
446;2023;0;4.83045891539648;0;5;-0.6864064729836439;2.41522945769824;2.0;5
446;2024;0;4.83045891539648;0;4;-0.6864064729836439;2.41522945769824;2.0;5
447;2019;2;3.259601202601308;0;6;0.30477572710378376;1.3038404810405233;2.5;5
447;2020;2;3.259601202601308;0;6;0.30477572710378376;1.3038404810405233;2.5;5
447;2021;3;3.259601202601308;0;6;0.30477572710378376;1.3038404810405233;2.5;5
447;2022;3;3.259601202601308;0;6;0.30477572710378376;1.3038404810405233;2.5;5
447;2023;3;3.259601202601308;0;6;0.30477572710378376;1.3038404810405233;2.5;5
447;2024;3;3.259601202601308;0;6;0.30477572710378376;1.3038404810405233;2.5;5
448;2019;3;6.582805886043811;0;10;0.24978806970109338;2.6331223544175244;2.5;5
448;2020;3;6.582805886043811;0;10;0.24978806970109338;2.6331223544175244;2.5;5
448;2021;3;6.582805886043811;0;10;0.24978806970109338;2.6331223544175244;2.5;5
448;2022;4;6.582805886043811;0;10;0.24978806970109338;2.6331223544175244;2.5;5
448;2023;4;6.582805886043811;0;10;0.24978806970109338;2.6331223544175244;2.5;5
448;2024;4;6.582805886043811;0;11;0.24978806970109338;2.6331223544175244;2.5;5
449;2019;1;1.9895560643855625;0;3;0.0;0.795822425754225;2.5;5
449;2020;1;1.9895560643855625;0;3;0.0;0.795822425754225;2.5;5
449;2021;1;1.9895560643855625;0;3;0.0;0.795822425754225;2.5;5
449;2022;1;1.9895560643855625;0;3;0.0;0.795822425754225;2.5;5
449;2023;1;1.9895560643855625;0;3;0.0;0.795822425754225;2.5;5
449;2024;1;1.9895560643855625;0;3;0.0;0.795822425754225;2.5;5
450;2019;9;8.304115445568915;0;17;0.09006716602225384;3.3216461782275655;2.5;5
450;2020;8;8.304115445568915;0;16;0.09006716602225384;3.3216461782275655;2.5;5
450;2021;7;8.304115445568915;0;15;0.09006716602225384;3.3216461782275655;2.5;5
450;2022;6;8.304115445568915;0;14;0.09006716602225384;3.3216461782275655;2.5;5
450;2023;4;8.304115445568915;0;13;0.09006716602225384;3.3216461782275655;2.5;5
450;2024;3;8.304115445568915;0;12;0.09006716602225384;3.3216461782275655;2.5;5
451;2019;4;7.302967433402241;0;11;-0.39528470752104733;2.9211869733608964;2.5;5
451;2020;3;7.302967433402241;0;10;-0.39528470752104733;2.9211869733608964;2.5;5
451;2021;2;7.302967433402241;0;9;-0.39528470752104733;2.9211869733608964;2.5;5
451;2022;1;7.302967433402241;0;9;-0.39528470752104733;2.9211869733608964;2.5;5
451;2023;0;7.302967433402241;0;8;-0.39528470752104733;2.9211869733608964;2.5;5
451;2024;0;7.302967433402241;0;7;-0.39528470752104733;2.9211869733608964;2.5;5
452;2019;1;3.6514837167010814;0;5;-0.08574929257125442;1.4605934866804327;2.5;5
452;2020;1;3.6514837167010814;0;5;-0.08574929257125442;1.4605934866804327;2.5;5
452;2021;1;3.6514837167010814;0;4;-0.08574929257125442;1.4605934866804327;2.5;5
452;2022;1;3.6514837167010814;0;4;-0.08574929257125442;1.4605934866804327;2.5;5
452;2023;0;3.6514837167010814;0;4;-0.08574929257125442;1.4605934866804327;2.5;5
452;2024;0;3.6514837167010814;0;4;-0.08574929257125442;1.4605934866804327;2.5;5
453;2019;2;6.24166110369135;0;8;0.2947531723732816;2.49666444147654;2.5;5
453;2020;2;6.24166110369135;0;8;0.2947531723732816;2.49666444147654;2.5;5
453;2021;2;6.24166110369135;0;8;0.2947531723732816;2.49666444147654;2.5;5
453;2022;2;6.24166110369135;0;8;0.2947531723732816;2.49666444147654;2.5;5
453;2023;2;6.24166110369135;0;8;0.2947531723732816;2.49666444147654;2.5;5
453;2024;2;6.24166110369135;0;8;0.2947531723732816;2.49666444147654;2.5;5
454;2019;1;0.7905694150421249;0;2;-0.140028008402801;0.31622776601684993;2.5;5
454;2020;1;0.7905694150421249;0;1;-0.140028008402801;0.31622776601684993;2.5;5
454;2021;0;0.7905694150421249;0;1;-0.140028008402801;0.31622776601684993;2.5;5
454;2022;0;0.7905694150421249;0;1;-0.140028008402801;0.31622776601684993;2.5;5
454;2023;0;0.7905694150421249;0;1;-0.140028008402801;0.31622776601684993;2.5;5
454;2024;0;0.7905694150421249;0;0;-0.140028008402801;0.31622776601684993;2.5;5
455;2019;15;20.951332495412117;0;36;-0.23700485069178692;8.380532998164847;2.5;5
455;2020;11;20.951332495412117;0;32;-0.23700485069178692;8.380532998164847;2.5;5
455;2021;7;20.951332495412117;0;28;-0.23700485069178692;8.380532998164847;2.5;5
455;2022;3;20.951332495412117;0;24;-0.23700485069178692;8.380532998164847;2.5;5
455;2023;0;20.951332495412117;0;20;-0.23700485069178692;8.380532998164847;2.5;5
455;2024;0;20.951332495412117;0;16;-0.23700485069178692;8.380532998164847;2.5;5
456;2019;0;0.0;0;0;;0.0;2.5;5
456;2020;0;0.0;0;0;;0.0;2.5;5
456;2021;0;0.0;0;0;;0.0;2.5;5
456;2022;0;0.0;0;0;;0.0;2.5;5
456;2023;0;0.0;0;0;;0.0;2.5;5
456;2024;0;0.0;0;0;;0.0;2.5;5
457;2019;0;0.0;0;0;;0.0;2.5;5
457;2020;0;0.0;0;0;;0.0;2.5;5
457;2021;0;0.0;0;0;;0.0;2.5;5
457;2022;0;0.0;0;0;;0.0;2.5;5
457;2023;0;0.0;0;0;;0.0;2.5;5
457;2024;0;0.0;0;0;;0.0;2.5;5
458;2019;4;5.322906474223824;0;9;0.35610392357834175;2.1291625896895296;2.5;5
458;2020;3;5.322906474223824;0;8;0.35610392357834175;2.1291625896895296;2.5;5
458;2021;2;5.322906474223824;0;8;0.35610392357834175;2.1291625896895296;2.5;5
458;2022;2;5.322906474223824;0;7;0.35610392357834175;2.1291625896895296;2.5;5
458;2023;1;5.322906474223824;0;7;0.35610392357834175;2.1291625896895296;2.5;5
458;2024;1;5.322906474223824;0;6;0.35610392357834175;2.1291625896895296;2.5;5
459;2019;0;1.0458250331676113;0;1;-0.3333333333333333;0.41833001326704455;2.5;4
459;2020;0;1.0458250331676113;0;1;-0.3333333333333333;0.41833001326704455;2.5;4
459;2022;0;1.0458250331676113;0;1;-0.3333333333333333;0.41833001326704455;2.5;4
459;2023;1;1.0458250331676113;0;2;-0.3333333333333333;0.41833001326704455;2.5;4
459;2024;1;1.0458250331676113;0;2;-0.3333333333333333;0.41833001326704455;2.5;4
460;2019;0;0.0;0;0;;0.0;2.5;5
460;2020;0;0.0;0;0;;0.0;2.5;5
460;2021;0;0.0;0;0;;0.0;2.5;5
460;2022;0;0.0;0;0;;0.0;2.5;5
460;2023;0;0.0;0;0;;0.0;2.5;5
460;2024;0;0.0;0;0;;0.0;2.5;5
461;2019;5;6.153589738247645;0;11;0.51596917426389;3.0767948691238227;2.0;5
461;2020;4;6.153589738247645;0;11;0.51596917426389;3.0767948691238227;2.0;5
461;2021;4;6.153589738247645;0;10;0.51596917426389;3.0767948691238227;2.0;5
461;2022;4;6.153589738247645;0;10;0.51596917426389;3.0767948691238227;2.0;5
461;2023;3;6.153589738247645;0;9;0.51596917426389;3.0767948691238227;2.0;5
461;2024;3;6.153589738247645;0;9;0.51596917426389;3.0767948691238227;2.0;5
463;2019;0;0.0;0;0;;0.0;2.5;5
463;2020;0;0.0;0;0;;0.0;2.5;5
463;2021;0;0.0;0;0;;0.0;2.5;5
463;2022;0;0.0;0;0;;0.0;2.5;5
463;2023;0;0.0;0;0;;0.0;2.5;5
463;2024;0;0.0;0;0;;0.0;2.5;5
464;2019;3;3.9791121287711073;0;7;-0.11821656093586512;1.591644851508443;2.5;5
464;2020;3;3.9791121287711073;0;7;-0.11821656093586512;1.591644851508443;2.5;5
464;2021;2;3.9791121287711073;0;6;-0.11821656093586512;1.591644851508443;2.5;5
464;2022;2;3.9791121287711073;0;6;-0.11821656093586512;1.591644851508443;2.5;5
464;2023;2;3.9791121287711073;0;6;-0.11821656093586512;1.591644851508443;2.5;5
464;2024;1;3.9791121287711073;0;5;-0.11821656093586512;1.591644851508443;2.5;5
465;2019;2;2.9930474993446694;0;5;-0.10090091909944686;1.1972189997378677;2.5;5
465;2020;2;2.9930474993446694;0;5;-0.10090091909944686;1.1972189997378677;2.5;5
465;2021;1;2.9930474993446694;0;4;-0.10090091909944686;1.1972189997378677;2.5;5
465;2022;1;2.9930474993446694;0;4;-0.10090091909944686;1.1972189997378677;2.5;5
465;2023;1;2.9930474993446694;0;4;-0.10090091909944686;1.1972189997378677;2.5;5
465;2024;0;2.9930474993446694;0;3;-0.10090091909944686;1.1972189997378677;2.5;5
466;2019;0;2.5819888974716116;0;3;;1.0327955589886446;2.5;5
466;2020;0;2.5819888974716116;0;3;;1.0327955589886446;2.5;5
466;2021;0;2.5819888974716116;0;3;;1.0327955589886446;2.5;5
466;2022;0;2.5819888974716116;0;3;;1.0327955589886446;2.5;5
466;2023;0;2.5819888974716116;0;3;;1.0327955589886446;2.5;5
466;2024;0;2.5819888974716116;0;3;;1.0327955589886446;2.5;5
467;2019;0;2.41522945769821;0;3;0.10206207261596574;0.9660917830792841;2.5;5
467;2020;0;2.41522945769821;0;3;0.10206207261596574;0.9660917830792841;2.5;5
467;2021;1;2.41522945769821;0;3;0.10206207261596574;0.9660917830792841;2.5;5
467;2022;1;2.41522945769821;0;3;0.10206207261596574;0.9660917830792841;2.5;5
467;2023;1;2.41522945769821;0;3;0.10206207261596574;0.9660917830792841;2.5;5
467;2024;1;2.41522945769821;0;4;0.10206207261596574;0.9660917830792841;2.5;5
468;2019;132;19.875235847657212;112;151;-0.8741307720504289;13.250157231771475;1.5;5
468;2020;129;19.875235847657212;109;149;-0.8741307720504289;13.250157231771475;1.5;5
468;2021;126;19.875235847657212;106;146;-0.8741307720504289;13.250157231771475;1.5;5
468;2022;123;19.875235847657212;103;143;-0.8741307720504289;13.250157231771475;1.5;5
468;2023;120;19.875235847657212;100;140;-0.8741307720504289;13.250157231771475;1.5;5
468;2024;117;19.875235847657212;97;137;-0.8741307720504289;13.250157231771475;1.5;5
469;2019;86;37.9253653025685;48;124;-0.2439724380739146;15.1701461210274;2.5;5
469;2020;81;37.9253653025685;43;119;-0.2439724380739146;15.1701461210274;2.5;5
469;2021;75;37.9253653025685;37;113;-0.2439724380739146;15.1701461210274;2.5;5
469;2022;69;37.9253653025685;31;107;-0.2439724380739146;15.1701461210274;2.5;5
469;2023;63;37.9253653025685;25;101;-0.2439724380739146;15.1701461210274;2.5;5
469;2024;57;37.9253653025685;19;95;-0.2439724380739146;15.1701461210274;2.5;5
470;2019;8;4.671723450719048;4;13;0.7151953996669659;3.1144823004793656;1.5;5
470;2020;9;4.671723450719048;5;14;0.7151953996669659;3.1144823004793656;1.5;5
470;2021;10;4.671723450719048;6;15;0.7151953996669659;3.1144823004793656;1.5;5
470;2022;12;4.671723450719048;7;16;0.7151953996669659;3.1144823004793656;1.5;5
470;2023;13;4.671723450719048;8;17;0.7151953996669659;3.1144823004793656;1.5;5
470;2024;14;4.671723450719048;9;18;0.7151953996669659;3.1144823004793656;1.5;5
471;2019;6;9.486832980504957;0;16;-0.17643259194545619;3.794733192201983;2.5;5
471;2020;8;9.486832980504957;0;17;-0.17643259194545619;3.794733192201983;2.5;5
471;2021;9;9.486832980504957;0;19;-0.17643259194545619;3.794733192201983;2.5;5
471;2022;11;9.486832980504957;1;20;-0.17643259194545619;3.794733192201983;2.5;5
471;2023;12;9.486832980504957;3;21;-0.17643259194545619;3.794733192201983;2.5;5
471;2024;13;9.486832980504957;4;23;-0.17643259194545619;3.794733192201983;2.5;5
472;2019;0;0.0;0;0;;0.0;2.5;5
472;2020;0;0.0;0;0;;0.0;2.5;5
472;2021;0;0.0;0;0;;0.0;2.5;5
472;2022;0;0.0;0;0;;0.0;2.5;5
472;2023;0;0.0;0;0;;0.0;2.5;5
472;2024;0;0.0;0;0;;0.0;2.5;5
473;2019;5;6.228964600958939;0;12;-0.5163977794943222;3.1144823004794695;2.0;5
473;2020;6;6.228964600958939;0;12;-0.5163977794943222;3.1144823004794695;2.0;5
473;2021;6;6.228964600958939;0;12;-0.5163977794943222;3.1144823004794695;2.0;5
473;2022;6;6.228964600958939;0;13;-0.5163977794943222;3.1144823004794695;2.0;5
473;2023;7;6.228964600958939;0;13;-0.5163977794943222;3.1144823004794695;2.0;5
473;2024;7;6.228964600958939;1;13;-0.5163977794943222;3.1144823004794695;2.0;5
474;2019;96;37.98771731318778;58;134;-0.6673097561741429;18.99385865659389;2.0;5
474;2020;88;37.98771731318778;50;126;-0.6673097561741429;18.99385865659389;2.0;5
474;2021;81;37.98771731318778;43;119;-0.6673097561741429;18.99385865659389;2.0;5
474;2022;73;37.98771731318778;35;111;-0.6673097561741429;18.99385865659389;2.0;5
474;2023;66;37.98771731318778;28;104;-0.6673097561741429;18.99385865659389;2.0;5
474;2024;58;37.98771731318778;20;96;-0.6673097561741429;18.99385865659389;2.0;5
475;2019;0;0.0;0;0;;0.0;2.5;4
475;2021;0;0.0;0;0;;0.0;2.5;4
475;2022;0;0.0;0;0;;0.0;2.5;4
475;2023;0;0.0;0;0;;0.0;2.5;4
475;2024;0;0.0;0;0;;0.0;2.5;4
476;2019;2;1.5138251770488242;0;3;-0.3071475584169756;0.6055300708195297;2.5;5
476;2020;1;1.5138251770488242;0;3;-0.3071475584169756;0.6055300708195297;2.5;5
476;2021;1;1.5138251770488242;0;3;-0.3071475584169756;0.6055300708195297;2.5;5
476;2022;1;1.5138251770488242;0;2;-0.3071475584169756;0.6055300708195297;2.5;5
476;2023;0;1.5138251770488242;0;2;-0.3071475584169756;0.6055300708195297;2.5;5
476;2024;0;1.5138251770488242;0;2;-0.3071475584169756;0.6055300708195297;2.5;5
477;2019;0;2.9277002188455996;0;3;-0.3333333333333333;1.1710800875382399;2.5;4
477;2021;0;2.9277002188455996;0;3;-0.3333333333333333;1.1710800875382399;2.5;4
477;2022;1;2.9277002188455996;0;4;-0.3333333333333333;1.1710800875382399;2.5;4
477;2023;1;2.9277002188455996;0;4;-0.3333333333333333;1.1710800875382399;2.5;4
477;2024;1;2.9277002188455996;0;4;-0.3333333333333333;1.1710800875382399;2.5;4
478;2019;28;24.21690181120065;4;52;0.1599460291202818;9.68676072448026;2.5;5
478;2020;26;24.21690181120065;1;50;0.1599460291202818;9.68676072448026;2.5;5
478;2021;23;24.21690181120065;0;47;0.1599460291202818;9.68676072448026;2.5;5
478;2022;20;24.21690181120065;0;45;0.1599460291202818;9.68676072448026;2.5;5
478;2023;18;24.21690181120065;0;42;0.1599460291202818;9.68676072448026;2.5;5
478;2024;16;24.21690181120065;0;40;0.1599460291202818;9.68676072448026;2.5;5
479;2019;1;6.390096504227056;0;8;0.4053048613714631;2.5560386016908225;2.5;5
479;2020;2;6.390096504227056;0;8;0.4053048613714631;2.5560386016908225;2.5;5
479;2021;3;6.390096504227056;0;9;0.4053048613714631;2.5560386016908225;2.5;5
479;2022;3;6.390096504227056;0;10;0.4053048613714631;2.5560386016908225;2.5;5
479;2023;4;6.390096504227056;0;10;0.4053048613714631;2.5560386016908225;2.5;5
479;2024;4;6.390096504227056;0;11;0.4053048613714631;2.5560386016908225;2.5;5
480;2019;0;1.2909944487358058;0;1;-0.375;0.5163977794943223;2.5;5
480;2020;0;1.2909944487358058;0;1;-0.375;0.5163977794943223;2.5;5
480;2021;0;1.2909944487358058;0;1;-0.375;0.5163977794943223;2.5;5
480;2022;0;1.2909944487358058;0;1;-0.375;0.5163977794943223;2.5;5
480;2023;0;1.2909944487358058;0;1;-0.375;0.5163977794943223;2.5;5
480;2024;0;1.2909944487358058;0;1;-0.375;0.5163977794943223;2.5;5
481;2019;0;2.41522945769821;0;3;-0.37499999999999994;0.9660917830792841;2.5;5
481;2020;0;2.41522945769821;0;3;-0.37499999999999994;0.9660917830792841;2.5;5
481;2021;1;2.41522945769821;0;3;-0.37499999999999994;0.9660917830792841;2.5;5
481;2022;1;2.41522945769821;0;3;-0.37499999999999994;0.9660917830792841;2.5;5
481;2023;1;2.41522945769821;0;3;-0.37499999999999994;0.9660917830792841;2.5;5
481;2024;1;2.41522945769821;0;4;-0.37499999999999994;0.9660917830792841;2.5;5
482;2019;1;3.6514837167009775;0;4;0.10770505460691612;1.460593486680391;2.5;5
482;2020;1;3.6514837167009775;0;5;0.10770505460691612;1.460593486680391;2.5;5
482;2021;2;3.6514837167009775;0;6;0.10770505460691612;1.460593486680391;2.5;5
482;2022;3;3.6514837167009775;0;7;0.10770505460691612;1.460593486680391;2.5;5
482;2023;4;3.6514837167009775;0;7;0.10770505460691612;1.460593486680391;2.5;5
482;2024;5;3.6514837167009775;1;8;0.10770505460691612;1.460593486680391;2.5;5
483;2019;1;2.3717082451263023;0;3;-0.13363062095621217;0.9486832980505209;2.5;5
483;2020;1;2.3717082451263023;0;3;-0.13363062095621217;0.9486832980505209;2.5;5
483;2021;1;2.3717082451263023;0;3;-0.13363062095621217;0.9486832980505209;2.5;5
483;2022;1;2.3717082451263023;0;3;-0.13363062095621217;0.9486832980505209;2.5;5
483;2023;1;2.3717082451263023;0;3;-0.13363062095621217;0.9486832980505209;2.5;5
483;2024;1;2.3717082451263023;0;3;-0.13363062095621217;0.9486832980505209;2.5;5
484;2019;0;1.0327955589886446;0;1;-0.5345224838248488;0.5163977794943223;2.0;5
484;2020;0;1.0327955589886446;0;1;-0.5345224838248488;0.5163977794943223;2.0;5
484;2021;0;1.0327955589886446;0;1;-0.5345224838248488;0.5163977794943223;2.0;5
484;2022;0;1.0327955589886446;0;1;-0.5345224838248488;0.5163977794943223;2.0;5
484;2023;0;1.0327955589886446;0;1;-0.5345224838248488;0.5163977794943223;2.0;5
484;2024;0;1.0327955589886446;0;1;-0.5345224838248488;0.5163977794943223;2.0;5
485;2019;0;0.0;0;0;;0.0;2.5;5
485;2020;0;0.0;0;0;;0.0;2.5;5
485;2021;0;0.0;0;0;;0.0;2.5;5
485;2022;0;0.0;0;0;;0.0;2.5;5
485;2023;0;0.0;0;0;;0.0;2.5;5
485;2024;0;0.0;0;0;;0.0;2.5;5
486;2019;4;1.449137674618938;3;5;0.8749999999999994;0.966091783079292;1.5;5
486;2020;4;1.449137674618938;2;5;0.8749999999999994;0.966091783079292;1.5;5
486;2021;4;1.449137674618938;2;5;0.8749999999999994;0.966091783079292;1.5;5
486;2022;3;1.449137674618938;2;5;0.8749999999999994;0.966091783079292;1.5;5
486;2023;3;1.449137674618938;2;5;0.8749999999999994;0.966091783079292;1.5;5
486;2024;3;1.449137674618938;2;4;0.8749999999999994;0.966091783079292;1.5;5
487;2019;0;0.483045891539646;0;0;0.9185586535436918;0.483045891539646;1.0;5
487;2020;0;0.483045891539646;0;1;0.9185586535436918;0.483045891539646;1.0;5
487;2021;0;0.483045891539646;0;1;0.9185586535436918;0.483045891539646;1.0;5
487;2022;0;0.483045891539646;0;1;0.9185586535436918;0.483045891539646;1.0;5
487;2023;0;0.483045891539646;0;1;0.9185586535436918;0.483045891539646;1.0;5
487;2024;0;0.483045891539646;0;1;0.9185586535436918;0.483045891539646;1.0;5
488;2019;396;381.29685504428915;15;778;0.39344976571873536;152.51874201771565;2.5;5
488;2020;389;381.29685504428915;8;770;0.39344976571873536;152.51874201771565;2.5;5
488;2021;382;381.29685504428915;1;763;0.39344976571873536;152.51874201771565;2.5;5
488;2022;374;381.29685504428915;0;756;0.39344976571873536;152.51874201771565;2.5;5
488;2023;367;381.29685504428915;0;748;0.39344976571873536;152.51874201771565;2.5;5
488;2024;360;381.29685504428915;0;741;0.39344976571873536;152.51874201771565;2.5;5
489;2019;88;80.89988669130919;7;169;-0.4102080680162148;32.35995467652368;2.5;5
489;2020;76;80.89988669130919;0;156;-0.4102080680162148;32.35995467652368;2.5;5
489;2021;63;80.89988669130919;0;144;-0.4102080680162148;32.35995467652368;2.5;5
489;2022;50;80.89988669130919;0;131;-0.4102080680162148;32.35995467652368;2.5;5
489;2023;38;80.89988669130919;0;119;-0.4102080680162148;32.35995467652368;2.5;5
489;2024;26;80.89988669130919;0;106;-0.4102080680162148;32.35995467652368;2.5;5
490;2019;0;0.31622776601682595;0;0;1.0;0.31622776601682595;1.0;5
490;2020;0;0.31622776601682595;0;0;1.0;0.31622776601682595;1.0;5
490;2021;0;0.31622776601682595;0;1;1.0;0.31622776601682595;1.0;5
490;2022;1;0.31622776601682595;0;1;1.0;0.31622776601682595;1.0;5
490;2023;1;0.31622776601682595;1;1;1.0;0.31622776601682595;1.0;5
490;2024;1;0.31622776601682595;1;2;1.0;0.31622776601682595;1.0;5
491;2019;1;3.872983346207417;0;4;0.294174202707276;1.5491933384829668;2.5;5
491;2020;1;3.872983346207417;0;4;0.294174202707276;1.5491933384829668;2.5;5
491;2021;1;3.872983346207417;0;4;0.294174202707276;1.5491933384829668;2.5;5
491;2022;1;3.872983346207417;0;4;0.294174202707276;1.5491933384829668;2.5;5
491;2023;1;3.872983346207417;0;4;0.294174202707276;1.5491933384829668;2.5;5
491;2024;1;3.872983346207417;0;4;0.294174202707276;1.5491933384829668;2.5;5
492;2019;2;3.0495901363953957;0;5;-0.7009130258223498;2.0330600909302636;1.5;5
492;2020;1;3.0495901363953957;0;4;-0.7009130258223498;2.0330600909302636;1.5;5
492;2021;1;3.0495901363953957;0;4;-0.7009130258223498;2.0330600909302636;1.5;5
492;2022;1;3.0495901363953957;0;4;-0.7009130258223498;2.0330600909302636;1.5;5
492;2023;1;3.0495901363953957;0;4;-0.7009130258223498;2.0330600909302636;1.5;5
492;2024;1;3.0495901363953957;0;4;-0.7009130258223498;2.0330600909302636;1.5;5
493;2019;0;0.9128709291753029;0;1;;0.36514837167012115;2.5;5
493;2020;0;0.9128709291753029;0;1;;0.36514837167012115;2.5;5
493;2021;0;0.9128709291753029;0;1;;0.36514837167012115;2.5;5
493;2022;0;0.9128709291753029;0;1;;0.36514837167012115;2.5;5
493;2023;1;0.9128709291753029;0;2;;0.36514837167012115;2.5;5
493;2024;1;0.9128709291753029;0;2;;0.36514837167012115;2.5;5
494;2019;73;82.7483635286322;0;155;0.14512810810857657;33.09934541145288;2.5;5
494;2020;62;82.7483635286322;0;145;0.14512810810857657;33.09934541145288;2.5;5
494;2021;52;82.7483635286322;0;134;0.14512810810857657;33.09934541145288;2.5;5
494;2022;41;82.7483635286322;0;124;0.14512810810857657;33.09934541145288;2.5;5
494;2023;31;82.7483635286322;0;113;0.14512810810857657;33.09934541145288;2.5;5
494;2024;20;82.7483635286322;0;103;0.14512810810857657;33.09934541145288;2.5;5
495;2019;1;1.989556064385518;0;3;0.2817180849095055;0.7958224257542071;2.5;5
495;2020;1;1.989556064385518;0;3;0.2817180849095055;0.7958224257542071;2.5;5
495;2021;1;1.989556064385518;0;3;0.2817180849095055;0.7958224257542071;2.5;5
495;2022;0;1.989556064385518;0;2;0.2817180849095055;0.7958224257542071;2.5;5
495;2023;0;1.989556064385518;0;2;0.2817180849095055;0.7958224257542071;2.5;5
495;2024;0;1.989556064385518;0;2;0.2817180849095055;0.7958224257542071;2.5;5
496;2019;11;10.243697249203207;0;21;0.5925281329841849;5.121848624601603;2.0;5
496;2020;10;10.243697249203207;0;20;0.5925281329841849;5.121848624601603;2.0;5
496;2021;10;10.243697249203207;0;20;0.5925281329841849;5.121848624601603;2.0;5
496;2022;9;10.243697249203207;0;19;0.5925281329841849;5.121848624601603;2.0;5
496;2023;9;10.243697249203207;0;19;0.5925281329841849;5.121848624601603;2.0;5
496;2024;8;10.243697249203207;0;18;0.5925281329841849;5.121848624601603;2.0;5
497;2019;15;13.165611772088068;2;28;-0.3575526838381297;5.266244708835227;2.5;5
497;2020;13;13.165611772088068;0;26;-0.3575526838381297;5.266244708835227;2.5;5
497;2021;10;13.165611772088068;0;23;-0.3575526838381297;5.266244708835227;2.5;5
497;2022;8;13.165611772088068;0;21;-0.3575526838381297;5.266244708835227;2.5;5
497;2023;5;13.165611772088068;0;19;-0.3575526838381297;5.266244708835227;2.5;5
497;2024;3;13.165611772088068;0;16;-0.3575526838381297;5.266244708835227;2.5;5
498;2019;4;5.322906474223762;0;10;0.1956151991089879;2.129162589689505;2.5;5
498;2020;4;5.322906474223762;0;10;0.1956151991089879;2.129162589689505;2.5;5
498;2021;4;5.322906474223762;0;9;0.1956151991089879;2.129162589689505;2.5;5
498;2022;4;5.322906474223762;0;9;0.1956151991089879;2.129162589689505;2.5;5
498;2023;4;5.322906474223762;0;9;0.1956151991089879;2.129162589689505;2.5;5
498;2024;3;5.322906474223762;0;9;0.1956151991089879;2.129162589689505;2.5;5
499;2019;4;2.065591117977186;2;6;0.9861168645694255;2.065591117977186;1.0;5
499;2020;3;2.065591117977186;1;5;0.9861168645694255;2.065591117977186;1.0;5
499;2021;1;2.065591117977186;0;3;0.9861168645694255;2.065591117977186;1.0;5
499;2022;0;2.065591117977186;0;2;0.9861168645694255;2.065591117977186;1.0;5
499;2023;0;2.065591117977186;0;1;0.9861168645694255;2.065591117977186;1.0;5
499;2024;0;2.065591117977186;0;0;0.9861168645694255;2.065591117977186;1.0;5
